2026-05-27 18:22:06 [ChainSaver] 버퍼 엔트리=0 | price_ticks=0 greeks_ticks=0 snap_ticks=0 | 이론가 커버리지=N/A
2026-05-27 18:22:06 [ChainSaver] DB 최근5분 rows=0 | IV커버=N/A    이론가커버=N/A | stream=0 snap=0 | 최근저장=없음
2026-05-27 18:22:37 [ChainSaver] 버퍼 엔트리=0 | price_ticks=0 greeks_ticks=0 snap_ticks=0 | 이론가 커버리지=N/A
2026-05-27 18:22:37 [ChainSaver] DB 최근5분 rows=0 | IV커버=N/A    이론가커버=N/A | stream=0 snap=0 | 최근저장=없음
2026-05-27 18:23:07 [ChainSaver] 버퍼 엔트리=0 | price_ticks=0 greeks_ticks=0 snap_ticks=0 | 이론가 커버리지=N/A
2026-05-27 18:23:07 [ChainSaver] DB 최근5분 rows=0 | IV커버=N/A    이론가커버=N/A | stream=0 snap=0 | 최근저장=없음
2026-05-27 18:23:37 [ChainSaver] 버퍼 엔트리=0 | price_ticks=0 greeks_ticks=0 snap_ticks=0 | 이론가 커버리지=N/A
2026-05-27 18:23:37 [ChainSaver] DB 최근5분 rows=0 | IV커버=N/A    이론가커버=N/A | stream=0 snap=0 | 최근저장=없음
2026-05-27 18:24:07 [ChainSaver] 버퍼 엔트리=0 | price_ticks=0 greeks_ticks=0 snap_ticks=0 | 이론가 커버리지=N/A
2026-05-27 18:24:07 [ChainSaver] DB 최근5분 rows=0 | IV커버=N/A    이론가커버=N/A | stream=0 snap=0 | 최근저장=없음
2026-05-27 18:24:36 [ChainSaver] 버퍼 엔트리=0 | price_ticks=0 greeks_ticks=0 snap_ticks=0 | 이론가 커버리지=N/A
2026-05-27 18:24:36 [ChainSaver] DB 최근5분 rows=0 | IV커버=N/A    이론가커버=N/A | stream=0 snap=0 | 최근저장=없음
2026-05-27 18:25:06 [ChainSaver] 버퍼 엔트리=0 | price_ticks=0 greeks_ticks=0 snap_ticks=0 | 이론가 커버리지=N/A
2026-05-27 18:25:06 [ChainSaver] DB 최근5분 rows=0 | IV커버=N/A    이론가커버=N/A | stream=0 snap=0 | 최근저장=없음
2026-05-27 18:25:36 [ChainSaver] 버퍼 엔트리=0 | price_ticks=0 greeks_ticks=0 snap_ticks=0 | 이론가 커버리지=N/A
2026-05-27 18:25:36 [ChainSaver] DB 최근5분 rows=0 | IV커버=N/A    이론가커버=N/A | stream=0 snap=0 | 최근저장=없음
2026-05-27 18:26:06 [ChainSaver] 버퍼 엔트리=0 | price_ticks=0 greeks_ticks=0 snap_ticks=0 | 이론가 커버리지=N/A
2026-05-27 18:26:06 [ChainSaver] DB 최근5분 rows=0 | IV커버=N/A    이론가커버=N/A | stream=0 snap=0 | 최근저장=없음
2026-05-27 18:26:36 [ChainSaver] 버퍼 엔트리=0 | price_ticks=0 greeks_ticks=0 snap_ticks=0 | 이론가 커버리지=N/A
2026-05-27 18:26:36 [ChainSaver] DB 최근5분 rows=0 | IV커버=N/A    이론가커버=N/A | stream=0 snap=0 | 최근저장=없음
2026-05-27 18:27:06 [ChainSaver] 버퍼 엔트리=0 | price_ticks=0 greeks_ticks=0 snap_ticks=0 | 이론가 커버리지=N/A
2026-05-27 18:27:06 [ChainSaver] DB 최근5분 rows=0 | IV커버=N/A    이론가커버=N/A | stream=0 snap=0 | 최근저장=없음
2026-05-27 18:27:36 [ChainSaver] 버퍼 엔트리=0 | price_ticks=0 greeks_ticks=0 snap_ticks=0 | 이론가 커버리지=N/A
2026-05-27 18:27:36 [ChainSaver] DB 최근5분 rows=0 | IV커버=N/A    이론가커버=N/A | stream=0 snap=0 | 최근저장=없음
2026-05-27 18:28:06 [ChainSaver] 버퍼 엔트리=0 | price_ticks=0 greeks_ticks=0 snap_ticks=0 | 이론가 커버리지=N/A
2026-05-27 18:28:06 [ChainSaver] DB 최근5분 rows=0 | IV커버=N/A    이론가커버=N/A | stream=0 snap=0 | 최근저장=없음
2026-05-27 18:28:36 [ChainSaver] 버퍼 엔트리=0 | price_ticks=0 greeks_ticks=0 snap_ticks=0 | 이론가 커버리지=N/A
2026-05-27 18:28:36 [ChainSaver] DB 최근5분 rows=0 | IV커버=N/A    이론가커버=N/A | stream=0 snap=0 | 최근저장=없음
2026-05-27 18:29:06 [ChainSaver] 버퍼 엔트리=0 | price_ticks=0 greeks_ticks=0 snap_ticks=0 | 이론가 커버리지=N/A
2026-05-27 18:29:06 [ChainSaver] DB 최근5분 rows=0 | IV커버=N/A    이론가커버=N/A | stream=0 snap=0 | 최근저장=없음
2026-05-27 18:29:36 [ChainSaver] 버퍼 엔트리=0 | price_ticks=0 greeks_ticks=0 snap_ticks=0 | 이론가 커버리지=N/A
2026-05-27 18:29:36 [ChainSaver] DB 최근5분 rows=0 | IV커버=N/A    이론가커버=N/A | stream=0 snap=0 | 최근저장=없음
2026-05-27 18:30:06 [ChainSaver] 버퍼 엔트리=0 | price_ticks=0 greeks_ticks=0 snap_ticks=0 | 이론가 커버리지=N/A
2026-05-27 18:30:06 [ChainSaver] DB 최근5분 rows=0 | IV커버=N/A    이론가커버=N/A | stream=0 snap=0 | 최근저장=없음
2026-05-27 18:30:36 [ChainSaver] 버퍼 엔트리=0 | price_ticks=0 greeks_ticks=0 snap_ticks=0 | 이론가 커버리지=N/A
2026-05-27 18:30:36 [ChainSaver] DB 최근5분 rows=0 | IV커버=N/A    이론가커버=N/A | stream=0 snap=0 | 최근저장=없음
2026-05-27 18:31:06 [ChainSaver] 버퍼 엔트리=0 | price_ticks=0 greeks_ticks=0 snap_ticks=0 | 이론가 커버리지=N/A
2026-05-27 18:31:06 [ChainSaver] DB 최근5분 rows=0 | IV커버=N/A    이론가커버=N/A | stream=0 snap=0 | 최근저장=없음
2026-05-27 18:31:36 [ChainSaver] 버퍼 엔트리=0 | price_ticks=0 greeks_ticks=0 snap_ticks=0 | 이론가 커버리지=N/A
2026-05-27 18:31:36 [ChainSaver] DB 최근5분 rows=0 | IV커버=N/A    이론가커버=N/A | stream=0 snap=0 | 최근저장=없음
2026-05-27 18:32:06 [ChainSaver] 버퍼 엔트리=0 | price_ticks=0 greeks_ticks=0 snap_ticks=0 | 이론가 커버리지=N/A
2026-05-27 18:32:06 [ChainSaver] DB 최근5분 rows=0 | IV커버=N/A    이론가커버=N/A | stream=0 snap=0 | 최근저장=없음
2026-05-27 18:32:36 [ChainSaver] 버퍼 엔트리=0 | price_ticks=0 greeks_ticks=0 snap_ticks=0 | 이론가 커버리지=N/A
2026-05-27 18:32:36 [ChainSaver] DB 최근5분 rows=0 | IV커버=N/A    이론가커버=N/A | stream=0 snap=0 | 최근저장=없음
2026-05-27 18:33:06 [ChainSaver] 버퍼 엔트리=0 | price_ticks=0 greeks_ticks=0 snap_ticks=0 | 이론가 커버리지=N/A
2026-05-27 18:33:06 [ChainSaver] DB 최근5분 rows=0 | IV커버=N/A    이론가커버=N/A | stream=0 snap=0 | 최근저장=없음
2026-05-27 18:33:36 [ChainSaver] 버퍼 엔트리=0 | price_ticks=0 greeks_ticks=0 snap_ticks=0 | 이론가 커버리지=N/A
2026-05-27 18:33:36 [ChainSaver] DB 최근5분 rows=0 | IV커버=N/A    이론가커버=N/A | stream=0 snap=0 | 최근저장=없음
2026-05-27 18:34:06 [ChainSaver] 버퍼 엔트리=0 | price_ticks=0 greeks_ticks=0 snap_ticks=0 | 이론가 커버리지=N/A
2026-05-27 18:34:06 [ChainSaver] DB 최근5분 rows=0 | IV커버=N/A    이론가커버=N/A | stream=0 snap=0 | 최근저장=없음
2026-05-27 18:34:36 [ChainSaver] 버퍼 엔트리=0 | price_ticks=0 greeks_ticks=0 snap_ticks=0 | 이론가 커버리지=N/A
2026-05-27 18:34:36 [ChainSaver] DB 최근5분 rows=0 | IV커버=N/A    이론가커버=N/A | stream=0 snap=0 | 최근저장=없음
2026-05-27 18:35:06 [ChainSaver] 버퍼 엔트리=0 | price_ticks=0 greeks_ticks=0 snap_ticks=0 | 이론가 커버리지=N/A
2026-05-27 18:35:06 [ChainSaver] DB 최근5분 rows=0 | IV커버=N/A    이론가커버=N/A | stream=0 snap=0 | 최근저장=없음
2026-05-27 18:35:36 [ChainSaver] 버퍼 엔트리=0 | price_ticks=0 greeks_ticks=0 snap_ticks=0 | 이론가 커버리지=N/A
2026-05-27 18:35:36 [ChainSaver] DB 최근5분 rows=0 | IV커버=N/A    이론가커버=N/A | stream=0 snap=0 | 최근저장=없음
2026-05-27 18:36:06 [ChainSaver] 버퍼 엔트리=0 | price_ticks=0 greeks_ticks=0 snap_ticks=0 | 이론가 커버리지=N/A
2026-05-27 18:36:06 [ChainSaver] DB 최근5분 rows=0 | IV커버=N/A    이론가커버=N/A | stream=0 snap=0 | 최근저장=없음
2026-05-27 18:36:36 [ChainSaver] 버퍼 엔트리=0 | price_ticks=0 greeks_ticks=0 snap_ticks=0 | 이론가 커버리지=N/A
2026-05-27 18:36:36 [ChainSaver] DB 최근5분 rows=0 | IV커버=N/A    이론가커버=N/A | stream=0 snap=0 | 최근저장=없음
2026-05-27 18:37:06 [ChainSaver] 버퍼 엔트리=0 | price_ticks=0 greeks_ticks=0 snap_ticks=0 | 이론가 커버리지=N/A
2026-05-27 18:37:06 [ChainSaver] DB 최근5분 rows=0 | IV커버=N/A    이론가커버=N/A | stream=0 snap=0 | 최근저장=없음
2026-05-27 18:37:36 [ChainSaver] 버퍼 엔트리=0 | price_ticks=0 greeks_ticks=0 snap_ticks=0 | 이론가 커버리지=N/A
2026-05-27 18:37:36 [ChainSaver] DB 최근5분 rows=0 | IV커버=N/A    이론가커버=N/A | stream=0 snap=0 | 최근저장=없음
2026-05-27 18:38:06 [ChainSaver] 버퍼 엔트리=0 | price_ticks=0 greeks_ticks=0 snap_ticks=0 | 이론가 커버리지=N/A
2026-05-27 18:38:06 [ChainSaver] DB 최근5분 rows=0 | IV커버=N/A    이론가커버=N/A | stream=0 snap=0 | 최근저장=없음
2026-05-27 18:38:36 [ChainSaver] 버퍼 엔트리=0 | price_ticks=0 greeks_ticks=0 snap_ticks=0 | 이론가 커버리지=N/A
2026-05-27 18:38:36 [ChainSaver] DB 최근5분 rows=0 | IV커버=N/A    이론가커버=N/A | stream=0 snap=0 | 최근저장=없음
2026-05-27 18:39:06 [ChainSaver] 버퍼 엔트리=0 | price_ticks=0 greeks_ticks=0 snap_ticks=0 | 이론가 커버리지=N/A
2026-05-27 18:39:06 [ChainSaver] DB 최근5분 rows=0 | IV커버=N/A    이론가커버=N/A | stream=0 snap=0 | 최근저장=없음
2026-05-27 18:39:36 [ChainSaver] 버퍼 엔트리=0 | price_ticks=0 greeks_ticks=0 snap_ticks=0 | 이론가 커버리지=N/A
2026-05-27 18:39:36 [ChainSaver] DB 최근5분 rows=0 | IV커버=N/A    이론가커버=N/A | stream=0 snap=0 | 최근저장=없음
2026-05-27 18:40:06 [ChainSaver] 버퍼 엔트리=0 | price_ticks=0 greeks_ticks=0 snap_ticks=0 | 이론가 커버리지=N/A
2026-05-27 18:40:06 [ChainSaver] DB 최근5분 rows=0 | IV커버=N/A    이론가커버=N/A | stream=0 snap=0 | 최근저장=없음
2026-05-27 18:40:36 [ChainSaver] 버퍼 엔트리=0 | price_ticks=0 greeks_ticks=0 snap_ticks=0 | 이론가 커버리지=N/A
2026-05-27 18:40:36 [ChainSaver] DB 최근5분 rows=0 | IV커버=N/A    이론가커버=N/A | stream=0 snap=0 | 최근저장=없음
2026-05-27 18:41:06 [ChainSaver] 버퍼 엔트리=0 | price_ticks=0 greeks_ticks=0 snap_ticks=0 | 이론가 커버리지=N/A
2026-05-27 18:41:06 [ChainSaver] DB 최근5분 rows=0 | IV커버=N/A    이론가커버=N/A | stream=0 snap=0 | 최근저장=없음
2026-05-27 18:41:36 [ChainSaver] 버퍼 엔트리=0 | price_ticks=0 greeks_ticks=0 snap_ticks=0 | 이론가 커버리지=N/A
2026-05-27 18:41:36 [ChainSaver] DB 최근5분 rows=0 | IV커버=N/A    이론가커버=N/A | stream=0 snap=0 | 최근저장=없음
2026-05-27 18:42:06 [ChainSaver] 버퍼 엔트리=0 | price_ticks=0 greeks_ticks=0 snap_ticks=0 | 이론가 커버리지=N/A
2026-05-27 18:42:06 [ChainSaver] DB 최근5분 rows=0 | IV커버=N/A    이론가커버=N/A | stream=0 snap=0 | 최근저장=없음
2026-05-27 18:42:36 [ChainSaver] 버퍼 엔트리=0 | price_ticks=0 greeks_ticks=0 snap_ticks=0 | 이론가 커버리지=N/A
2026-05-27 18:42:36 [ChainSaver] DB 최근5분 rows=0 | IV커버=N/A    이론가커버=N/A | stream=0 snap=0 | 최근저장=없음
2026-05-27 18:43:06 [ChainSaver] 버퍼 엔트리=0 | price_ticks=0 greeks_ticks=0 snap_ticks=0 | 이론가 커버리지=N/A
2026-05-27 18:43:06 [ChainSaver] DB 최근5분 rows=0 | IV커버=N/A    이론가커버=N/A | stream=0 snap=0 | 최근저장=없음
2026-05-27 18:43:36 [ChainSaver] 버퍼 엔트리=0 | price_ticks=0 greeks_ticks=0 snap_ticks=0 | 이론가 커버리지=N/A
2026-05-27 18:43:36 [ChainSaver] DB 최근5분 rows=0 | IV커버=N/A    이론가커버=N/A | stream=0 snap=0 | 최근저장=없음
2026-05-27 18:44:06 [ChainSaver] 버퍼 엔트리=0 | price_ticks=0 greeks_ticks=0 snap_ticks=0 | 이론가 커버리지=N/A
2026-05-27 18:44:06 [ChainSaver] DB 최근5분 rows=0 | IV커버=N/A    이론가커버=N/A | stream=0 snap=0 | 최근저장=없음
2026-05-27 18:44:36 [ChainSaver] 버퍼 엔트리=0 | price_ticks=0 greeks_ticks=0 snap_ticks=0 | 이론가 커버리지=N/A
2026-05-27 18:44:36 [ChainSaver] DB 최근5분 rows=0 | IV커버=N/A    이론가커버=N/A | stream=0 snap=0 | 최근저장=없음
2026-05-27 18:45:06 [ChainSaver] 버퍼 엔트리=0 | price_ticks=0 greeks_ticks=0 snap_ticks=0 | 이론가 커버리지=N/A
2026-05-27 18:45:06 [ChainSaver] DB 최근5분 rows=0 | IV커버=N/A    이론가커버=N/A | stream=0 snap=0 | 최근저장=없음
2026-05-27 18:45:36 [ChainSaver] 버퍼 엔트리=0 | price_ticks=0 greeks_ticks=0 snap_ticks=0 | 이론가 커버리지=N/A
2026-05-27 18:45:36 [ChainSaver] DB 최근5분 rows=0 | IV커버=N/A    이론가커버=N/A | stream=0 snap=0 | 최근저장=없음
2026-05-27 18:46:06 [ChainSaver] 버퍼 엔트리=0 | price_ticks=0 greeks_ticks=0 snap_ticks=0 | 이론가 커버리지=N/A
2026-05-27 18:46:06 [ChainSaver] DB 최근5분 rows=0 | IV커버=N/A    이론가커버=N/A | stream=0 snap=0 | 최근저장=없음
2026-05-27 18:46:36 [ChainSaver] 버퍼 엔트리=0 | price_ticks=0 greeks_ticks=0 snap_ticks=0 | 이론가 커버리지=N/A
2026-05-27 18:46:36 [ChainSaver] DB 최근5분 rows=0 | IV커버=N/A    이론가커버=N/A | stream=0 snap=0 | 최근저장=없음
2026-05-27 18:47:06 [ChainSaver] 버퍼 엔트리=0 | price_ticks=0 greeks_ticks=0 snap_ticks=0 | 이론가 커버리지=N/A
2026-05-27 18:47:06 [ChainSaver] DB 최근5분 rows=0 | IV커버=N/A    이론가커버=N/A | stream=0 snap=0 | 최근저장=없음
2026-05-27 18:47:36 [ChainSaver] 버퍼 엔트리=0 | price_ticks=0 greeks_ticks=0 snap_ticks=0 | 이론가 커버리지=N/A
2026-05-27 18:47:36 [ChainSaver] DB 최근5분 rows=0 | IV커버=N/A    이론가커버=N/A | stream=0 snap=0 | 최근저장=없음
2026-05-27 18:48:06 [ChainSaver] 버퍼 엔트리=0 | price_ticks=0 greeks_ticks=0 snap_ticks=0 | 이론가 커버리지=N/A
2026-05-27 18:48:06 [ChainSaver] DB 최근5분 rows=0 | IV커버=N/A    이론가커버=N/A | stream=0 snap=0 | 최근저장=없음
2026-05-27 18:48:36 [ChainSaver] 버퍼 엔트리=0 | price_ticks=0 greeks_ticks=0 snap_ticks=0 | 이론가 커버리지=N/A
2026-05-27 18:48:36 [ChainSaver] DB 최근5분 rows=0 | IV커버=N/A    이론가커버=N/A | stream=0 snap=0 | 최근저장=없음
2026-05-27 18:49:06 [ChainSaver] 버퍼 엔트리=0 | price_ticks=0 greeks_ticks=0 snap_ticks=0 | 이론가 커버리지=N/A
2026-05-27 18:49:06 [ChainSaver] DB 최근5분 rows=0 | IV커버=N/A    이론가커버=N/A | stream=0 snap=0 | 최근저장=없음
2026-05-27 18:49:36 [ChainSaver] 버퍼 엔트리=0 | price_ticks=0 greeks_ticks=0 snap_ticks=0 | 이론가 커버리지=N/A
2026-05-27 18:49:36 [ChainSaver] DB 최근5분 rows=0 | IV커버=N/A    이론가커버=N/A | stream=0 snap=0 | 최근저장=없음
2026-05-27 18:50:06 [ChainSaver] 버퍼 엔트리=0 | price_ticks=0 greeks_ticks=0 snap_ticks=0 | 이론가 커버리지=N/A
2026-05-27 18:50:06 [ChainSaver] DB 최근5분 rows=0 | IV커버=N/A    이론가커버=N/A | stream=0 snap=0 | 최근저장=없음
2026-05-27 18:50:36 [ChainSaver] 버퍼 엔트리=0 | price_ticks=0 greeks_ticks=0 snap_ticks=0 | 이론가 커버리지=N/A
2026-05-27 18:50:36 [ChainSaver] DB 최근5분 rows=0 | IV커버=N/A    이론가커버=N/A | stream=0 snap=0 | 최근저장=없음
2026-05-27 18:51:06 [ChainSaver] 버퍼 엔트리=0 | price_ticks=0 greeks_ticks=0 snap_ticks=0 | 이론가 커버리지=N/A
2026-05-27 18:51:06 [ChainSaver] DB 최근5분 rows=0 | IV커버=N/A    이론가커버=N/A | stream=0 snap=0 | 최근저장=없음
2026-05-27 18:51:36 [ChainSaver] 버퍼 엔트리=0 | price_ticks=0 greeks_ticks=0 snap_ticks=0 | 이론가 커버리지=N/A
2026-05-27 18:51:36 [ChainSaver] DB 최근5분 rows=0 | IV커버=N/A    이론가커버=N/A | stream=0 snap=0 | 최근저장=없음
2026-05-27 18:52:06 [ChainSaver] 버퍼 엔트리=0 | price_ticks=0 greeks_ticks=0 snap_ticks=0 | 이론가 커버리지=N/A
2026-05-27 18:52:07 [ChainSaver] DB 최근5분 rows=0 | IV커버=N/A    이론가커버=N/A | stream=0 snap=0 | 최근저장=없음
2026-05-27 18:52:36 [ChainSaver] 버퍼 엔트리=0 | price_ticks=0 greeks_ticks=0 snap_ticks=0 | 이론가 커버리지=N/A
2026-05-27 18:52:36 [ChainSaver] DB 최근5분 rows=0 | IV커버=N/A    이론가커버=N/A | stream=0 snap=0 | 최근저장=없음
2026-05-27 18:53:06 [ChainSaver] 버퍼 엔트리=0 | price_ticks=0 greeks_ticks=0 snap_ticks=0 | 이론가 커버리지=N/A
2026-05-27 18:53:06 [ChainSaver] DB 최근5분 rows=0 | IV커버=N/A    이론가커버=N/A | stream=0 snap=0 | 최근저장=없음
2026-05-27 18:53:36 [ChainSaver] 버퍼 엔트리=0 | price_ticks=0 greeks_ticks=0 snap_ticks=0 | 이론가 커버리지=N/A
2026-05-27 18:53:36 [ChainSaver] DB 최근5분 rows=0 | IV커버=N/A    이론가커버=N/A | stream=0 snap=0 | 최근저장=없음
2026-05-27 18:54:06 [ChainSaver] 버퍼 엔트리=0 | price_ticks=0 greeks_ticks=0 snap_ticks=0 | 이론가 커버리지=N/A
2026-05-27 18:54:06 [ChainSaver] DB 최근5분 rows=0 | IV커버=N/A    이론가커버=N/A | stream=0 snap=0 | 최근저장=없음
2026-05-27 18:54:36 [ChainSaver] 버퍼 엔트리=0 | price_ticks=0 greeks_ticks=0 snap_ticks=0 | 이론가 커버리지=N/A
2026-05-27 18:54:36 [ChainSaver] DB 최근5분 rows=0 | IV커버=N/A    이론가커버=N/A | stream=0 snap=0 | 최근저장=없음
2026-05-27 18:55:06 [ChainSaver] 버퍼 엔트리=0 | price_ticks=0 greeks_ticks=0 snap_ticks=0 | 이론가 커버리지=N/A
2026-05-27 18:55:06 [ChainSaver] DB 최근5분 rows=0 | IV커버=N/A    이론가커버=N/A | stream=0 snap=0 | 최근저장=없음
2026-05-27 18:55:36 [ChainSaver] 버퍼 엔트리=0 | price_ticks=0 greeks_ticks=0 snap_ticks=0 | 이론가 커버리지=N/A
2026-05-27 18:55:36 [ChainSaver] DB 최근5분 rows=0 | IV커버=N/A    이론가커버=N/A | stream=0 snap=0 | 최근저장=없음
2026-05-27 18:56:06 [ChainSaver] 버퍼 엔트리=0 | price_ticks=0 greeks_ticks=0 snap_ticks=0 | 이론가 커버리지=N/A
2026-05-27 18:56:06 [ChainSaver] DB 최근5분 rows=0 | IV커버=N/A    이론가커버=N/A | stream=0 snap=0 | 최근저장=없음
2026-05-28 01:42:14 [ChainSaver] 버퍼 엔트리=56 | price_ticks=627 greeks_ticks=1003 snap_ticks=630 | 이론가 커버리지=100.0%
2026-05-28 01:42:14 [ChainSaver] DB 최근5분 rows=109 | IV커버=82.6%  이론가커버=82.6% | stream=82 snap=27 | 최근저장=2026-05-27 12:42:08
2026-05-28 01:42:44 [ChainSaver] 버퍼 엔트리=56 | price_ticks=1546 greeks_ticks=3236 snap_ticks=1844 | 이론가 커버리지=100.0%
2026-05-28 01:42:44 [ChainSaver] DB 최근5분 rows=445 | IV커버=95.7%  이론가커버=95.7% | stream=334 snap=111 | 최근저장=2026-05-27 12:42:38
2026-05-28 01:43:14 [ChainSaver] 버퍼 엔트리=120 | price_ticks=2628 greeks_ticks=5713 snap_ticks=4056 | 이론가 커버리지=100.0%
2026-05-28 01:43:14 [ChainSaver] DB 최근5분 rows=1099 | IV커버=98.1%  이론가커버=98.1% | stream=586 snap=513 | 최근저장=2026-05-27 12:43:08
2026-05-28 01:43:44 [ChainSaver] 버퍼 엔트리=120 | price_ticks=3288 greeks_ticks=7807 snap_ticks=5178 | 이론가 커버리지=100.0%
2026-05-28 01:43:44 [ChainSaver] DB 최근5분 rows=1819 | IV커버=98.8%  이론가커버=98.8% | stream=838 snap=981 | 최근저장=2026-05-27 12:43:38
2026-05-28 01:44:14 [ChainSaver] 버퍼 엔트리=184 | price_ticks=4198 greeks_ticks=10022 snap_ticks=7698 | 이론가 커버리지=100.0%
2026-05-28 01:44:14 [ChainSaver] DB 최근5분 rows=2859 | IV커버=99.0%  이론가커버=99.0% | stream=1090 snap=1769 | 최근저장=2026-05-27 12:44:08
2026-05-28 01:44:44 [ChainSaver] 버퍼 엔트리=184 | price_ticks=5166 greeks_ticks=12502 snap_ticks=9044 | 이론가 커버리지=100.0%
2026-05-28 01:44:44 [ChainSaver] DB 최근5분 rows=3963 | IV커버=99.3%  이론가커버=99.3% | stream=1342 snap=2621 | 최근저장=2026-05-27 12:44:38
2026-05-28 01:45:14 [ChainSaver] 버퍼 엔트리=184 | price_ticks=6357 greeks_ticks=14880 snap_ticks=11202 | 이론가 커버리지=100.0%
2026-05-28 01:45:14 [ChainSaver] DB 최근5분 rows=5067 | IV커버=99.4%  이론가커버=99.4% | stream=1595 snap=3472 | 최근저장=2026-05-27 12:45:08
2026-05-28 01:45:44 [ChainSaver] 버퍼 엔트리=184 | price_ticks=7151 greeks_ticks=17256 snap_ticks=12496 | 이론가 커버리지=100.0%
2026-05-28 01:45:44 [ChainSaver] DB 최근5분 rows=6171 | IV커버=99.5%  이론가커버=99.5% | stream=1847 snap=4324 | 최근저장=2026-05-27 12:45:38
2026-05-28 01:46:14 [ChainSaver] 버퍼 엔트리=184 | price_ticks=8381 greeks_ticks=19735 snap_ticks=15162 | 이론가 커버리지=100.0%
2026-05-28 01:46:14 [ChainSaver] DB 최근5분 rows=7275 | IV커버=99.6%  이론가커버=99.6% | stream=2099 snap=5176 | 최근저장=2026-05-27 12:46:08
2026-05-28 01:46:44 [ChainSaver] 버퍼 엔트리=184 | price_ticks=9284 greeks_ticks=22137 snap_ticks=16456 | 이론가 커버리지=100.0%
2026-05-28 01:46:44 [ChainSaver] DB 최근5분 rows=8379 | IV커버=99.7%  이론가커버=99.7% | stream=2352 snap=6027 | 최근저장=2026-05-27 12:46:38
2026-05-28 01:47:14 [ChainSaver] 버퍼 엔트리=184 | price_ticks=10054 greeks_ticks=24550 snap_ticks=18642 | 이론가 커버리지=100.0%
2026-05-28 01:47:14 [ChainSaver] DB 최근5분 rows=9318 | IV커버=99.9%  이론가커버=99.9% | stream=2480 snap=6838 | 최근저장=2026-05-27 12:47:08
2026-05-28 01:47:44 [ChainSaver] 버퍼 엔트리=184 | price_ticks=10759 greeks_ticks=26978 snap_ticks=19962 | 이론가 커버리지=100.0%
2026-05-28 01:47:44 [ChainSaver] DB 최근5분 rows=10086 | IV커버=99.9%  이론가커버=99.9% | stream=2480 snap=7606 | 최근저장=2026-05-27 12:47:38
2026-05-28 01:48:14 [ChainSaver] 버퍼 엔트리=184 | price_ticks=11883 greeks_ticks=29239 snap_ticks=22514 | 이론가 커버리지=100.0%
2026-05-28 01:48:14 [ChainSaver] DB 최근5분 rows=10472 | IV커버=99.9%  이론가커버=99.9% | stream=2480 snap=7992 | 최근저장=2026-05-27 12:48:08
2026-05-28 01:48:44 [ChainSaver] 버퍼 엔트리=184 | price_ticks=13155 greeks_ticks=31627 snap_ticks=23804 | 이론가 커버리지=100.0%
2026-05-28 01:48:45 [ChainSaver] DB 최근5분 rows=10856 | IV커버=99.9%  이론가커버=99.9% | stream=2480 snap=8376 | 최근저장=2026-05-27 12:48:38
2026-05-28 01:49:14 [ChainSaver] 버퍼 엔트리=184 | price_ticks=14124 greeks_ticks=34002 snap_ticks=25950 | 이론가 커버리지=100.0%
2026-05-28 01:49:14 [ChainSaver] DB 최근5분 rows=10856 | IV커버=100.0% 이론가커버=100.0% | stream=2480 snap=8376 | 최근저장=2026-05-27 12:49:08
2026-05-28 01:49:44 [ChainSaver] 버퍼 엔트리=184 | price_ticks=14758 greeks_ticks=36482 snap_ticks=27294 | 이론가 커버리지=100.0%
2026-05-28 01:49:45 [ChainSaver] DB 최근5분 rows=10856 | IV커버=100.0% 이론가커버=100.0% | stream=2480 snap=8376 | 최근저장=2026-05-27 12:49:38
2026-05-28 01:50:14 [ChainSaver] 버퍼 엔트리=184 | price_ticks=15762 greeks_ticks=38850 snap_ticks=29905 | 이론가 커버리지=100.0%
2026-05-28 01:50:14 [ChainSaver] DB 최근5분 rows=10856 | IV커버=100.0% 이론가커버=100.0% | stream=2480 snap=8376 | 최근저장=2026-05-27 12:50:08
2026-05-28 01:50:44 [ChainSaver] 버퍼 엔트리=184 | price_ticks=16723 greeks_ticks=41280 snap_ticks=31225 | 이론가 커버리지=100.0%
2026-05-28 01:50:44 [ChainSaver] DB 최근5분 rows=10856 | IV커버=100.0% 이론가커버=100.0% | stream=2480 snap=8376 | 최근저장=2026-05-27 12:50:38
2026-05-28 01:51:14 [ChainSaver] 버퍼 엔트리=186 | price_ticks=17677 greeks_ticks=43546 snap_ticks=33329 | 이론가 커버리지=100.0%
2026-05-28 01:51:15 [ChainSaver] DB 최근5분 rows=10866 | IV커버=100.0% 이론가커버=100.0% | stream=2480 snap=8386 | 최근저장=2026-05-27 12:51:08
2026-05-28 01:51:44 [ChainSaver] 버퍼 엔트리=186 | price_ticks=18597 greeks_ticks=45709 snap_ticks=34479 | 이론가 커버리지=100.0%
2026-05-28 01:51:44 [ChainSaver] DB 최근5분 rows=10878 | IV커버=100.0% 이론가커버=100.0% | stream=2479 snap=8399 | 최근저장=2026-05-27 12:51:38
2026-05-28 01:52:14 [ChainSaver] 버퍼 엔트리=186 | price_ticks=19319 greeks_ticks=47924 snap_ticks=36999 | 이론가 커버리지=100.0%
2026-05-28 01:52:14 [ChainSaver] DB 최근5분 rows=10890 | IV커버=100.0% 이론가커버=100.0% | stream=2479 snap=8411 | 최근저장=2026-05-27 12:52:08
2026-05-28 01:52:44 [ChainSaver] 버퍼 엔트리=186 | price_ticks=20611 greeks_ticks=50334 snap_ticks=38291 | 이론가 커버리지=100.0%
2026-05-28 01:52:45 [ChainSaver] DB 최근5분 rows=10902 | IV커버=100.0% 이론가커버=100.0% | stream=2479 snap=8423 | 최근저장=2026-05-27 12:52:38
2026-05-28 01:53:14 [ChainSaver] 버퍼 엔트리=186 | price_ticks=21697 greeks_ticks=52798 snap_ticks=40499 | 이론가 커버리지=100.0%
2026-05-28 01:53:15 [ChainSaver] DB 최근5분 rows=10914 | IV커버=100.0% 이론가커버=100.0% | stream=2479 snap=8435 | 최근저장=2026-05-27 12:53:08
2026-05-28 01:53:44 [ChainSaver] 버퍼 엔트리=186 | price_ticks=22825 greeks_ticks=55188 snap_ticks=41793 | 이론가 커버리지=100.0%
2026-05-28 01:53:44 [ChainSaver] DB 최근5분 rows=10926 | IV커버=100.0% 이론가커버=100.0% | stream=2479 snap=8447 | 최근저장=2026-05-27 12:53:38
2026-05-28 01:54:14 [ChainSaver] 버퍼 엔트리=186 | price_ticks=23655 greeks_ticks=57478 snap_ticks=44341 | 이론가 커버리지=100.0%
2026-05-28 01:54:14 [ChainSaver] DB 최근5분 rows=10938 | IV커버=100.0% 이론가커버=100.0% | stream=2479 snap=8459 | 최근저장=2026-05-27 12:54:08
2026-05-28 01:54:44 [ChainSaver] 버퍼 엔트리=186 | price_ticks=24822 greeks_ticks=59916 snap_ticks=45657 | 이론가 커버리지=100.0%
2026-05-28 01:54:44 [ChainSaver] DB 최근5분 rows=10950 | IV커버=100.0% 이론가커버=100.0% | stream=2479 snap=8471 | 최근저장=2026-05-27 12:54:38
2026-05-28 01:55:14 [ChainSaver] 버퍼 엔트리=186 | price_ticks=25950 greeks_ticks=62133 snap_ticks=47729 | 이론가 커버리지=100.0%
2026-05-28 01:55:15 [ChainSaver] DB 최근5분 rows=10962 | IV커버=100.0% 이론가커버=100.0% | stream=2478 snap=8484 | 최근저장=2026-05-27 12:55:08
2026-05-28 01:55:44 [ChainSaver] 버퍼 엔트리=186 | price_ticks=26966 greeks_ticks=64564 snap_ticks=49045 | 이론가 커버리지=100.0%
2026-05-28 01:55:45 [ChainSaver] DB 최근5분 rows=10974 | IV커버=100.0% 이론가커버=100.0% | stream=2478 snap=8496 | 최근저장=2026-05-27 12:55:38
2026-05-28 01:56:14 [ChainSaver] 버퍼 엔트리=190 | price_ticks=27986 greeks_ticks=66796 snap_ticks=51579 | 이론가 커버리지=100.0%
2026-05-28 01:56:14 [ChainSaver] DB 최근5분 rows=10991 | IV커버=100.0% 이론가커버=100.0% | stream=2478 snap=8513 | 최근저장=2026-05-27 12:56:08
2026-05-28 01:56:44 [ChainSaver] 버퍼 엔트리=190 | price_ticks=29722 greeks_ticks=69322 snap_ticks=52931 | 이론가 커버리지=100.0%
2026-05-28 01:56:44 [ChainSaver] DB 최근5분 rows=11015 | IV커버=100.0% 이론가커버=100.0% | stream=2478 snap=8537 | 최근저장=2026-05-27 12:56:38
2026-05-28 01:57:14 [ChainSaver] 버퍼 엔트리=190 | price_ticks=31413 greeks_ticks=71560 snap_ticks=55017 | 이론가 커버리지=100.0%
2026-05-28 01:57:14 [ChainSaver] DB 최근5분 rows=11039 | IV커버=100.0% 이론가커버=100.0% | stream=2479 snap=8560 | 최근저장=2026-05-27 12:57:08
2026-05-28 01:57:44 [ChainSaver] 버퍼 엔트리=190 | price_ticks=32590 greeks_ticks=73981 snap_ticks=56375 | 이론가 커버리지=100.0%
2026-05-28 01:57:44 [ChainSaver] DB 최근5분 rows=11063 | IV커버=100.0% 이론가커버=100.0% | stream=2479 snap=8584 | 최근저장=2026-05-27 12:57:38
2026-05-28 01:58:14 [ChainSaver] 버퍼 엔트리=190 | price_ticks=33739 greeks_ticks=76270 snap_ticks=58927 | 이론가 커버리지=100.0%
2026-05-28 01:58:14 [ChainSaver] DB 최근5분 rows=11087 | IV커버=100.0% 이론가커버=100.0% | stream=2479 snap=8608 | 최근저장=2026-05-27 12:58:08
2026-05-28 01:58:44 [ChainSaver] 버퍼 엔트리=190 | price_ticks=34984 greeks_ticks=78404 snap_ticks=60059 | 이론가 커버리지=100.0%
2026-05-28 01:58:45 [ChainSaver] DB 최근5분 rows=11111 | IV커버=100.0% 이론가커버=100.0% | stream=2479 snap=8632 | 최근저장=2026-05-27 12:58:38
2026-05-28 01:59:14 [ChainSaver] 버퍼 엔트리=190 | price_ticks=36014 greeks_ticks=80822 snap_ticks=62303 | 이론가 커버리지=100.0%
2026-05-28 01:59:14 [ChainSaver] DB 최근5분 rows=11135 | IV커버=100.0% 이론가커버=100.0% | stream=2479 snap=8656 | 최근저장=2026-05-27 12:59:08
2026-05-28 01:59:44 [ChainSaver] 버퍼 엔트리=190 | price_ticks=36855 greeks_ticks=83102 snap_ticks=63567 | 이론가 커버리지=100.0%
2026-05-28 01:59:45 [ChainSaver] DB 최근5분 rows=11159 | IV커버=100.0% 이론가커버=100.0% | stream=2479 snap=8680 | 최근저장=2026-05-27 12:59:38
2026-05-28 02:00:14 [ChainSaver] 버퍼 엔트리=190 | price_ticks=38045 greeks_ticks=85525 snap_ticks=66273 | 이론가 커버리지=100.0%
2026-05-28 02:00:15 [ChainSaver] DB 최근5분 rows=11183 | IV커버=100.0% 이론가커버=100.0% | stream=2479 snap=8704 | 최근저장=2026-05-27 13:00:08
2026-05-28 02:01:07 [ChainSaver] 버퍼 엔트리=56 | price_ticks=438 greeks_ticks=1070 snap_ticks=582 | 이론가 커버리지=100.0%
2026-05-28 02:01:08 [ChainSaver] DB 최근5분 rows=10182 | IV커버=100.0% 이론가커버=100.0% | stream=2311 snap=7871 | 최근저장=2026-05-27 13:01:06
2026-05-28 02:01:37 [ChainSaver] 버퍼 엔트리=56 | price_ticks=1561 greeks_ticks=3342 snap_ticks=1786 | 이론가 커버리지=100.0%
2026-05-28 02:01:37 [ChainSaver] DB 최근5분 rows=9378 | IV커버=100.0% 이론가커버=100.0% | stream=2311 snap=7067 | 최근저장=2026-05-27 13:01:36
2026-05-28 02:02:07 [ChainSaver] 버퍼 엔트리=120 | price_ticks=3993 greeks_ticks=5760 snap_ticks=4000 | 이론가 커버리지=100.0%
2026-05-28 02:02:08 [ChainSaver] DB 최근5분 rows=8958 | IV커버=100.0% 이론가커버=100.0% | stream=2310 snap=6648 | 최근저장=2026-05-27 13:02:06
2026-05-28 02:02:37 [ChainSaver] 버퍼 엔트리=120 | price_ticks=5229 greeks_ticks=8179 snap_ticks=5310 | 이론가 커버리지=100.0%
2026-05-28 02:02:37 [ChainSaver] DB 최근5분 rows=8538 | IV커버=100.0% 이론가커버=100.0% | stream=2310 snap=6228 | 최근저장=2026-05-27 13:02:36
2026-05-28 02:03:07 [ChainSaver] 버퍼 엔트리=184 | price_ticks=6464 greeks_ticks=10624 snap_ticks=7970 | 이론가 커버리지=100.0%
2026-05-28 02:03:07 [ChainSaver] DB 최근5분 rows=8502 | IV커버=99.9%  이론가커버=99.9% | stream=2310 snap=6192 | 최근저장=2026-05-27 13:03:06
2026-05-28 02:03:37 [ChainSaver] 버퍼 엔트리=184 | price_ticks=7309 greeks_ticks=13033 snap_ticks=9260 | 이론가 커버리지=100.0%
2026-05-28 02:03:37 [ChainSaver] DB 최근5분 rows=8466 | IV커버=99.9%  이론가커버=99.9% | stream=2310 snap=6156 | 최근저장=2026-05-27 13:03:36
2026-05-28 02:04:07 [ChainSaver] 버퍼 엔트리=184 | price_ticks=8339 greeks_ticks=14972 snap_ticks=11194 | 이론가 커버리지=100.0%
2026-05-28 02:04:07 [ChainSaver] DB 최근5분 rows=8430 | IV커버=99.9%  이론가커버=99.9% | stream=2310 snap=6120 | 최근저장=2026-05-27 13:04:06
2026-05-28 02:04:37 [ChainSaver] 버퍼 엔트리=184 | price_ticks=9335 greeks_ticks=17065 snap_ticks=12292 | 이론가 커버리지=100.0%
2026-05-28 02:04:37 [ChainSaver] DB 최근5분 rows=8394 | IV커버=99.9%  이론가커버=99.9% | stream=2310 snap=6084 | 최근저장=2026-05-27 13:04:36
2026-05-28 02:05:07 [ChainSaver] 버퍼 엔트리=184 | price_ticks=10226 greeks_ticks=19548 snap_ticks=14980 | 이론가 커버리지=100.0%
2026-05-28 02:05:07 [ChainSaver] DB 최근5분 rows=8358 | IV커버=99.9%  이론가커버=99.9% | stream=2310 snap=6048 | 최근저장=2026-05-27 13:05:06
2026-05-28 02:05:37 [ChainSaver] 버퍼 엔트리=184 | price_ticks=11154 greeks_ticks=21912 snap_ticks=16246 | 이론가 커버리지=100.0%
2026-05-28 02:05:37 [ChainSaver] DB 최근5분 rows=8512 | IV커버=99.9%  이론가커버=99.9% | stream=2352 snap=6160 | 최근저장=2026-05-27 13:05:36
2026-05-28 02:06:07 [ChainSaver] 버퍼 엔트리=184 | price_ticks=12115 greeks_ticks=24215 snap_ticks=18374 | 이론가 커버리지=100.0%
2026-05-28 02:06:08 [ChainSaver] DB 최근5분 rows=9504 | IV커버=99.9%  이론가커버=99.9% | stream=2520 snap=6984 | 최근저장=2026-05-27 13:06:06
2026-05-28 02:07:08 [ChainSaver] 버퍼 엔트리=30 | price_ticks=945 greeks_ticks=755 snap_ticks=870 | 이론가 커버리지=100.0%
2026-05-28 02:07:08 [ChainSaver] DB 최근5분 rows=9244 | IV커버=100.0% 이론가커버=100.0% | stream=2216 snap=7028 | 최근저장=2026-05-27 13:07:02
2026-05-28 02:07:38 [ChainSaver] 버퍼 엔트리=30 | price_ticks=3358 greeks_ticks=1949 snap_ticks=2176 | 이론가 커버리지=100.0%
2026-05-28 02:07:38 [ChainSaver] DB 최근5분 rows=8704 | IV커버=100.0% 이론가커버=100.0% | stream=2060 snap=6644 | 최근저장=2026-05-27 13:07:32
2026-05-28 02:08:08 [ChainSaver] 버퍼 엔트리=94 | price_ticks=5358 greeks_ticks=3143 snap_ticks=4388 | 이론가 커버리지=100.0%
2026-05-28 02:08:08 [ChainSaver] DB 최근5분 rows=8100 | IV커버=100.0% 이론가커버=100.0% | stream=1905 snap=6195 | 최근저장=2026-05-27 13:08:02
2026-05-28 02:08:38 [ChainSaver] 버퍼 엔트리=94 | price_ticks=7955 greeks_ticks=4404 snap_ticks=5772 | 이론가 커버리지=100.0%
2026-05-28 02:08:38 [ChainSaver] DB 최근5분 rows=7560 | IV커버=100.0% 이론가커버=100.0% | stream=1750 snap=5810 | 최근저장=2026-05-27 13:08:32
2026-05-28 02:09:08 [ChainSaver] 버퍼 엔트리=158 | price_ticks=9702 greeks_ticks=5596 snap_ticks=8441 | 이론가 커버리지=100.0%
2026-05-28 02:09:08 [ChainSaver] DB 최근5분 rows=7340 | IV커버=100.0% 이론가커버=100.0% | stream=1595 snap=5745 | 최근저장=2026-05-27 13:09:02
2026-05-28 02:09:38 [ChainSaver] 버퍼 엔트리=158 | price_ticks=11507 greeks_ticks=6770 snap_ticks=9689 | 이론가 커버리지=100.0%
2026-05-28 02:09:38 [ChainSaver] DB 최근5분 rows=7184 | IV커버=100.0% 이론가커버=100.0% | stream=1439 snap=5745 | 최근저장=2026-05-27 13:09:32
2026-05-28 02:10:28 [ChainSaver] 버퍼 엔트리=56 | price_ticks=1294 greeks_ticks=1388 snap_ticks=820 | 이론가 커버리지=100.0%
2026-05-28 02:10:28 [ChainSaver] DB 최근5분 rows=6078 | IV커버=99.9%  이론가커버=99.9% | stream=1152 snap=4926 | 최근저장=2026-05-27 13:10:22
2026-05-28 02:10:58 [ChainSaver] 버퍼 엔트리=56 | price_ticks=3099 greeks_ticks=3568 snap_ticks=1974 | 이론가 커버리지=100.0%
2026-05-28 02:10:58 [ChainSaver] DB 최근5분 rows=5310 | IV커버=99.9%  이론가커버=99.9% | stream=1152 snap=4158 | 최근저장=2026-05-27 13:10:52
2026-05-28 02:11:28 [ChainSaver] 버퍼 엔트리=120 | price_ticks=5223 greeks_ticks=5933 snap_ticks=4114 | 이론가 커버리지=100.0%
2026-05-28 02:11:28 [ChainSaver] DB 최근5분 rows=4862 | IV커버=99.6%  이론가커버=99.6% | stream=1152 snap=3710 | 최근저장=2026-05-27 13:11:22
2026-05-28 02:11:58 [ChainSaver] 버퍼 엔트리=120 | price_ticks=6988 greeks_ticks=8428 snap_ticks=5490 | 이론가 커버리지=100.0%
2026-05-28 02:11:58 [ChainSaver] DB 최근5분 rows=5582 | IV커버=99.3%  이론가커버=99.3% | stream=1404 snap=4178 | 최근저장=2026-05-27 13:11:52
2026-05-28 02:12:28 [ChainSaver] 버퍼 엔트리=186 | price_ticks=9111 greeks_ticks=10816 snap_ticks=8116 | 이론가 커버리지=100.0%
2026-05-28 02:12:28 [ChainSaver] DB 최근5분 rows=6421 | IV커버=99.3%  이론가커버=99.3% | stream=1544 snap=4877 | 최근저장=2026-05-27 13:12:22
2026-05-28 02:12:58 [ChainSaver] 버퍼 엔트리=186 | price_ticks=10701 greeks_ticks=13049 snap_ticks=9328 | 이론가 커버리지=100.0%
2026-05-28 02:12:58 [ChainSaver] DB 최근5분 rows=7101 | IV커버=99.4%  이론가커버=99.4% | stream=1699 snap=5402 | 최근저장=2026-05-27 13:12:52
2026-05-28 02:13:28 [ChainSaver] 버퍼 엔트리=186 | price_ticks=12096 greeks_ticks=15517 snap_ticks=11540 | 이론가 커버리지=100.0%
2026-05-28 02:13:28 [ChainSaver] DB 최근5분 rows=7653 | IV커버=99.5%  이론가커버=99.4% | stream=1854 snap=5799 | 최근저장=2026-05-27 13:13:22
2026-05-28 02:13:58 [ChainSaver] 버퍼 엔트리=186 | price_ticks=13203 greeks_ticks=17886 snap_ticks=12828 | 이론가 커버리지=100.0%
2026-05-28 02:13:58 [ChainSaver] DB 최근5분 rows=7949 | IV커버=99.5%  이론가커버=99.5% | stream=2009 snap=5940 | 최근저장=2026-05-27 13:13:52
2026-05-28 02:14:28 [ChainSaver] 버퍼 엔트리=188 | price_ticks=14633 greeks_ticks=20312 snap_ticks=15467 | 이론가 커버리지=100.0%
2026-05-28 02:14:28 [ChainSaver] DB 최근5분 rows=8127 | IV커버=99.5%  이론가커버=99.5% | stream=2166 snap=5961 | 최근저장=2026-05-27 13:14:22
2026-05-28 02:14:58 [ChainSaver] 버퍼 엔트리=188 | price_ticks=15768 greeks_ticks=22588 snap_ticks=16707 | 이론가 커버리지=100.0%
2026-05-28 02:14:58 [ChainSaver] DB 최근5분 rows=8459 | IV커버=99.5%  이론가커버=99.5% | stream=2337 snap=6122 | 최근저장=2026-05-27 13:14:52
2026-05-28 02:15:28 [ChainSaver] 버퍼 엔트리=188 | price_ticks=17465 greeks_ticks=24883 snap_ticks=18825 | 이론가 커버리지=100.0%
2026-05-28 02:15:28 [ChainSaver] DB 최근5분 rows=9435 | IV커버=99.6%  이론가커버=99.6% | stream=2480 snap=6955 | 최근저장=2026-05-27 13:15:22
2026-05-28 02:15:58 [ChainSaver] 버퍼 엔트리=188 | price_ticks=18713 greeks_ticks=27126 snap_ticks=20043 | 이론가 커버리지=100.0%
2026-05-28 02:15:58 [ChainSaver] DB 최근5분 rows=10227 | IV커버=99.6%  이론가커버=99.6% | stream=2480 snap=7747 | 최근저장=2026-05-27 13:15:52
2026-05-28 02:16:28 [ChainSaver] 버퍼 엔트리=188 | price_ticks=20227 greeks_ticks=29497 snap_ticks=22655 | 이론가 커버리지=100.0%
2026-05-28 02:16:28 [ChainSaver] DB 최근5분 rows=10635 | IV커버=99.8%  이론가커버=99.8% | stream=2480 snap=8155 | 최근저장=2026-05-27 13:16:22
2026-05-28 02:16:58 [ChainSaver] 버퍼 엔트리=188 | price_ticks=21628 greeks_ticks=31981 snap_ticks=24023 | 이론가 커버리지=100.0%
2026-05-28 02:16:58 [ChainSaver] DB 최근5분 rows=11043 | IV커버=100.0% 이론가커버=100.0% | stream=2482 snap=8561 | 최근저장=2026-05-27 13:16:52
2026-05-28 02:17:28 [ChainSaver] 버퍼 엔트리=190 | price_ticks=22871 greeks_ticks=34198 snap_ticks=26111 | 이론가 커버리지=100.0%
2026-05-28 02:17:28 [ChainSaver] DB 최근5분 rows=11066 | IV커버=100.0% 이론가커버=100.0% | stream=2482 snap=8584 | 최근저장=2026-05-27 13:17:22
2026-05-28 02:17:58 [ChainSaver] 버퍼 엔트리=190 | price_ticks=24002 greeks_ticks=36514 snap_ticks=27347 | 이론가 커버리지=100.0%
2026-05-28 02:17:58 [ChainSaver] DB 최근5분 rows=11090 | IV커버=100.0% 이론가커버=100.0% | stream=2482 snap=8608 | 최근저장=2026-05-27 13:17:52
2026-05-28 02:18:28 [ChainSaver] 버퍼 엔트리=192 | price_ticks=25182 greeks_ticks=38920 snap_ticks=29995 | 이론가 커버리지=100.0%
2026-05-28 02:18:28 [ChainSaver] DB 최근5분 rows=11124 | IV커버=100.0% 이론가커버=100.0% | stream=2482 snap=8642 | 최근저장=2026-05-27 13:18:22
2026-05-28 02:18:58 [ChainSaver] 버퍼 엔트리=192 | price_ticks=26302 greeks_ticks=41192 snap_ticks=31205 | 이론가 커버리지=100.0%
2026-05-28 02:18:58 [ChainSaver] DB 최근5분 rows=11160 | IV커버=100.0% 이론가커버=100.0% | stream=2482 snap=8678 | 최근저장=2026-05-27 13:18:52
2026-05-28 02:19:28 [ChainSaver] 버퍼 엔트리=192 | price_ticks=27229 greeks_ticks=43615 snap_ticks=33389 | 이론가 커버리지=100.0%
2026-05-28 02:19:28 [ChainSaver] DB 최근5분 rows=11184 | IV커버=100.0% 이론가커버=100.0% | stream=2481 snap=8703 | 최근저장=2026-05-27 13:19:22
2026-05-28 02:19:58 [ChainSaver] 버퍼 엔트리=192 | price_ticks=28062 greeks_ticks=45972 snap_ticks=34661 | 이론가 커버리지=100.0%
2026-05-28 02:19:58 [ChainSaver] DB 최근5분 rows=11208 | IV커버=100.0% 이론가커버=100.0% | stream=2481 snap=8727 | 최근저장=2026-05-27 13:19:52
2026-05-28 02:20:28 [ChainSaver] 버퍼 엔트리=192 | price_ticks=28979 greeks_ticks=48331 snap_ticks=37277 | 이론가 커버리지=100.0%
2026-05-28 02:20:28 [ChainSaver] DB 최근5분 rows=11232 | IV커버=100.0% 이론가커버=100.0% | stream=2480 snap=8752 | 최근저장=2026-05-27 13:20:22
2026-05-28 02:20:58 [ChainSaver] 버퍼 엔트리=192 | price_ticks=30228 greeks_ticks=50703 snap_ticks=38549 | 이론가 커버리지=100.0%
2026-05-28 02:20:58 [ChainSaver] DB 최근5분 rows=11256 | IV커버=100.0% 이론가커버=100.0% | stream=2480 snap=8776 | 최근저장=2026-05-27 13:20:52
2026-05-28 02:21:28 [ChainSaver] 버퍼 엔트리=192 | price_ticks=31068 greeks_ticks=52984 snap_ticks=40677 | 이론가 커버리지=100.0%
2026-05-28 02:21:28 [ChainSaver] DB 최근5분 rows=11280 | IV커버=100.0% 이론가커버=100.0% | stream=2479 snap=8801 | 최근저장=2026-05-27 13:21:22
2026-05-28 02:21:58 [ChainSaver] 버퍼 엔트리=192 | price_ticks=32007 greeks_ticks=55396 snap_ticks=41965 | 이론가 커버리지=100.0%
2026-05-28 02:21:58 [ChainSaver] DB 최근5분 rows=11304 | IV커버=100.0% 이론가커버=100.0% | stream=2478 snap=8826 | 최근저장=2026-05-27 13:21:52
2026-05-28 02:22:28 [ChainSaver] 버퍼 엔트리=192 | price_ticks=33184 greeks_ticks=57718 snap_ticks=44545 | 이론가 커버리지=100.0%
2026-05-28 02:22:28 [ChainSaver] DB 최근5분 rows=11316 | IV커버=100.0% 이론가커버=100.0% | stream=2478 snap=8838 | 최근저장=2026-05-27 13:22:22
2026-05-28 02:22:58 [ChainSaver] 버퍼 엔트리=192 | price_ticks=34414 greeks_ticks=59948 snap_ticks=45721 | 이론가 커버리지=100.0%
2026-05-28 02:22:58 [ChainSaver] DB 최근5분 rows=11328 | IV커버=100.0% 이론가커버=100.0% | stream=2478 snap=8850 | 최근저장=2026-05-27 13:22:52
2026-05-28 02:23:28 [ChainSaver] 버퍼 엔트리=192 | price_ticks=35358 greeks_ticks=62374 snap_ticks=47935 | 이론가 커버리지=100.0%
2026-05-28 02:23:28 [ChainSaver] DB 최근5분 rows=11328 | IV커버=100.0% 이론가커버=100.0% | stream=2478 snap=8850 | 최근저장=2026-05-27 13:23:22
2026-05-28 02:23:58 [ChainSaver] 버퍼 엔트리=192 | price_ticks=36367 greeks_ticks=64787 snap_ticks=49223 | 이론가 커버리지=100.0%
2026-05-28 02:23:58 [ChainSaver] DB 최근5분 rows=11328 | IV커버=100.0% 이론가커버=100.0% | stream=2478 snap=8850 | 최근저장=2026-05-27 13:23:52
2026-05-28 02:24:28 [ChainSaver] 버퍼 엔트리=192 | price_ticks=37234 greeks_ticks=67169 snap_ticks=51855 | 이론가 커버리지=100.0%
2026-05-28 02:24:28 [ChainSaver] DB 최근5분 rows=11328 | IV커버=100.0% 이론가커버=100.0% | stream=2478 snap=8850 | 최근저장=2026-05-27 13:24:22
2026-05-28 02:24:58 [ChainSaver] 버퍼 엔트리=192 | price_ticks=37891 greeks_ticks=69490 snap_ticks=53087 | 이론가 커버리지=100.0%
2026-05-28 02:24:58 [ChainSaver] DB 최근5분 rows=11328 | IV커버=100.0% 이론가커버=100.0% | stream=2478 snap=8850 | 최근저장=2026-05-27 13:24:52
2026-05-28 02:25:28 [ChainSaver] 버퍼 엔트리=192 | price_ticks=38810 greeks_ticks=71863 snap_ticks=55271 | 이론가 커버리지=100.0%
2026-05-28 02:25:28 [ChainSaver] DB 최근5분 rows=11328 | IV커버=100.0% 이론가커버=100.0% | stream=2478 snap=8850 | 최근저장=2026-05-27 13:25:22
2026-05-28 02:25:58 [ChainSaver] 버퍼 엔트리=192 | price_ticks=39729 greeks_ticks=74132 snap_ticks=56475 | 이론가 커버리지=100.0%
2026-05-28 02:25:58 [ChainSaver] DB 최근5분 rows=11328 | IV커버=100.0% 이론가커버=100.0% | stream=2478 snap=8850 | 최근저장=2026-05-27 13:25:52
2026-05-28 02:26:28 [ChainSaver] 버퍼 엔트리=192 | price_ticks=40539 greeks_ticks=76505 snap_ticks=59109 | 이론가 커버리지=100.0%
2026-05-28 02:26:28 [ChainSaver] DB 최근5분 rows=11328 | IV커버=100.0% 이론가커버=100.0% | stream=2478 snap=8850 | 최근저장=2026-05-27 13:26:22
2026-05-28 02:26:58 [ChainSaver] 버퍼 엔트리=192 | price_ticks=41404 greeks_ticks=78927 snap_ticks=60397 | 이론가 커버리지=100.0%
2026-05-28 02:26:58 [ChainSaver] DB 최근5분 rows=11328 | IV커버=100.0% 이론가커버=100.0% | stream=2478 snap=8850 | 최근저장=2026-05-27 13:26:52
2026-05-28 02:27:28 [ChainSaver] 버퍼 엔트리=192 | price_ticks=42354 greeks_ticks=81370 snap_ticks=62611 | 이론가 커버리지=100.0%
2026-05-28 02:27:28 [ChainSaver] DB 최근5분 rows=11328 | IV커버=100.0% 이론가커버=100.0% | stream=2478 snap=8850 | 최근저장=2026-05-27 13:27:22
2026-05-28 02:27:58 [ChainSaver] 버퍼 엔트리=192 | price_ticks=43323 greeks_ticks=83727 snap_ticks=63873 | 이론가 커버리지=100.0%
2026-05-28 02:27:58 [ChainSaver] DB 최근5분 rows=11328 | IV커버=100.0% 이론가커버=100.0% | stream=2478 snap=8850 | 최근저장=2026-05-27 13:27:52
2026-05-28 02:28:28 [ChainSaver] 버퍼 엔트리=192 | price_ticks=44409 greeks_ticks=86202 snap_ticks=66559 | 이론가 커버리지=100.0%
2026-05-28 02:28:28 [ChainSaver] DB 최근5분 rows=11328 | IV커버=100.0% 이론가커버=100.0% | stream=2478 snap=8850 | 최근저장=2026-05-27 13:28:22
2026-05-28 02:28:58 [ChainSaver] 버퍼 엔트리=192 | price_ticks=45228 greeks_ticks=88411 snap_ticks=67737 | 이론가 커버리지=100.0%
2026-05-28 02:28:58 [ChainSaver] DB 최근5분 rows=11328 | IV커버=100.0% 이론가커버=100.0% | stream=2478 snap=8850 | 최근저장=2026-05-27 13:28:52
2026-05-28 02:29:28 [ChainSaver] 버퍼 엔트리=192 | price_ticks=46076 greeks_ticks=90844 snap_ticks=69951 | 이론가 커버리지=100.0%
2026-05-28 02:29:28 [ChainSaver] DB 최근5분 rows=11328 | IV커버=100.0% 이론가커버=100.0% | stream=2478 snap=8850 | 최근저장=2026-05-27 13:29:22
2026-05-28 02:29:58 [ChainSaver] 버퍼 엔트리=192 | price_ticks=47247 greeks_ticks=93259 snap_ticks=71239 | 이론가 커버리지=100.0%
2026-05-28 02:29:58 [ChainSaver] DB 최근5분 rows=11328 | IV커버=100.0% 이론가커버=100.0% | stream=2478 snap=8850 | 최근저장=2026-05-27 13:29:52
2026-05-28 02:30:28 [ChainSaver] 버퍼 엔트리=192 | price_ticks=48385 greeks_ticks=95637 snap_ticks=73871 | 이론가 커버리지=100.0%
2026-05-28 02:30:28 [ChainSaver] DB 최근5분 rows=11328 | IV커버=100.0% 이론가커버=100.0% | stream=2478 snap=8850 | 최근저장=2026-05-27 13:30:22
2026-05-28 02:30:58 [ChainSaver] 버퍼 엔트리=192 | price_ticks=49254 greeks_ticks=98051 snap_ticks=75159 | 이론가 커버리지=100.0%
2026-05-28 02:30:58 [ChainSaver] DB 최근5분 rows=11328 | IV커버=100.0% 이론가커버=100.0% | stream=2478 snap=8850 | 최근저장=2026-05-27 13:30:52
2026-05-28 02:31:28 [ChainSaver] 버퍼 엔트리=192 | price_ticks=50233 greeks_ticks=100446 snap_ticks=77345 | 이론가 커버리지=100.0%
2026-05-28 02:31:28 [ChainSaver] DB 최근5분 rows=11328 | IV커버=100.0% 이론가커버=100.0% | stream=2478 snap=8850 | 최근저장=2026-05-27 13:31:22
2026-05-28 02:31:58 [ChainSaver] 버퍼 엔트리=192 | price_ticks=51263 greeks_ticks=102921 snap_ticks=78663 | 이론가 커버리지=100.0%
2026-05-28 02:31:58 [ChainSaver] DB 최근5분 rows=11328 | IV커버=100.0% 이론가커버=100.0% | stream=2478 snap=8850 | 최근저장=2026-05-27 13:31:52
2026-05-28 02:32:28 [ChainSaver] 버퍼 엔트리=192 | price_ticks=52202 greeks_ticks=105307 snap_ticks=81291 | 이론가 커버리지=100.0%
2026-05-28 02:32:28 [ChainSaver] DB 최근5분 rows=11328 | IV커버=100.0% 이론가커버=100.0% | stream=2478 snap=8850 | 최근저장=2026-05-27 13:32:22
2026-05-28 02:32:58 [ChainSaver] 버퍼 엔트리=192 | price_ticks=53101 greeks_ticks=107725 snap_ticks=82583 | 이론가 커버리지=100.0%
2026-05-28 02:32:58 [ChainSaver] DB 최근5분 rows=11328 | IV커버=100.0% 이론가커버=100.0% | stream=2478 snap=8850 | 최근저장=2026-05-27 13:32:52
2026-05-28 02:33:28 [ChainSaver] 버퍼 엔트리=192 | price_ticks=54384 greeks_ticks=110167 snap_ticks=84801 | 이론가 커버리지=100.0%
2026-05-28 02:33:28 [ChainSaver] DB 최근5분 rows=11328 | IV커버=100.0% 이론가커버=100.0% | stream=2478 snap=8850 | 최근저장=2026-05-27 13:33:22
2026-05-28 02:33:58 [ChainSaver] 버퍼 엔트리=192 | price_ticks=55281 greeks_ticks=112375 snap_ticks=85977 | 이론가 커버리지=100.0%
2026-05-28 02:33:58 [ChainSaver] DB 최근5분 rows=11328 | IV커버=100.0% 이론가커버=100.0% | stream=2478 snap=8850 | 최근저장=2026-05-27 13:33:52
2026-05-28 02:34:28 [ChainSaver] 버퍼 엔트리=192 | price_ticks=55926 greeks_ticks=114801 snap_ticks=88638 | 이론가 커버리지=100.0%
2026-05-28 02:34:28 [ChainSaver] DB 최근5분 rows=11328 | IV커버=100.0% 이론가커버=100.0% | stream=2478 snap=8850 | 최근저장=2026-05-27 13:34:22
2026-05-28 02:34:58 [ChainSaver] 버퍼 엔트리=192 | price_ticks=56781 greeks_ticks=117077 snap_ticks=89852 | 이론가 커버리지=100.0%
2026-05-28 02:34:58 [ChainSaver] DB 최근5분 rows=11328 | IV커버=100.0% 이론가커버=100.0% | stream=2478 snap=8850 | 최근저장=2026-05-27 13:34:52
2026-05-28 02:35:28 [ChainSaver] 버퍼 엔트리=194 | price_ticks=57555 greeks_ticks=119501 snap_ticks=92064 | 이론가 커버리지=100.0%
2026-05-28 02:35:28 [ChainSaver] DB 최근5분 rows=11338 | IV커버=100.0% 이론가커버=100.0% | stream=2478 snap=8860 | 최근저장=2026-05-27 13:35:22
2026-05-28 02:35:58 [ChainSaver] 버퍼 엔트리=194 | price_ticks=58492 greeks_ticks=121874 snap_ticks=93324 | 이론가 커버리지=100.0%
2026-05-28 02:35:58 [ChainSaver] DB 최근5분 rows=11350 | IV커버=100.0% 이론가커버=100.0% | stream=2478 snap=8872 | 최근저장=2026-05-27 13:35:52
2026-05-28 02:36:28 [ChainSaver] 버퍼 엔트리=196 | price_ticks=59952 greeks_ticks=124321 snap_ticks=96004 | 이론가 커버리지=100.0%
2026-05-28 02:36:28 [ChainSaver] DB 최근5분 rows=11372 | IV커버=100.0% 이론가커버=100.0% | stream=2478 snap=8894 | 최근저장=2026-05-27 13:36:22
2026-05-28 02:36:58 [ChainSaver] 버퍼 엔트리=196 | price_ticks=61122 greeks_ticks=126740 snap_ticks=97302 | 이론가 커버리지=100.0%
2026-05-28 02:36:58 [ChainSaver] DB 최근5분 rows=11396 | IV커버=100.0% 이론가커버=100.0% | stream=2479 snap=8917 | 최근저장=2026-05-27 13:36:52
2026-05-28 02:37:28 [ChainSaver] 버퍼 엔트리=196 | price_ticks=62253 greeks_ticks=129129 snap_ticks=99490 | 이론가 커버리지=100.0%
2026-05-28 02:37:28 [ChainSaver] DB 최근5분 rows=11420 | IV커버=100.0% 이론가커버=100.0% | stream=2479 snap=8941 | 최근저장=2026-05-27 13:37:22
2026-05-28 02:37:58 [ChainSaver] 버퍼 엔트리=196 | price_ticks=63336 greeks_ticks=131534 snap_ticks=100780 | 이론가 커버리지=100.0%
2026-05-28 02:37:58 [ChainSaver] DB 최근5분 rows=11444 | IV커버=100.0% 이론가커버=100.0% | stream=2479 snap=8965 | 최근저장=2026-05-27 13:37:52
2026-05-28 02:38:28 [ChainSaver] 버퍼 엔트리=196 | price_ticks=64757 greeks_ticks=133973 snap_ticks=103468 | 이론가 커버리지=100.0%
2026-05-28 02:38:28 [ChainSaver] DB 최근5분 rows=11468 | IV커버=100.0% 이론가커버=100.0% | stream=2480 snap=8988 | 최근저장=2026-05-27 13:38:22
2026-05-28 02:38:58 [ChainSaver] 버퍼 엔트리=196 | price_ticks=65542 greeks_ticks=136387 snap_ticks=104758 | 이론가 커버리지=100.0%
2026-05-28 02:38:58 [ChainSaver] DB 최근5분 rows=11492 | IV커버=100.0% 이론가커버=100.0% | stream=2480 snap=9012 | 최근저장=2026-05-27 13:38:52
2026-05-28 02:39:28 [ChainSaver] 버퍼 엔트리=196 | price_ticks=66403 greeks_ticks=138764 snap_ticks=106952 | 이론가 커버리지=100.0%
2026-05-28 02:39:28 [ChainSaver] DB 최근5분 rows=11516 | IV커버=100.0% 이론가커버=100.0% | stream=2480 snap=9036 | 최근저장=2026-05-27 13:39:22
2026-05-28 02:39:58 [ChainSaver] 버퍼 엔트리=196 | price_ticks=67383 greeks_ticks=141251 snap_ticks=108300 | 이론가 커버리지=100.0%
2026-05-28 02:39:58 [ChainSaver] DB 최근5분 rows=11540 | IV커버=100.0% 이론가커버=100.0% | stream=2480 snap=9060 | 최근저장=2026-05-27 13:39:52
2026-05-28 02:40:28 [ChainSaver] 버퍼 엔트리=196 | price_ticks=68735 greeks_ticks=143514 snap_ticks=110858 | 이론가 커버리지=100.0%
2026-05-28 02:40:28 [ChainSaver] DB 최근5분 rows=11552 | IV커버=100.0% 이론가커버=100.0% | stream=2480 snap=9072 | 최근저장=2026-05-27 13:40:22
2026-05-28 02:40:58 [ChainSaver] 버퍼 엔트리=196 | price_ticks=69756 greeks_ticks=145932 snap_ticks=112146 | 이론가 커버리지=100.0%
2026-05-28 02:40:58 [ChainSaver] DB 최근5분 rows=11564 | IV커버=100.0% 이론가커버=100.0% | stream=2480 snap=9084 | 최근저장=2026-05-27 13:40:52
2026-05-28 02:41:28 [ChainSaver] 버퍼 엔트리=196 | price_ticks=70781 greeks_ticks=148312 snap_ticks=114330 | 이론가 커버리지=100.0%
2026-05-28 02:41:28 [ChainSaver] DB 최근5분 rows=11564 | IV커버=100.0% 이론가커버=100.0% | stream=2479 snap=9085 | 최근저장=2026-05-27 13:41:22
2026-05-28 02:41:58 [ChainSaver] 버퍼 엔트리=196 | price_ticks=71604 greeks_ticks=150563 snap_ticks=115536 | 이론가 커버리지=100.0%
2026-05-28 02:41:58 [ChainSaver] DB 최근5분 rows=11564 | IV커버=100.0% 이론가커버=100.0% | stream=2479 snap=9085 | 최근저장=2026-05-27 13:41:52
2026-05-28 02:42:28 [ChainSaver] 버퍼 엔트리=196 | price_ticks=72644 greeks_ticks=152865 snap_ticks=118112 | 이론가 커버리지=100.0%
2026-05-28 02:42:28 [ChainSaver] DB 최근5분 rows=11564 | IV커버=100.0% 이론가커버=100.0% | stream=2479 snap=9085 | 최근저장=2026-05-27 13:42:22
2026-05-28 02:42:58 [ChainSaver] 버퍼 엔트리=196 | price_ticks=73729 greeks_ticks=155251 snap_ticks=119372 | 이론가 커버리지=100.0%
2026-05-28 02:42:58 [ChainSaver] DB 최근5분 rows=11564 | IV커버=100.0% 이론가커버=100.0% | stream=2479 snap=9085 | 최근저장=2026-05-27 13:42:52
2026-05-28 02:43:28 [ChainSaver] 버퍼 엔트리=196 | price_ticks=74997 greeks_ticks=157593 snap_ticks=121528 | 이론가 커버리지=100.0%
2026-05-28 02:43:28 [ChainSaver] DB 최근5분 rows=11564 | IV커버=100.0% 이론가커버=100.0% | stream=2478 snap=9086 | 최근저장=2026-05-27 13:43:22
2026-05-28 02:43:58 [ChainSaver] 버퍼 엔트리=196 | price_ticks=75865 greeks_ticks=159971 snap_ticks=122788 | 이론가 커버리지=100.0%
2026-05-28 02:43:58 [ChainSaver] DB 최근5분 rows=11564 | IV커버=100.0% 이론가커버=100.0% | stream=2478 snap=9086 | 최근저장=2026-05-27 13:43:52
2026-05-28 02:44:28 [ChainSaver] 버퍼 엔트리=196 | price_ticks=76733 greeks_ticks=162352 snap_ticks=125420 | 이론가 커버리지=100.0%
2026-05-28 02:44:28 [ChainSaver] DB 최근5분 rows=11564 | IV커버=100.0% 이론가커버=100.0% | stream=2478 snap=9086 | 최근저장=2026-05-27 13:44:22
2026-05-28 02:44:58 [ChainSaver] 버퍼 엔트리=196 | price_ticks=77605 greeks_ticks=164816 snap_ticks=126736 | 이론가 커버리지=100.0%
2026-05-28 02:44:58 [ChainSaver] DB 최근5분 rows=11564 | IV커버=100.0% 이론가커버=100.0% | stream=2478 snap=9086 | 최근저장=2026-05-27 13:44:52
2026-05-28 02:45:28 [ChainSaver] 버퍼 엔트리=196 | price_ticks=78549 greeks_ticks=166931 snap_ticks=128756 | 이론가 커버리지=100.0%
2026-05-28 02:45:28 [ChainSaver] DB 최근5분 rows=11564 | IV커버=100.0% 이론가커버=100.0% | stream=2479 snap=9085 | 최근저장=2026-05-27 13:45:22
2026-05-28 02:45:58 [ChainSaver] 버퍼 엔트리=196 | price_ticks=79477 greeks_ticks=169348 snap_ticks=130044 | 이론가 커버리지=100.0%
2026-05-28 02:45:58 [ChainSaver] DB 최근5분 rows=11564 | IV커버=100.0% 이론가커버=100.0% | stream=2479 snap=9085 | 최근저장=2026-05-27 13:45:52
2026-05-28 02:46:28 [ChainSaver] 버퍼 엔트리=196 | price_ticks=80700 greeks_ticks=171732 snap_ticks=132676 | 이론가 커버리지=100.0%
2026-05-28 02:46:28 [ChainSaver] DB 최근5분 rows=11564 | IV커버=100.0% 이론가커버=100.0% | stream=2479 snap=9085 | 최근저장=2026-05-27 13:46:22
2026-05-28 02:46:58 [ChainSaver] 버퍼 엔트리=196 | price_ticks=81811 greeks_ticks=174206 snap_ticks=133992 | 이론가 커버리지=100.0%
2026-05-28 02:46:58 [ChainSaver] DB 최근5분 rows=11564 | IV커버=100.0% 이론가커버=100.0% | stream=2479 snap=9085 | 최근저장=2026-05-27 13:46:52
2026-05-28 02:47:28 [ChainSaver] 버퍼 엔트리=196 | price_ticks=82835 greeks_ticks=176331 snap_ticks=136010 | 이론가 커버리지=100.0%
2026-05-28 02:47:28 [ChainSaver] DB 최근5분 rows=11564 | IV커버=100.0% 이론가커버=100.0% | stream=2479 snap=9085 | 최근저장=2026-05-27 13:47:22
2026-05-28 02:47:58 [ChainSaver] 버퍼 엔트리=196 | price_ticks=83665 greeks_ticks=178699 snap_ticks=137270 | 이론가 커버리지=100.0%
2026-05-28 02:47:58 [ChainSaver] DB 최근5분 rows=11564 | IV커버=100.0% 이론가커버=100.0% | stream=2480 snap=9084 | 최근저장=2026-05-27 13:47:52
2026-05-28 02:48:28 [ChainSaver] 버퍼 엔트리=196 | price_ticks=84772 greeks_ticks=181182 snap_ticks=139958 | 이론가 커버리지=100.0%
2026-05-28 02:48:28 [ChainSaver] DB 최근5분 rows=11564 | IV커버=100.0% 이론가커버=100.0% | stream=2480 snap=9084 | 최근저장=2026-05-27 13:48:22
2026-05-28 02:48:58 [ChainSaver] 버퍼 엔트리=196 | price_ticks=85628 greeks_ticks=183542 snap_ticks=141218 | 이론가 커버리지=100.0%
2026-05-28 02:48:58 [ChainSaver] DB 최근5분 rows=11564 | IV커버=100.0% 이론가커버=100.0% | stream=2480 snap=9084 | 최근저장=2026-05-27 13:48:52
2026-05-28 02:49:28 [ChainSaver] 버퍼 엔트리=196 | price_ticks=86774 greeks_ticks=185687 snap_ticks=143268 | 이론가 커버리지=100.0%
2026-05-28 02:49:28 [ChainSaver] DB 최근5분 rows=11564 | IV커버=100.0% 이론가커버=100.0% | stream=2480 snap=9084 | 최근저장=2026-05-27 13:49:22
2026-05-28 02:49:58 [ChainSaver] 버퍼 엔트리=196 | price_ticks=87725 greeks_ticks=188111 snap_ticks=144558 | 이론가 커버리지=100.0%
2026-05-28 02:49:58 [ChainSaver] DB 최근5분 rows=11564 | IV커버=100.0% 이론가커버=100.0% | stream=2480 snap=9084 | 최근저장=2026-05-27 13:49:52
2026-05-28 02:50:28 [ChainSaver] 버퍼 엔트리=196 | price_ticks=88876 greeks_ticks=190534 snap_ticks=147188 | 이론가 커버리지=100.0%
2026-05-28 02:50:28 [ChainSaver] DB 최근5분 rows=11564 | IV커버=100.0% 이론가커버=100.0% | stream=2479 snap=9085 | 최근저장=2026-05-27 13:50:22
2026-05-28 02:50:58 [ChainSaver] 버퍼 엔트리=196 | price_ticks=89794 greeks_ticks=192915 snap_ticks=148476 | 이론가 커버리지=100.0%
2026-05-28 02:50:58 [ChainSaver] DB 최근5분 rows=11564 | IV커버=100.0% 이론가커버=100.0% | stream=2479 snap=9085 | 최근저장=2026-05-27 13:50:52
2026-05-28 02:51:28 [ChainSaver] 버퍼 엔트리=196 | price_ticks=90621 greeks_ticks=195338 snap_ticks=150660 | 이론가 커버리지=100.0%
2026-05-28 02:51:28 [ChainSaver] DB 최근5분 rows=11564 | IV커버=100.0% 이론가커버=100.0% | stream=2479 snap=9085 | 최근저장=2026-05-27 13:51:22
2026-05-28 02:51:58 [ChainSaver] 버퍼 엔트리=196 | price_ticks=91524 greeks_ticks=197768 snap_ticks=151956 | 이론가 커버리지=100.0%
2026-05-28 02:51:59 [ChainSaver] DB 최근5분 rows=11564 | IV커버=100.0% 이론가커버=100.0% | stream=2479 snap=9085 | 최근저장=2026-05-27 13:51:52
2026-05-28 02:52:28 [ChainSaver] 버퍼 엔트리=196 | price_ticks=92449 greeks_ticks=199979 snap_ticks=154478 | 이론가 커버리지=100.0%
2026-05-28 02:52:28 [ChainSaver] DB 최근5분 rows=11564 | IV커버=100.0% 이론가커버=100.0% | stream=2478 snap=9086 | 최근저장=2026-05-27 13:52:22
2026-05-28 02:52:58 [ChainSaver] 버퍼 엔트리=196 | price_ticks=93415 greeks_ticks=202422 snap_ticks=155794 | 이론가 커버리지=100.0%
2026-05-28 02:52:58 [ChainSaver] DB 최근5분 rows=11564 | IV커버=100.0% 이론가커버=100.0% | stream=2478 snap=9086 | 최근저장=2026-05-27 13:52:52
2026-05-28 02:53:28 [ChainSaver] 버퍼 엔트리=196 | price_ticks=94198 greeks_ticks=204678 snap_ticks=157894 | 이론가 커버리지=100.0%
2026-05-28 02:53:28 [ChainSaver] DB 최근5분 rows=11564 | IV커버=100.0% 이론가커버=100.0% | stream=2478 snap=9086 | 최근저장=2026-05-27 13:53:22
2026-05-28 02:53:58 [ChainSaver] 버퍼 엔트리=196 | price_ticks=94852 greeks_ticks=206971 snap_ticks=159130 | 이론가 커버리지=100.0%
2026-05-28 02:53:58 [ChainSaver] DB 최근5분 rows=11564 | IV커버=100.0% 이론가커버=100.0% | stream=2478 snap=9086 | 최근저장=2026-05-27 13:53:52
2026-05-28 02:54:28 [ChainSaver] 버퍼 엔트리=196 | price_ticks=95575 greeks_ticks=209338 snap_ticks=161738 | 이론가 커버리지=100.0%
2026-05-28 02:54:28 [ChainSaver] DB 최근5분 rows=11564 | IV커버=100.0% 이론가커버=100.0% | stream=2479 snap=9085 | 최근저장=2026-05-27 13:54:22
2026-05-28 02:54:58 [ChainSaver] 버퍼 엔트리=196 | price_ticks=96204 greeks_ticks=211665 snap_ticks=162998 | 이론가 커버리지=100.0%
2026-05-28 02:54:58 [ChainSaver] DB 최근5분 rows=11564 | IV커버=100.0% 이론가커버=100.0% | stream=2479 snap=9085 | 최근저장=2026-05-27 13:54:52
2026-05-28 02:55:28 [ChainSaver] 버퍼 엔트리=196 | price_ticks=97115 greeks_ticks=213884 snap_ticks=165070 | 이론가 커버리지=100.0%
2026-05-28 02:55:28 [ChainSaver] DB 최근5분 rows=11564 | IV커버=100.0% 이론가커버=100.0% | stream=2479 snap=9085 | 최근저장=2026-05-27 13:55:22
2026-05-28 02:55:58 [ChainSaver] 버퍼 엔트리=196 | price_ticks=98233 greeks_ticks=216269 snap_ticks=166360 | 이론가 커버리지=100.0%
2026-05-28 02:55:58 [ChainSaver] DB 최근5분 rows=11564 | IV커버=100.0% 이론가커버=100.0% | stream=2479 snap=9085 | 최근저장=2026-05-27 13:55:52
2026-05-28 02:56:28 [ChainSaver] 버퍼 엔트리=196 | price_ticks=99464 greeks_ticks=218730 snap_ticks=169018 | 이론가 커버리지=100.0%
2026-05-28 02:56:28 [ChainSaver] DB 최근5분 rows=11564 | IV커버=100.0% 이론가커버=100.0% | stream=2479 snap=9085 | 최근저장=2026-05-27 13:56:22
2026-05-28 02:56:58 [ChainSaver] 버퍼 엔트리=196 | price_ticks=100296 greeks_ticks=221116 snap_ticks=170306 | 이론가 커버리지=100.0%
2026-05-28 02:56:58 [ChainSaver] DB 최근5분 rows=11564 | IV커버=100.0% 이론가커버=100.0% | stream=2479 snap=9085 | 최근저장=2026-05-27 13:56:52
2026-05-28 02:57:28 [ChainSaver] 버퍼 엔트리=196 | price_ticks=101314 greeks_ticks=223539 snap_ticks=172494 | 이론가 커버리지=100.0%
2026-05-28 02:57:28 [ChainSaver] DB 최근5분 rows=11564 | IV커버=100.0% 이론가커버=100.0% | stream=2479 snap=9085 | 최근저장=2026-05-27 13:57:22
2026-05-28 02:57:58 [ChainSaver] 버퍼 엔트리=196 | price_ticks=102247 greeks_ticks=225928 snap_ticks=173782 | 이론가 커버리지=100.0%
2026-05-28 02:57:58 [ChainSaver] DB 최근5분 rows=11564 | IV커버=100.0% 이론가커버=100.0% | stream=2479 snap=9085 | 최근저장=2026-05-27 13:57:52
2026-05-28 02:58:28 [ChainSaver] 버퍼 엔트리=196 | price_ticks=103165 greeks_ticks=228406 snap_ticks=176440 | 이론가 커버리지=100.0%
2026-05-28 02:58:28 [ChainSaver] DB 최근5분 rows=11564 | IV커버=100.0% 이론가커버=100.0% | stream=2479 snap=9085 | 최근저장=2026-05-27 13:58:22
2026-05-28 02:58:58 [ChainSaver] 버퍼 엔트리=196 | price_ticks=104055 greeks_ticks=230784 snap_ticks=177730 | 이론가 커버리지=100.0%
2026-05-28 02:58:58 [ChainSaver] DB 최근5분 rows=11564 | IV커버=100.0% 이론가커버=100.0% | stream=2478 snap=9086 | 최근저장=2026-05-27 13:58:52
2026-05-28 02:59:28 [ChainSaver] 버퍼 엔트리=196 | price_ticks=104990 greeks_ticks=233149 snap_ticks=179888 | 이론가 커버리지=100.0%
2026-05-28 02:59:28 [ChainSaver] DB 최근5분 rows=11564 | IV커버=100.0% 이론가커버=100.0% | stream=2478 snap=9086 | 최근저장=2026-05-27 13:59:22
2026-05-28 02:59:58 [ChainSaver] 버퍼 엔트리=196 | price_ticks=105901 greeks_ticks=235637 snap_ticks=181232 | 이론가 커버리지=100.0%
2026-05-28 02:59:58 [ChainSaver] DB 최근5분 rows=11564 | IV커버=100.0% 이론가커버=100.0% | stream=2478 snap=9086 | 최근저장=2026-05-27 13:59:52
2026-05-28 03:00:28 [ChainSaver] 버퍼 엔트리=196 | price_ticks=107257 greeks_ticks=238023 snap_ticks=183836 | 이론가 커버리지=100.0%
2026-05-28 03:00:28 [ChainSaver] DB 최근5분 rows=11564 | IV커버=100.0% 이론가커버=100.0% | stream=2478 snap=9086 | 최근저장=2026-05-27 14:00:22
2026-05-28 03:00:58 [ChainSaver] 버퍼 엔트리=196 | price_ticks=108412 greeks_ticks=240461 snap_ticks=185154 | 이론가 커버리지=100.0%
2026-05-28 03:00:58 [ChainSaver] DB 최근5분 rows=11564 | IV커버=100.0% 이론가커버=100.0% | stream=2478 snap=9086 | 최근저장=2026-05-27 14:00:52
2026-05-28 03:01:28 [ChainSaver] 버퍼 엔트리=196 | price_ticks=109498 greeks_ticks=242740 snap_ticks=187256 | 이론가 커버리지=100.0%
2026-05-28 03:01:28 [ChainSaver] DB 최근5분 rows=11564 | IV커버=100.0% 이론가커버=100.0% | stream=2478 snap=9086 | 최근저장=2026-05-27 14:01:22
2026-05-28 03:01:58 [ChainSaver] 버퍼 엔트리=196 | price_ticks=110358 greeks_ticks=245164 snap_ticks=188574 | 이론가 커버리지=100.0%
2026-05-28 03:01:58 [ChainSaver] DB 최근5분 rows=11564 | IV커버=100.0% 이론가커버=100.0% | stream=2478 snap=9086 | 최근저장=2026-05-27 14:01:52
2026-05-28 03:02:28 [ChainSaver] 버퍼 엔트리=196 | price_ticks=111239 greeks_ticks=247382 snap_ticks=191095 | 이론가 커버리지=100.0%
2026-05-28 03:02:28 [ChainSaver] DB 최근5분 rows=11564 | IV커버=100.0% 이론가커버=100.0% | stream=2478 snap=9086 | 최근저장=2026-05-27 14:02:22
2026-05-28 03:02:58 [ChainSaver] 버퍼 엔트리=196 | price_ticks=111858 greeks_ticks=249610 snap_ticks=192299 | 이론가 커버리지=100.0%
2026-05-28 03:02:58 [ChainSaver] DB 최근5분 rows=11564 | IV커버=100.0% 이론가커버=100.0% | stream=2478 snap=9086 | 최근저장=2026-05-27 14:02:52
2026-05-28 03:03:28 [ChainSaver] 버퍼 엔트리=196 | price_ticks=112569 greeks_ticks=252080 snap_ticks=194511 | 이론가 커버리지=100.0%
2026-05-28 03:03:28 [ChainSaver] DB 최근5분 rows=11564 | IV커버=100.0% 이론가커버=100.0% | stream=2478 snap=9086 | 최근저장=2026-05-27 14:03:22
2026-05-28 03:03:58 [ChainSaver] 버퍼 엔트리=196 | price_ticks=113838 greeks_ticks=254481 snap_ticks=195801 | 이론가 커버리지=100.0%
2026-05-28 03:03:58 [ChainSaver] DB 최근5분 rows=11564 | IV커버=100.0% 이론가커버=100.0% | stream=2478 snap=9086 | 최근저장=2026-05-27 14:03:52
2026-05-28 03:04:28 [ChainSaver] 버퍼 엔트리=196 | price_ticks=114954 greeks_ticks=256780 snap_ticks=198351 | 이론가 커버리지=100.0%
2026-05-28 03:04:28 [ChainSaver] DB 최근5분 rows=11564 | IV커버=100.0% 이론가커버=100.0% | stream=2478 snap=9086 | 최근저장=2026-05-27 14:04:22
2026-05-28 03:04:58 [ChainSaver] 버퍼 엔트리=196 | price_ticks=116006 greeks_ticks=259084 snap_ticks=199575 | 이론가 커버리지=100.0%
2026-05-28 03:04:58 [ChainSaver] DB 최근5분 rows=11564 | IV커버=100.0% 이론가커버=100.0% | stream=2478 snap=9086 | 최근저장=2026-05-27 14:04:52
2026-05-28 03:05:28 [ChainSaver] 버퍼 엔트리=196 | price_ticks=117021 greeks_ticks=261511 snap_ticks=201759 | 이론가 커버리지=100.0%
2026-05-28 03:05:28 [ChainSaver] DB 최근5분 rows=11564 | IV커버=100.0% 이론가커버=100.0% | stream=2478 snap=9086 | 최근저장=2026-05-27 14:05:22
2026-05-28 03:05:58 [ChainSaver] 버퍼 엔트리=196 | price_ticks=118029 greeks_ticks=263749 snap_ticks=202969 | 이론가 커버리지=100.0%
2026-05-28 03:05:58 [ChainSaver] DB 최근5분 rows=11564 | IV커버=100.0% 이론가커버=100.0% | stream=2478 snap=9086 | 최근저장=2026-05-27 14:05:52
2026-05-28 03:06:28 [ChainSaver] 버퍼 엔트리=196 | price_ticks=118965 greeks_ticks=266178 snap_ticks=205601 | 이론가 커버리지=100.0%
2026-05-28 03:06:28 [ChainSaver] DB 최근5분 rows=11564 | IV커버=100.0% 이론가커버=100.0% | stream=2478 snap=9086 | 최근저장=2026-05-27 14:06:22
2026-05-28 03:06:58 [ChainSaver] 버퍼 엔트리=196 | price_ticks=120015 greeks_ticks=268638 snap_ticks=206917 | 이론가 커버리지=100.0%
2026-05-28 03:06:58 [ChainSaver] DB 최근5분 rows=11564 | IV커버=100.0% 이론가커버=100.0% | stream=2478 snap=9086 | 최근저장=2026-05-27 14:06:52
2026-05-28 03:07:28 [ChainSaver] 버퍼 엔트리=196 | price_ticks=120996 greeks_ticks=271015 snap_ticks=209073 | 이론가 커버리지=100.0%
2026-05-28 03:07:28 [ChainSaver] DB 최근5분 rows=11564 | IV커버=100.0% 이론가커버=100.0% | stream=2478 snap=9086 | 최근저장=2026-05-27 14:07:22
2026-05-28 03:07:58 [ChainSaver] 버퍼 엔트리=196 | price_ticks=121710 greeks_ticks=273306 snap_ticks=210305 | 이론가 커버리지=100.0%
2026-05-28 03:07:58 [ChainSaver] DB 최근5분 rows=11564 | IV커버=100.0% 이론가커버=100.0% | stream=2478 snap=9086 | 최근저장=2026-05-27 14:07:52
2026-05-28 03:08:28 [ChainSaver] 버퍼 엔트리=196 | price_ticks=122747 greeks_ticks=275732 snap_ticks=212939 | 이론가 커버리지=100.0%
2026-05-28 03:08:28 [ChainSaver] DB 최근5분 rows=11564 | IV커버=100.0% 이론가커버=100.0% | stream=2478 snap=9086 | 최근저장=2026-05-27 14:08:22
2026-05-28 03:08:58 [ChainSaver] 버퍼 엔트리=196 | price_ticks=123470 greeks_ticks=278157 snap_ticks=214255 | 이론가 커버리지=100.0%
2026-05-28 03:08:58 [ChainSaver] DB 최근5분 rows=11564 | IV커버=100.0% 이론가커버=100.0% | stream=2478 snap=9086 | 최근저장=2026-05-27 14:08:52
2026-05-28 03:09:28 [ChainSaver] 버퍼 엔트리=196 | price_ticks=124126 greeks_ticks=280531 snap_ticks=216411 | 이론가 커버리지=100.0%
2026-05-28 03:09:28 [ChainSaver] DB 최근5분 rows=11564 | IV커버=100.0% 이론가커버=100.0% | stream=2478 snap=9086 | 최근저장=2026-05-27 14:09:22
2026-05-28 03:09:58 [ChainSaver] 버퍼 엔트리=196 | price_ticks=124775 greeks_ticks=282956 snap_ticks=217733 | 이론가 커버리지=100.0%
2026-05-28 03:09:58 [ChainSaver] DB 최근5분 rows=11564 | IV커버=100.0% 이론가커버=100.0% | stream=2478 snap=9086 | 최근저장=2026-05-27 14:09:52
2026-05-28 03:10:28 [ChainSaver] 버퍼 엔트리=196 | price_ticks=125418 greeks_ticks=285226 snap_ticks=220281 | 이론가 커버리지=100.0%
2026-05-28 03:10:28 [ChainSaver] DB 최근5분 rows=11564 | IV커버=100.0% 이론가커버=100.0% | stream=2478 snap=9086 | 최근저장=2026-05-27 14:10:22
2026-05-28 03:10:58 [ChainSaver] 버퍼 엔트리=196 | price_ticks=125948 greeks_ticks=287594 snap_ticks=221569 | 이론가 커버리지=100.0%
2026-05-28 03:10:58 [ChainSaver] DB 최근5분 rows=11564 | IV커버=100.0% 이론가커버=100.0% | stream=2478 snap=9086 | 최근저장=2026-05-27 14:10:52
2026-05-28 03:11:28 [ChainSaver] 버퍼 엔트리=196 | price_ticks=126789 greeks_ticks=290078 snap_ticks=223781 | 이론가 커버리지=100.0%
2026-05-28 03:11:28 [ChainSaver] DB 최근5분 rows=11564 | IV커버=100.0% 이론가커버=100.0% | stream=2478 snap=9086 | 최근저장=2026-05-27 14:11:22
2026-05-28 03:11:58 [ChainSaver] 버퍼 엔트리=196 | price_ticks=127491 greeks_ticks=292460 snap_ticks=225073 | 이론가 커버리지=100.0%
2026-05-28 03:11:58 [ChainSaver] DB 최근5분 rows=11564 | IV커버=100.0% 이론가커버=100.0% | stream=2478 snap=9086 | 최근저장=2026-05-27 14:11:52
2026-05-28 03:12:28 [ChainSaver] 버퍼 엔트리=196 | price_ticks=128293 greeks_ticks=294870 snap_ticks=227703 | 이론가 커버리지=100.0%
2026-05-28 03:12:28 [ChainSaver] DB 최근5분 rows=11564 | IV커버=100.0% 이론가커버=100.0% | stream=2478 snap=9086 | 최근저장=2026-05-27 14:12:22
2026-05-28 03:12:58 [ChainSaver] 버퍼 엔트리=196 | price_ticks=129002 greeks_ticks=296971 snap_ticks=228823 | 이론가 커버리지=100.0%
2026-05-28 03:12:58 [ChainSaver] DB 최근5분 rows=11564 | IV커버=100.0% 이론가커버=100.0% | stream=2478 snap=9086 | 최근저장=2026-05-27 14:12:52
2026-05-28 03:13:28 [ChainSaver] 버퍼 엔트리=196 | price_ticks=129711 greeks_ticks=299387 snap_ticks=231011 | 이론가 커버리지=100.0%
2026-05-28 03:13:28 [ChainSaver] DB 최근5분 rows=11564 | IV커버=100.0% 이론가커버=100.0% | stream=2478 snap=9086 | 최근저장=2026-05-27 14:13:22
2026-05-28 03:13:58 [ChainSaver] 버퍼 엔트리=196 | price_ticks=130430 greeks_ticks=301816 snap_ticks=232329 | 이론가 커버리지=100.0%
2026-05-28 03:13:58 [ChainSaver] DB 최근5분 rows=11564 | IV커버=100.0% 이론가커버=100.0% | stream=2478 snap=9086 | 최근저장=2026-05-27 14:13:52
2026-05-28 03:14:28 [ChainSaver] 버퍼 엔트리=196 | price_ticks=131184 greeks_ticks=304187 snap_ticks=234941 | 이론가 커버리지=100.0%
2026-05-28 03:14:28 [ChainSaver] DB 최근5분 rows=11564 | IV커버=100.0% 이론가커버=100.0% | stream=2479 snap=9085 | 최근저장=2026-05-27 14:14:22
2026-05-28 03:14:58 [ChainSaver] 버퍼 엔트리=196 | price_ticks=131944 greeks_ticks=306668 snap_ticks=236263 | 이론가 커버리지=100.0%
2026-05-28 03:14:58 [ChainSaver] DB 최근5분 rows=11564 | IV커버=100.0% 이론가커버=100.0% | stream=2479 snap=9085 | 최근저장=2026-05-27 14:14:52
2026-05-28 03:15:28 [ChainSaver] 버퍼 엔트리=196 | price_ticks=132925 greeks_ticks=309040 snap_ticks=238427 | 이론가 커버리지=100.0%
2026-05-28 03:15:28 [ChainSaver] DB 최근5분 rows=11564 | IV커버=100.0% 이론가커버=100.0% | stream=2481 snap=9083 | 최근저장=2026-05-27 14:15:22
2026-05-28 03:15:58 [ChainSaver] 버퍼 엔트리=196 | price_ticks=133748 greeks_ticks=311325 snap_ticks=239669 | 이론가 커버리지=100.0%
2026-05-28 03:15:58 [ChainSaver] DB 최근5분 rows=11564 | IV커버=100.0% 이론가커버=100.0% | stream=2482 snap=9082 | 최근저장=2026-05-27 14:15:52
2026-05-28 03:16:28 [ChainSaver] 버퍼 엔트리=196 | price_ticks=134692 greeks_ticks=313753 snap_ticks=242306 | 이론가 커버리지=100.0%
2026-05-28 03:16:28 [ChainSaver] DB 최근5분 rows=11564 | IV커버=100.0% 이론가커버=100.0% | stream=2482 snap=9082 | 최근저장=2026-05-27 14:16:22
2026-05-28 03:16:58 [ChainSaver] 버퍼 엔트리=196 | price_ticks=135699 greeks_ticks=316138 snap_ticks=243596 | 이론가 커버리지=100.0%
2026-05-28 03:16:58 [ChainSaver] DB 최근5분 rows=11564 | IV커버=100.0% 이론가커버=100.0% | stream=2483 snap=9081 | 최근저장=2026-05-27 14:16:52
2026-05-28 03:17:28 [ChainSaver] 버퍼 엔트리=198 | price_ticks=136526 greeks_ticks=318554 snap_ticks=245784 | 이론가 커버리지=100.0%
2026-05-28 03:17:28 [ChainSaver] DB 최근5분 rows=11574 | IV커버=100.0% 이론가커버=100.0% | stream=2485 snap=9089 | 최근저장=2026-05-27 14:17:22
2026-05-28 03:17:58 [ChainSaver] 버퍼 엔트리=198 | price_ticks=137512 greeks_ticks=320794 snap_ticks=246996 | 이론가 커버리지=100.0%
2026-05-28 03:17:58 [ChainSaver] DB 최근5분 rows=11586 | IV커버=100.0% 이론가커버=100.0% | stream=2485 snap=9101 | 최근저장=2026-05-27 14:17:52
2026-05-28 03:18:28 [ChainSaver] 버퍼 엔트리=200 | price_ticks=138353 greeks_ticks=323273 snap_ticks=249664 | 이론가 커버리지=100.0%
2026-05-28 03:18:28 [ChainSaver] DB 최근5분 rows=11608 | IV커버=100.0% 이론가커버=100.0% | stream=2486 snap=9122 | 최근저장=2026-05-27 14:18:22
2026-05-28 03:18:58 [ChainSaver] 버퍼 엔트리=200 | price_ticks=139232 greeks_ticks=325653 snap_ticks=250962 | 이론가 커버리지=100.0%
2026-05-28 03:18:58 [ChainSaver] DB 최근5분 rows=11632 | IV커버=100.0% 이론가커버=100.0% | stream=2487 snap=9145 | 최근저장=2026-05-27 14:18:52
2026-05-28 03:19:28 [ChainSaver] 버퍼 엔트리=200 | price_ticks=140045 greeks_ticks=328018 snap_ticks=253122 | 이론가 커버리지=100.0%
2026-05-28 03:19:28 [ChainSaver] DB 최근5분 rows=11656 | IV커버=100.0% 이론가커버=100.0% | stream=2486 snap=9170 | 최근저장=2026-05-27 14:19:22
2026-05-28 03:19:58 [ChainSaver] 버퍼 엔트리=200 | price_ticks=140753 greeks_ticks=330493 snap_ticks=254454 | 이론가 커버리지=100.0%
2026-05-28 03:19:58 [ChainSaver] DB 최근5분 rows=11680 | IV커버=100.0% 이론가커버=100.0% | stream=2487 snap=9193 | 최근저장=2026-05-27 14:19:52
2026-05-28 03:20:28 [ChainSaver] 버퍼 엔트리=200 | price_ticks=141600 greeks_ticks=332724 snap_ticks=256996 | 이론가 커버리지=100.0%
2026-05-28 03:20:28 [ChainSaver] DB 최근5분 rows=11704 | IV커버=100.0% 이론가커버=100.0% | stream=2485 snap=9219 | 최근저장=2026-05-27 14:20:22
2026-05-28 03:20:58 [ChainSaver] 버퍼 엔트리=200 | price_ticks=142526 greeks_ticks=335149 snap_ticks=258288 | 이론가 커버리지=100.0%
2026-05-28 03:20:58 [ChainSaver] DB 최근5분 rows=11728 | IV커버=100.0% 이론가커버=100.0% | stream=2484 snap=9244 | 최근저장=2026-05-27 14:20:52
2026-05-28 03:21:28 [ChainSaver] 버퍼 엔트리=200 | price_ticks=143399 greeks_ticks=337597 snap_ticks=260506 | 이론가 커버리지=100.0%
2026-05-28 03:21:28 [ChainSaver] DB 최근5분 rows=11752 | IV커버=100.0% 이론가커버=100.0% | stream=2484 snap=9268 | 최근저장=2026-05-27 14:21:22
2026-05-28 03:21:58 [ChainSaver] 버퍼 엔트리=200 | price_ticks=144339 greeks_ticks=340007 snap_ticks=261806 | 이론가 커버리지=100.0%
2026-05-28 03:21:58 [ChainSaver] DB 최근5분 rows=11776 | IV커버=100.0% 이론가커버=100.0% | stream=2484 snap=9292 | 최근저장=2026-05-27 14:21:52
2026-05-28 03:22:28 [ChainSaver] 버퍼 엔트리=200 | price_ticks=145079 greeks_ticks=342263 snap_ticks=264362 | 이론가 커버리지=100.0%
2026-05-28 03:22:28 [ChainSaver] DB 최근5분 rows=11788 | IV커버=100.0% 이론가커버=100.0% | stream=2482 snap=9306 | 최근저장=2026-05-27 14:22:22
2026-05-28 03:22:58 [ChainSaver] 버퍼 엔트리=200 | price_ticks=146199 greeks_ticks=344684 snap_ticks=265654 | 이론가 커버리지=100.0%
2026-05-28 03:22:58 [ChainSaver] DB 최근5분 rows=11800 | IV커버=100.0% 이론가커버=100.0% | stream=2481 snap=9319 | 최근저장=2026-05-27 14:22:52
2026-05-28 03:23:28 [ChainSaver] 버퍼 엔트리=202 | price_ticks=147459 greeks_ticks=347126 snap_ticks=267872 | 이론가 커버리지=100.0%
2026-05-28 03:23:28 [ChainSaver] DB 최근5분 rows=11810 | IV커버=100.0% 이론가커버=100.0% | stream=2481 snap=9329 | 최근저장=2026-05-27 14:23:22
2026-05-28 03:23:58 [ChainSaver] 버퍼 엔트리=202 | price_ticks=148452 greeks_ticks=349490 snap_ticks=269134 | 이론가 커버리지=100.0%
2026-05-28 03:23:58 [ChainSaver] DB 최근5분 rows=11822 | IV커버=100.0% 이론가커버=100.0% | stream=2480 snap=9342 | 최근저장=2026-05-27 14:23:52
2026-05-28 03:24:28 [ChainSaver] 버퍼 엔트리=202 | price_ticks=149309 greeks_ticks=351928 snap_ticks=271794 | 이론가 커버리지=100.0%
2026-05-28 03:24:28 [ChainSaver] DB 최근5분 rows=11834 | IV커버=100.0% 이론가커버=100.0% | stream=2479 snap=9355 | 최근저장=2026-05-27 14:24:22
2026-05-28 03:24:58 [ChainSaver] 버퍼 엔트리=202 | price_ticks=150257 greeks_ticks=354351 snap_ticks=273082 | 이론가 커버리지=100.0%
2026-05-28 03:24:58 [ChainSaver] DB 최근5분 rows=11846 | IV커버=100.0% 이론가커버=100.0% | stream=2479 snap=9367 | 최근저장=2026-05-27 14:24:52
2026-05-28 03:25:28 [ChainSaver] 버퍼 엔트리=202 | price_ticks=151155 greeks_ticks=356648 snap_ticks=275212 | 이론가 커버리지=100.0%
2026-05-28 03:25:28 [ChainSaver] DB 최근5분 rows=11858 | IV커버=100.0% 이론가커버=100.0% | stream=2479 snap=9379 | 최근저장=2026-05-27 14:25:22
2026-05-28 03:25:58 [ChainSaver] 버퍼 엔트리=202 | price_ticks=151979 greeks_ticks=358754 snap_ticks=276306 | 이론가 커버리지=100.0%
2026-05-28 03:25:58 [ChainSaver] DB 최근5분 rows=11870 | IV커버=100.0% 이론가커버=100.0% | stream=2479 snap=9391 | 최근저장=2026-05-27 14:25:52
2026-05-28 03:26:28 [ChainSaver] 버퍼 엔트리=204 | price_ticks=152965 greeks_ticks=360854 snap_ticks=278786 | 이론가 커버리지=100.0%
2026-05-28 03:26:28 [ChainSaver] DB 최근5분 rows=11892 | IV커버=100.0% 이론가커버=100.0% | stream=2479 snap=9413 | 최근저장=2026-05-27 14:26:22
2026-05-28 03:26:58 [ChainSaver] 버퍼 엔트리=204 | price_ticks=153939 greeks_ticks=363185 snap_ticks=280024 | 이론가 커버리지=100.0%
2026-05-28 03:26:58 [ChainSaver] DB 최근5분 rows=11916 | IV커버=100.0% 이론가커버=100.0% | stream=2478 snap=9438 | 최근저장=2026-05-27 14:26:52
2026-05-28 03:27:28 [ChainSaver] 버퍼 엔트리=204 | price_ticks=155384 greeks_ticks=365307 snap_ticks=282044 | 이론가 커버리지=100.0%
2026-05-28 03:27:28 [ChainSaver] DB 최근5분 rows=11940 | IV커버=100.0% 이론가커버=100.0% | stream=2478 snap=9462 | 최근저장=2026-05-27 14:27:22
2026-05-28 03:27:58 [ChainSaver] 버퍼 엔트리=204 | price_ticks=156667 greeks_ticks=367725 snap_ticks=283348 | 이론가 커버리지=100.0%
2026-05-28 03:27:58 [ChainSaver] DB 최근5분 rows=11964 | IV커버=100.0% 이론가커버=100.0% | stream=2478 snap=9486 | 최근저장=2026-05-27 14:27:52
2026-05-28 03:28:28 [ChainSaver] 버퍼 엔트리=204 | price_ticks=158043 greeks_ticks=370042 snap_ticks=285930 | 이론가 커버리지=100.0%
2026-05-28 03:28:28 [ChainSaver] DB 최근5분 rows=11976 | IV커버=100.0% 이론가커버=100.0% | stream=2478 snap=9498 | 최근저장=2026-05-27 14:28:22
2026-05-28 03:28:58 [ChainSaver] 버퍼 엔트리=204 | price_ticks=158990 greeks_ticks=372457 snap_ticks=287222 | 이론가 커버리지=100.0%
2026-05-28 03:28:58 [ChainSaver] DB 최근5분 rows=11988 | IV커버=100.0% 이론가커버=100.0% | stream=2478 snap=9510 | 최근저장=2026-05-27 14:28:52
2026-05-28 03:29:28 [ChainSaver] 버퍼 엔트리=204 | price_ticks=159937 greeks_ticks=374834 snap_ticks=289410 | 이론가 커버리지=100.0%
2026-05-28 03:29:28 [ChainSaver] DB 최근5분 rows=12000 | IV커버=100.0% 이론가커버=100.0% | stream=2478 snap=9522 | 최근저장=2026-05-27 14:29:22
2026-05-28 03:29:58 [ChainSaver] 버퍼 엔트리=204 | price_ticks=160727 greeks_ticks=377003 snap_ticks=290562 | 이론가 커버리지=100.0%
2026-05-28 03:29:58 [ChainSaver] DB 최근5분 rows=12012 | IV커버=100.0% 이론가커버=100.0% | stream=2478 snap=9534 | 최근저장=2026-05-27 14:29:52
2026-05-28 03:30:28 [ChainSaver] 버퍼 엔트리=204 | price_ticks=161879 greeks_ticks=379392 snap_ticks=293212 | 이론가 커버리지=100.0%
2026-05-28 03:30:28 [ChainSaver] DB 최근5분 rows=12024 | IV커버=100.0% 이론가커버=100.0% | stream=2478 snap=9546 | 최근저장=2026-05-27 14:30:22
2026-05-28 03:30:58 [ChainSaver] 버퍼 엔트리=204 | price_ticks=163051 greeks_ticks=381753 snap_ticks=294484 | 이론가 커버리지=100.0%
2026-05-28 03:30:58 [ChainSaver] DB 최근5분 rows=12036 | IV커버=100.0% 이론가커버=100.0% | stream=2478 snap=9558 | 최근저장=2026-05-27 14:30:52
2026-05-28 03:31:28 [ChainSaver] 버퍼 엔트리=204 | price_ticks=164005 greeks_ticks=384176 snap_ticks=296720 | 이론가 커버리지=100.0%
2026-05-28 03:31:28 [ChainSaver] DB 최근5분 rows=12036 | IV커버=100.0% 이론가커버=100.0% | stream=2478 snap=9558 | 최근저장=2026-05-27 14:31:22
2026-05-28 03:31:58 [ChainSaver] 버퍼 엔트리=204 | price_ticks=164874 greeks_ticks=386597 snap_ticks=298018 | 이론가 커버리지=100.0%
2026-05-28 03:31:58 [ChainSaver] DB 최근5분 rows=12036 | IV커버=100.0% 이론가커버=100.0% | stream=2478 snap=9558 | 최근저장=2026-05-27 14:31:52
2026-05-28 03:32:28 [ChainSaver] 버퍼 엔트리=204 | price_ticks=166057 greeks_ticks=389036 snap_ticks=300684 | 이론가 커버리지=100.0%
2026-05-28 03:32:28 [ChainSaver] DB 최근5분 rows=12036 | IV커버=100.0% 이론가커버=100.0% | stream=2478 snap=9558 | 최근저장=2026-05-27 14:32:22
2026-05-28 03:32:58 [ChainSaver] 버퍼 엔트리=204 | price_ticks=167026 greeks_ticks=391416 snap_ticks=301946 | 이론가 커버리지=100.0%
2026-05-28 03:32:58 [ChainSaver] DB 최근5분 rows=12036 | IV커버=100.0% 이론가커버=100.0% | stream=2478 snap=9558 | 최근저장=2026-05-27 14:32:52
2026-05-28 03:33:28 [ChainSaver] 버퍼 엔트리=204 | price_ticks=168039 greeks_ticks=393710 snap_ticks=304076 | 이론가 커버리지=100.0%
2026-05-28 03:33:28 [ChainSaver] DB 최근5분 rows=12036 | IV커버=100.0% 이론가커버=100.0% | stream=2478 snap=9558 | 최근저장=2026-05-27 14:33:22
2026-05-28 03:33:58 [ChainSaver] 버퍼 엔트리=204 | price_ticks=169053 greeks_ticks=396012 snap_ticks=305280 | 이론가 커버리지=100.0%
2026-05-28 03:33:58 [ChainSaver] DB 최근5분 rows=12036 | IV커버=100.0% 이론가커버=100.0% | stream=2478 snap=9558 | 최근저장=2026-05-27 14:33:52
2026-05-28 03:34:28 [ChainSaver] 버퍼 엔트리=204 | price_ticks=169921 greeks_ticks=398245 snap_ticks=307828 | 이론가 커버리지=100.0%
2026-05-28 03:34:28 [ChainSaver] DB 최근5분 rows=12036 | IV커버=100.0% 이론가커버=100.0% | stream=2478 snap=9558 | 최근저장=2026-05-27 14:34:22
2026-05-28 03:34:58 [ChainSaver] 버퍼 엔트리=204 | price_ticks=170640 greeks_ticks=400714 snap_ticks=309144 | 이론가 커버리지=100.0%
2026-05-28 03:34:58 [ChainSaver] DB 최근5분 rows=12036 | IV커버=100.0% 이론가커버=100.0% | stream=2478 snap=9558 | 최근저장=2026-05-27 14:34:52
2026-05-28 03:35:28 [ChainSaver] 버퍼 엔트리=204 | price_ticks=171453 greeks_ticks=403094 snap_ticks=311328 | 이론가 커버리지=100.0%
2026-05-28 03:35:28 [ChainSaver] DB 최근5분 rows=12036 | IV커버=100.0% 이론가커버=100.0% | stream=2478 snap=9558 | 최근저장=2026-05-27 14:35:22
2026-05-28 03:35:58 [ChainSaver] 버퍼 엔트리=204 | price_ticks=172105 greeks_ticks=405508 snap_ticks=312616 | 이론가 커버리지=100.0%
2026-05-28 03:35:58 [ChainSaver] DB 최근5분 rows=12036 | IV커버=100.0% 이론가커버=100.0% | stream=2478 snap=9558 | 최근저장=2026-05-27 14:35:52
2026-05-28 03:36:28 [ChainSaver] 버퍼 엔트리=204 | price_ticks=172884 greeks_ticks=407895 snap_ticks=315248 | 이론가 커버리지=100.0%
2026-05-28 03:36:28 [ChainSaver] DB 최근5분 rows=12036 | IV커버=100.0% 이론가커버=100.0% | stream=2478 snap=9558 | 최근저장=2026-05-27 14:36:22
2026-05-28 03:36:58 [ChainSaver] 버퍼 엔트리=204 | price_ticks=173542 greeks_ticks=410365 snap_ticks=316564 | 이론가 커버리지=100.0%
2026-05-28 03:36:58 [ChainSaver] DB 최근5분 rows=12036 | IV커버=100.0% 이론가커버=100.0% | stream=2478 snap=9558 | 최근저장=2026-05-27 14:36:52
2026-05-28 03:37:28 [ChainSaver] 버퍼 엔트리=204 | price_ticks=174509 greeks_ticks=412755 snap_ticks=318748 | 이론가 커버리지=100.0%
2026-05-28 03:37:28 [ChainSaver] DB 최근5분 rows=12036 | IV커버=100.0% 이론가커버=100.0% | stream=2478 snap=9558 | 최근저장=2026-05-27 14:37:22
2026-05-28 03:37:58 [ChainSaver] 버퍼 엔트리=204 | price_ticks=175499 greeks_ticks=415131 snap_ticks=320008 | 이론가 커버리지=100.0%
2026-05-28 03:37:58 [ChainSaver] DB 최근5분 rows=12036 | IV커버=100.0% 이론가커버=100.0% | stream=2478 snap=9558 | 최근저장=2026-05-27 14:37:52
2026-05-28 03:38:28 [ChainSaver] 버퍼 엔트리=204 | price_ticks=176550 greeks_ticks=417470 snap_ticks=322614 | 이론가 커버리지=100.0%
2026-05-28 03:38:28 [ChainSaver] DB 최근5분 rows=12036 | IV커버=100.0% 이론가커버=100.0% | stream=2478 snap=9558 | 최근저장=2026-05-27 14:38:22
2026-05-28 03:38:58 [ChainSaver] 버퍼 엔트리=204 | price_ticks=177356 greeks_ticks=419853 snap_ticks=323874 | 이론가 커버리지=100.0%
2026-05-28 03:38:58 [ChainSaver] DB 최근5분 rows=12036 | IV커버=100.0% 이론가커버=100.0% | stream=2478 snap=9558 | 최근저장=2026-05-27 14:38:52
2026-05-28 03:39:28 [ChainSaver] 버퍼 엔트리=204 | price_ticks=178137 greeks_ticks=422293 snap_ticks=326086 | 이론가 커버리지=100.0%
2026-05-28 03:39:28 [ChainSaver] DB 최근5분 rows=12036 | IV커버=100.0% 이론가커버=100.0% | stream=2478 snap=9558 | 최근저장=2026-05-27 14:39:22
2026-05-28 03:39:58 [ChainSaver] 버퍼 엔트리=204 | price_ticks=178851 greeks_ticks=424710 snap_ticks=327374 | 이론가 커버리지=100.0%
2026-05-28 03:39:58 [ChainSaver] DB 최근5분 rows=12036 | IV커버=100.0% 이론가커버=100.0% | stream=2478 snap=9558 | 최근저장=2026-05-27 14:39:52
2026-05-28 03:40:28 [ChainSaver] 버퍼 엔트리=204 | price_ticks=179391 greeks_ticks=426823 snap_ticks=329868 | 이론가 커버리지=100.0%
2026-05-28 03:40:28 [ChainSaver] DB 최근5분 rows=12036 | IV커버=100.0% 이론가커버=100.0% | stream=2478 snap=9558 | 최근저장=2026-05-27 14:40:22
2026-05-28 03:40:58 [ChainSaver] 버퍼 엔트리=204 | price_ticks=179995 greeks_ticks=429192 snap_ticks=331130 | 이론가 커버리지=100.0%
2026-05-28 03:40:58 [ChainSaver] DB 최근5분 rows=12036 | IV커버=100.0% 이론가커버=100.0% | stream=2478 snap=9558 | 최근저장=2026-05-27 14:40:52
2026-05-28 03:41:28 [ChainSaver] 버퍼 엔트리=204 | price_ticks=180553 greeks_ticks=431559 snap_ticks=333314 | 이론가 커버리지=100.0%
2026-05-28 03:41:28 [ChainSaver] DB 최근5분 rows=12036 | IV커버=100.0% 이론가커버=100.0% | stream=2478 snap=9558 | 최근저장=2026-05-27 14:41:22
2026-05-28 03:41:58 [ChainSaver] 버퍼 엔트리=204 | price_ticks=181165 greeks_ticks=434033 snap_ticks=334630 | 이론가 커버리지=100.0%
2026-05-28 03:41:59 [ChainSaver] DB 최근5분 rows=12036 | IV커버=100.0% 이론가커버=100.0% | stream=2478 snap=9558 | 최근저장=2026-05-27 14:41:52
2026-05-28 03:42:28 [ChainSaver] 버퍼 엔트리=204 | price_ticks=181812 greeks_ticks=436409 snap_ticks=337266 | 이론가 커버리지=100.0%
2026-05-28 03:42:28 [ChainSaver] DB 최근5분 rows=12036 | IV커버=100.0% 이론가커버=100.0% | stream=2478 snap=9558 | 최근저장=2026-05-27 14:42:22
2026-05-28 03:42:58 [ChainSaver] 버퍼 엔트리=204 | price_ticks=182584 greeks_ticks=438840 snap_ticks=338554 | 이론가 커버리지=100.0%
2026-05-28 03:42:58 [ChainSaver] DB 최근5분 rows=12036 | IV커버=100.0% 이론가커버=100.0% | stream=2478 snap=9558 | 최근저장=2026-05-27 14:42:52
2026-05-28 03:43:28 [ChainSaver] 버퍼 엔트리=204 | price_ticks=183619 greeks_ticks=440998 snap_ticks=340598 | 이론가 커버리지=100.0%
2026-05-28 03:43:28 [ChainSaver] DB 최근5분 rows=12036 | IV커버=100.0% 이론가커버=100.0% | stream=2478 snap=9558 | 최근저장=2026-05-27 14:43:22
2026-05-28 03:43:58 [ChainSaver] 버퍼 엔트리=204 | price_ticks=184291 greeks_ticks=443261 snap_ticks=341804 | 이론가 커버리지=100.0%
2026-05-28 03:43:58 [ChainSaver] DB 최근5분 rows=12036 | IV커버=100.0% 이론가커버=100.0% | stream=2478 snap=9558 | 최근저장=2026-05-27 14:43:52
2026-05-28 03:44:28 [ChainSaver] 버퍼 엔트리=204 | price_ticks=184764 greeks_ticks=445505 snap_ticks=344352 | 이론가 커버리지=100.0%
2026-05-28 03:44:28 [ChainSaver] DB 최근5분 rows=12036 | IV커버=100.0% 이론가커버=100.0% | stream=2478 snap=9558 | 최근저장=2026-05-27 14:44:22
2026-05-28 03:44:58 [ChainSaver] 버퍼 엔트리=204 | price_ticks=185278 greeks_ticks=447475 snap_ticks=345396 | 이론가 커버리지=100.0%
2026-05-28 03:44:58 [ChainSaver] DB 최근5분 rows=12036 | IV커버=100.0% 이론가커버=100.0% | stream=2478 snap=9558 | 최근저장=2026-05-27 14:44:52
2026-05-28 03:45:28 [ChainSaver] 버퍼 엔트리=204 | price_ticks=185990 greeks_ticks=449903 snap_ticks=347610 | 이론가 커버리지=100.0%
2026-05-28 03:45:28 [ChainSaver] DB 최근5분 rows=12036 | IV커버=100.0% 이론가커버=100.0% | stream=2478 snap=9558 | 최근저장=2026-05-27 14:45:22
2026-05-28 03:45:58 [ChainSaver] 버퍼 엔트리=204 | price_ticks=186617 greeks_ticks=452130 snap_ticks=348792 | 이론가 커버리지=100.0%
2026-05-28 03:45:58 [ChainSaver] DB 최근5분 rows=12036 | IV커버=100.0% 이론가커버=100.0% | stream=2478 snap=9558 | 최근저장=2026-05-27 14:45:52
2026-05-28 03:46:28 [ChainSaver] 버퍼 엔트리=204 | price_ticks=187610 greeks_ticks=454564 snap_ticks=351442 | 이론가 커버리지=100.0%
2026-05-28 03:46:28 [ChainSaver] DB 최근5분 rows=12036 | IV커버=100.0% 이론가커버=100.0% | stream=2478 snap=9558 | 최근저장=2026-05-27 14:46:22
2026-05-28 03:46:58 [ChainSaver] 버퍼 엔트리=204 | price_ticks=188230 greeks_ticks=456822 snap_ticks=352646 | 이론가 커버리지=100.0%
2026-05-28 03:46:58 [ChainSaver] DB 최근5분 rows=12036 | IV커버=100.0% 이론가커버=100.0% | stream=2478 snap=9558 | 최근저장=2026-05-27 14:46:52
2026-05-28 03:47:28 [ChainSaver] 버퍼 엔트리=204 | price_ticks=188844 greeks_ticks=459200 snap_ticks=354830 | 이론가 커버리지=100.0%
2026-05-28 03:47:28 [ChainSaver] DB 최근5분 rows=12036 | IV커버=100.0% 이론가커버=100.0% | stream=2478 snap=9558 | 최근저장=2026-05-27 14:47:22
2026-05-28 03:47:58 [ChainSaver] 버퍼 엔트리=204 | price_ticks=189586 greeks_ticks=461617 snap_ticks=356118 | 이론가 커버리지=100.0%
2026-05-28 03:47:58 [ChainSaver] DB 최근5분 rows=12036 | IV커버=100.0% 이론가커버=100.0% | stream=2478 snap=9558 | 최근저장=2026-05-27 14:47:52
2026-05-28 03:48:28 [ChainSaver] 버퍼 엔트리=204 | price_ticks=190340 greeks_ticks=463901 snap_ticks=358694 | 이론가 커버리지=100.0%
2026-05-28 03:48:28 [ChainSaver] DB 최근5분 rows=12036 | IV커버=100.0% 이론가커버=100.0% | stream=2478 snap=9558 | 최근저장=2026-05-27 14:48:22
2026-05-28 03:48:58 [ChainSaver] 버퍼 엔트리=204 | price_ticks=190969 greeks_ticks=466171 snap_ticks=359898 | 이론가 커버리지=100.0%
2026-05-28 03:48:58 [ChainSaver] DB 최근5분 rows=12036 | IV커버=100.0% 이론가커버=100.0% | stream=2478 snap=9558 | 최근저장=2026-05-27 14:48:52
2026-05-28 03:49:28 [ChainSaver] 버퍼 엔트리=204 | price_ticks=191877 greeks_ticks=468561 snap_ticks=362082 | 이론가 커버리지=100.0%
2026-05-28 03:49:28 [ChainSaver] DB 최근5분 rows=12036 | IV커버=100.0% 이론가커버=100.0% | stream=2478 snap=9558 | 최근저장=2026-05-27 14:49:22
2026-05-28 03:49:58 [ChainSaver] 버퍼 엔트리=204 | price_ticks=192714 greeks_ticks=470837 snap_ticks=363286 | 이론가 커버리지=100.0%
2026-05-28 03:49:59 [ChainSaver] DB 최근5분 rows=12036 | IV커버=100.0% 이론가커버=100.0% | stream=2478 snap=9558 | 최근저장=2026-05-27 14:49:52
2026-05-28 03:50:28 [ChainSaver] 버퍼 엔트리=204 | price_ticks=193645 greeks_ticks=473277 snap_ticks=365946 | 이론가 커버리지=100.0%
2026-05-28 03:50:28 [ChainSaver] DB 최근5분 rows=12036 | IV커버=100.0% 이론가커버=100.0% | stream=2478 snap=9558 | 최근저장=2026-05-27 14:50:22
2026-05-28 03:50:58 [ChainSaver] 버퍼 엔트리=204 | price_ticks=194370 greeks_ticks=475537 snap_ticks=367150 | 이론가 커버리지=100.0%
2026-05-28 03:50:58 [ChainSaver] DB 최근5분 rows=12036 | IV커버=100.0% 이론가커버=100.0% | stream=2478 snap=9558 | 최근저장=2026-05-27 14:50:52
2026-05-28 03:51:28 [ChainSaver] 버퍼 엔트리=204 | price_ticks=195374 greeks_ticks=477915 snap_ticks=369312 | 이론가 커버리지=100.0%
2026-05-28 03:51:28 [ChainSaver] DB 최근5분 rows=12036 | IV커버=100.0% 이론가커버=100.0% | stream=2478 snap=9558 | 최근저장=2026-05-27 14:51:22
2026-05-28 03:51:58 [ChainSaver] 버퍼 엔트리=204 | price_ticks=196263 greeks_ticks=480367 snap_ticks=370628 | 이론가 커버리지=100.0%
2026-05-28 03:51:58 [ChainSaver] DB 최근5분 rows=12036 | IV커버=100.0% 이론가커버=100.0% | stream=2478 snap=9558 | 최근저장=2026-05-27 14:51:52
2026-05-28 03:52:28 [ChainSaver] 버퍼 엔트리=204 | price_ticks=196881 greeks_ticks=482779 snap_ticks=373260 | 이론가 커버리지=100.0%
2026-05-28 03:52:28 [ChainSaver] DB 최근5분 rows=12036 | IV커버=100.0% 이론가커버=100.0% | stream=2478 snap=9558 | 최근저장=2026-05-27 14:52:22
2026-05-28 03:52:58 [ChainSaver] 버퍼 엔트리=204 | price_ticks=197521 greeks_ticks=485167 snap_ticks=374550 | 이론가 커버리지=100.0%
2026-05-28 03:52:58 [ChainSaver] DB 최근5분 rows=12036 | IV커버=100.0% 이론가커버=100.0% | stream=2478 snap=9558 | 최근저장=2026-05-27 14:52:52
2026-05-28 03:53:28 [ChainSaver] 버퍼 엔트리=206 | price_ticks=198375 greeks_ticks=487636 snap_ticks=376766 | 이론가 커버리지=100.0%
2026-05-28 03:53:28 [ChainSaver] DB 최근5분 rows=12046 | IV커버=100.0% 이론가커버=100.0% | stream=2478 snap=9568 | 최근저장=2026-05-27 14:53:22
2026-05-28 03:53:58 [ChainSaver] 버퍼 엔트리=206 | price_ticks=199482 greeks_ticks=489886 snap_ticks=377972 | 이론가 커버리지=100.0%
2026-05-28 03:53:58 [ChainSaver] DB 최근5분 rows=12058 | IV커버=100.0% 이론가커버=100.0% | stream=2478 snap=9580 | 최근저장=2026-05-27 14:53:52
2026-05-28 03:54:28 [ChainSaver] 버퍼 엔트리=206 | price_ticks=200110 greeks_ticks=492140 snap_ticks=380520 | 이론가 커버리지=100.0%
2026-05-28 03:54:28 [ChainSaver] DB 최근5분 rows=12070 | IV커버=100.0% 이론가커버=100.0% | stream=2478 snap=9592 | 최근저장=2026-05-27 14:54:22
2026-05-28 03:54:58 [ChainSaver] 버퍼 엔트리=206 | price_ticks=200820 greeks_ticks=494434 snap_ticks=381756 | 이론가 커버리지=100.0%
2026-05-28 03:54:58 [ChainSaver] DB 최근5분 rows=12082 | IV커버=100.0% 이론가커버=100.0% | stream=2478 snap=9604 | 최근저장=2026-05-27 14:54:52
2026-05-28 03:55:28 [ChainSaver] 버퍼 엔트리=206 | price_ticks=201536 greeks_ticks=496555 snap_ticks=383772 | 이론가 커버리지=100.0%
2026-05-28 03:55:28 [ChainSaver] DB 최근5분 rows=12094 | IV커버=100.0% 이론가커버=100.0% | stream=2478 snap=9616 | 최근저장=2026-05-27 14:55:22
2026-05-28 03:55:58 [ChainSaver] 버퍼 엔트리=206 | price_ticks=202332 greeks_ticks=498956 snap_ticks=385060 | 이론가 커버리지=100.0%
2026-05-28 03:55:58 [ChainSaver] DB 최근5분 rows=12106 | IV커버=100.0% 이론가커버=100.0% | stream=2478 snap=9628 | 최근저장=2026-05-27 14:55:52
2026-05-28 03:56:28 [ChainSaver] 버퍼 엔트리=206 | price_ticks=202701 greeks_ticks=501163 snap_ticks=387579 | 이론가 커버리지=100.0%
2026-05-28 03:56:28 [ChainSaver] DB 최근5분 rows=12118 | IV커버=100.0% 이론가커버=100.0% | stream=2478 snap=9640 | 최근저장=2026-05-27 14:56:22
2026-05-28 03:56:58 [ChainSaver] 버퍼 엔트리=206 | price_ticks=203260 greeks_ticks=503589 snap_ticks=388895 | 이론가 커버리지=100.0%
2026-05-28 03:56:58 [ChainSaver] DB 최근5분 rows=12130 | IV커버=100.0% 이론가커버=100.0% | stream=2478 snap=9652 | 최근저장=2026-05-27 14:56:52
2026-05-28 03:57:28 [ChainSaver] 버퍼 엔트리=206 | price_ticks=203901 greeks_ticks=505952 snap_ticks=391051 | 이론가 커버리지=100.0%
2026-05-28 03:57:28 [ChainSaver] DB 최근5분 rows=12142 | IV커버=100.0% 이론가커버=100.0% | stream=2478 snap=9664 | 최근저장=2026-05-27 14:57:22
2026-05-28 03:57:58 [ChainSaver] 버퍼 엔트리=206 | price_ticks=204412 greeks_ticks=508380 snap_ticks=392369 | 이론가 커버리지=100.0%
2026-05-28 03:57:58 [ChainSaver] DB 최근5분 rows=12154 | IV커버=100.0% 이론가커버=100.0% | stream=2478 snap=9676 | 최근저장=2026-05-27 14:57:52
2026-05-28 03:58:28 [ChainSaver] 버퍼 엔트리=206 | price_ticks=205168 greeks_ticks=510796 snap_ticks=395001 | 이론가 커버리지=100.0%
2026-05-28 03:58:28 [ChainSaver] DB 최근5분 rows=12154 | IV커버=100.0% 이론가커버=100.0% | stream=2478 snap=9676 | 최근저장=2026-05-27 14:58:22
2026-05-28 03:58:58 [ChainSaver] 버퍼 엔트리=206 | price_ticks=205914 greeks_ticks=513239 snap_ticks=396319 | 이론가 커버리지=100.0%
2026-05-28 03:58:58 [ChainSaver] DB 최근5분 rows=12154 | IV커버=100.0% 이론가커버=100.0% | stream=2478 snap=9676 | 최근저장=2026-05-27 14:58:52
2026-05-28 03:59:28 [ChainSaver] 버퍼 엔트리=206 | price_ticks=206572 greeks_ticks=515603 snap_ticks=398475 | 이론가 커버리지=100.0%
2026-05-28 03:59:28 [ChainSaver] DB 최근5분 rows=12154 | IV커버=100.0% 이론가커버=100.0% | stream=2478 snap=9676 | 최근저장=2026-05-27 14:59:22
2026-05-28 03:59:58 [ChainSaver] 버퍼 엔트리=206 | price_ticks=207282 greeks_ticks=517996 snap_ticks=399763 | 이론가 커버리지=100.0%
2026-05-28 03:59:58 [ChainSaver] DB 최근5분 rows=12154 | IV커버=100.0% 이론가커버=100.0% | stream=2478 snap=9676 | 최근저장=2026-05-27 14:59:52
2026-05-28 04:00:28 [ChainSaver] 버퍼 엔트리=206 | price_ticks=208395 greeks_ticks=520471 snap_ticks=402427 | 이론가 커버리지=100.0%
2026-05-28 04:00:28 [ChainSaver] DB 최근5분 rows=12154 | IV커버=100.0% 이론가커버=100.0% | stream=2478 snap=9676 | 최근저장=2026-05-27 15:00:22
2026-05-28 04:00:58 [ChainSaver] 버퍼 엔트리=206 | price_ticks=209479 greeks_ticks=522859 snap_ticks=403715 | 이론가 커버리지=100.0%
2026-05-28 04:00:59 [ChainSaver] DB 최근5분 rows=12154 | IV커버=100.0% 이론가커버=100.0% | stream=2479 snap=9675 | 최근저장=2026-05-27 15:00:52
2026-05-28 04:01:28 [ChainSaver] 버퍼 엔트리=206 | price_ticks=210721 greeks_ticks=525277 snap_ticks=405899 | 이론가 커버리지=100.0%
2026-05-28 04:01:29 [ChainSaver] DB 최근5분 rows=12154 | IV커버=100.0% 이론가커버=100.0% | stream=2479 snap=9675 | 최근저장=2026-05-27 15:01:22
2026-05-28 04:01:58 [ChainSaver] 버퍼 엔트리=206 | price_ticks=211647 greeks_ticks=527596 snap_ticks=407147 | 이론가 커버리지=100.0%
2026-05-28 04:01:58 [ChainSaver] DB 최근5분 rows=12154 | IV커버=100.0% 이론가커버=100.0% | stream=2479 snap=9675 | 최근저장=2026-05-27 15:01:52
2026-05-28 04:02:28 [ChainSaver] 버퍼 엔트리=206 | price_ticks=212687 greeks_ticks=530018 snap_ticks=409775 | 이론가 커버리지=100.0%
2026-05-28 04:02:28 [ChainSaver] DB 최근5분 rows=12154 | IV커버=100.0% 이론가커버=100.0% | stream=2479 snap=9675 | 최근저장=2026-05-27 15:02:22
2026-05-28 04:02:58 [ChainSaver] 버퍼 엔트리=206 | price_ticks=213446 greeks_ticks=532399 snap_ticks=411063 | 이론가 커버리지=100.0%
2026-05-28 04:02:58 [ChainSaver] DB 최근5분 rows=12154 | IV커버=100.0% 이론가커버=100.0% | stream=2479 snap=9675 | 최근저장=2026-05-27 15:02:52
2026-05-28 04:03:28 [ChainSaver] 버퍼 엔트리=206 | price_ticks=214104 greeks_ticks=534681 snap_ticks=413163 | 이론가 커버리지=100.0%
2026-05-28 04:03:29 [ChainSaver] DB 최근5분 rows=12154 | IV커버=100.0% 이론가커버=100.0% | stream=2479 snap=9675 | 최근저장=2026-05-27 15:03:22
2026-05-28 04:03:58 [ChainSaver] 버퍼 엔트리=206 | price_ticks=214749 greeks_ticks=537106 snap_ticks=414483 | 이론가 커버리지=100.0%
2026-05-28 04:04:00 [ChainSaver] DB 최근5분 rows=12154 | IV커버=100.0% 이론가커버=100.0% | stream=2479 snap=9675 | 최근저장=2026-05-27 15:03:52
2026-05-28 04:04:28 [ChainSaver] 버퍼 엔트리=206 | price_ticks=215356 greeks_ticks=539471 snap_ticks=417087 | 이론가 커버리지=100.0%
2026-05-28 04:04:28 [ChainSaver] DB 최근5분 rows=12154 | IV커버=100.0% 이론가커버=100.0% | stream=2479 snap=9675 | 최근저장=2026-05-27 15:04:22
2026-05-28 04:04:58 [ChainSaver] 버퍼 엔트리=206 | price_ticks=216033 greeks_ticks=541761 snap_ticks=418325 | 이론가 커버리지=100.0%
2026-05-28 04:04:58 [ChainSaver] DB 최근5분 rows=12154 | IV커버=100.0% 이론가커버=100.0% | stream=2479 snap=9675 | 최근저장=2026-05-27 15:04:52
2026-05-28 04:05:28 [ChainSaver] 버퍼 엔트리=206 | price_ticks=216754 greeks_ticks=544185 snap_ticks=420509 | 이론가 커버리지=100.0%
2026-05-28 04:05:28 [ChainSaver] DB 최근5분 rows=12154 | IV커버=100.0% 이론가커버=100.0% | stream=2478 snap=9676 | 최근저장=2026-05-27 15:05:22
2026-05-28 04:05:58 [ChainSaver] 버퍼 엔트리=206 | price_ticks=217498 greeks_ticks=546621 snap_ticks=421829 | 이론가 커버리지=100.0%
2026-05-28 04:05:58 [ChainSaver] DB 최근5분 rows=12154 | IV커버=100.0% 이론가커버=100.0% | stream=2478 snap=9676 | 최근저장=2026-05-27 15:05:52
2026-05-28 04:06:28 [ChainSaver] 버퍼 엔트리=206 | price_ticks=218639 greeks_ticks=549009 snap_ticks=424433 | 이론가 커버리지=100.0%
2026-05-28 04:06:28 [ChainSaver] DB 최근5분 rows=12154 | IV커버=100.0% 이론가커버=100.0% | stream=2478 snap=9676 | 최근저장=2026-05-27 15:06:22
2026-05-28 04:06:58 [ChainSaver] 버퍼 엔트리=206 | price_ticks=219761 greeks_ticks=551441 snap_ticks=425749 | 이론가 커버리지=100.0%
2026-05-28 04:06:58 [ChainSaver] DB 최근5분 rows=12154 | IV커버=100.0% 이론가커버=100.0% | stream=2478 snap=9676 | 최근저장=2026-05-27 15:06:52
2026-05-28 04:07:28 [ChainSaver] 버퍼 엔트리=206 | price_ticks=220719 greeks_ticks=553737 snap_ticks=427849 | 이론가 커버리지=100.0%
2026-05-28 04:07:28 [ChainSaver] DB 최근5분 rows=12154 | IV커버=100.0% 이론가커버=100.0% | stream=2478 snap=9676 | 최근저장=2026-05-27 15:07:22
2026-05-28 04:07:58 [ChainSaver] 버퍼 엔트리=206 | price_ticks=221623 greeks_ticks=555962 snap_ticks=429061 | 이론가 커버리지=100.0%
2026-05-28 04:07:58 [ChainSaver] DB 최근5분 rows=12154 | IV커버=100.0% 이론가커버=100.0% | stream=2478 snap=9676 | 최근저장=2026-05-27 15:07:52
2026-05-28 04:08:28 [ChainSaver] 버퍼 엔트리=206 | price_ticks=222450 greeks_ticks=558239 snap_ticks=431611 | 이론가 커버리지=100.0%
2026-05-28 04:08:29 [ChainSaver] DB 최근5분 rows=12154 | IV커버=100.0% 이론가커버=100.0% | stream=2478 snap=9676 | 최근저장=2026-05-27 15:08:22
2026-05-28 04:08:58 [ChainSaver] 버퍼 엔트리=206 | price_ticks=223014 greeks_ticks=560535 snap_ticks=432847 | 이론가 커버리지=100.0%
2026-05-28 04:08:59 [ChainSaver] DB 최근5분 rows=12154 | IV커버=100.0% 이론가커버=100.0% | stream=2478 snap=9676 | 최근저장=2026-05-27 15:08:52
2026-05-28 04:09:44 [ChainSaver] 버퍼 엔트리=56 | price_ticks=431 greeks_ticks=1156 snap_ticks=600 | 이론가 커버리지=100.0%
2026-05-28 04:09:45 [ChainSaver] DB 최근5분 rows=10820 | IV커버=100.0% 이론가커버=99.8% | stream=2267 snap=8553 | 최근저장=2026-05-27 15:09:38
2026-05-28 04:10:14 [ChainSaver] 버퍼 엔트리=56 | price_ticks=907 greeks_ticks=3580 snap_ticks=1916 | 이론가 커버리지=100.0%
2026-05-28 04:10:14 [ChainSaver] DB 최근5분 rows=9920 | IV커버=100.0% 이론가커버=99.3% | stream=2268 snap=7652 | 최근저장=2026-05-27 15:10:08
2026-05-28 04:10:44 [ChainSaver] 버퍼 엔트리=120 | price_ticks=1564 greeks_ticks=6012 snap_ticks=4104 | 이론가 커버리지=100.0%
2026-05-28 04:10:44 [ChainSaver] DB 최근5분 rows=9340 | IV커버=100.0% 이론가커버=98.6% | stream=2268 snap=7072 | 최근저장=2026-05-27 15:10:38
2026-05-28 04:11:14 [ChainSaver] 버퍼 엔트리=120 | price_ticks=2147 greeks_ticks=8409 snap_ticks=5390 | 이론가 커버리지=100.0%
2026-05-28 04:11:14 [ChainSaver] DB 최근5분 rows=8824 | IV커버=100.0% 이론가커버=97.9% | stream=2268 snap=6556 | 최근저장=2026-05-27 15:11:08
2026-05-28 04:11:44 [ChainSaver] 버퍼 엔트리=184 | price_ticks=2530 greeks_ticks=10674 snap_ticks=7944 | 이론가 커버리지=100.0%
2026-05-28 04:11:44 [ChainSaver] DB 최근5분 rows=8628 | IV커버=100.0% 이론가커버=97.3% | stream=2268 snap=6360 | 최근저장=2026-05-27 15:11:38
2026-05-28 04:12:14 [ChainSaver] 버퍼 엔트리=184 | price_ticks=2956 greeks_ticks=13108 snap_ticks=9258 | 이론가 커버리지=100.0%
2026-05-28 04:12:14 [ChainSaver] DB 최근5분 rows=8496 | IV커버=100.0% 이론가커버=96.6% | stream=2268 snap=6228 | 최근저장=2026-05-27 15:12:08
2026-05-28 04:12:44 [ChainSaver] 버퍼 엔트리=184 | price_ticks=3345 greeks_ticks=15331 snap_ticks=11332 | 이론가 커버리지=100.0%
2026-05-28 04:12:44 [ChainSaver] DB 최근5분 rows=8364 | IV커버=100.0% 이론가커버=95.9% | stream=2268 snap=6096 | 최근저장=2026-05-27 15:12:38
2026-05-28 04:13:14 [ChainSaver] 버퍼 엔트리=184 | price_ticks=3788 greeks_ticks=17770 snap_ticks=12658 | 이론가 커버리지=100.0%
2026-05-28 04:13:14 [ChainSaver] DB 최근5분 rows=8232 | IV커버=100.0% 이론가커버=95.2% | stream=2268 snap=5964 | 최근저장=2026-05-27 15:13:08
2026-05-28 04:13:44 [ChainSaver] 버퍼 엔트리=184 | price_ticks=4315 greeks_ticks=20192 snap_ticks=15296 | 이론가 커버리지=100.0%
2026-05-28 04:13:44 [ChainSaver] DB 최근5분 rows=8100 | IV커버=100.0% 이론가커버=94.4% | stream=2268 snap=5832 | 최근저장=2026-05-27 15:13:38
2026-05-28 04:14:14 [ChainSaver] 버퍼 엔트리=184 | price_ticks=4840 greeks_ticks=22648 snap_ticks=16616 | 이론가 커버리지=100.0%
2026-05-28 04:14:14 [ChainSaver] DB 최근5분 rows=8380 | IV커버=100.0% 이론가커버=93.9% | stream=2352 snap=6028 | 최근저장=2026-05-27 15:14:08
2026-05-28 04:14:44 [ChainSaver] 버퍼 엔트리=184 | price_ticks=5341 greeks_ticks=24864 snap_ticks=18690 | 이론가 커버리지=100.0%
2026-05-28 04:14:44 [ChainSaver] DB 최근5분 rows=9320 | IV커버=100.0% 이론가커버=94.3% | stream=2479 snap=6841 | 최근저장=2026-05-27 15:14:38
2026-05-28 04:15:14 [ChainSaver] 버퍼 엔트리=184 | price_ticks=5731 greeks_ticks=27307 snap_ticks=20030 | 이론가 커버리지=100.0%
2026-05-28 04:15:14 [ChainSaver] DB 최근5분 rows=10088 | IV커버=100.0% 이론가커버=94.7% | stream=2480 snap=7608 | 최근저장=2026-05-27 15:15:08
2026-05-28 04:15:44 [ChainSaver] 버퍼 엔트리=184 | price_ticks=6159 greeks_ticks=29734 snap_ticks=22668 | 이론가 커버리지=100.0%
2026-05-28 04:15:44 [ChainSaver] DB 최근5분 rows=10472 | IV커버=100.0% 이론가커버=94.9% | stream=2480 snap=7992 | 최근저장=2026-05-27 15:15:38
2026-05-28 04:16:14 [ChainSaver] 버퍼 엔트리=184 | price_ticks=6572 greeks_ticks=31973 snap_ticks=23878 | 이론가 커버리지=100.0%
2026-05-28 04:16:14 [ChainSaver] DB 최근5분 rows=10856 | IV커버=100.0% 이론가커버=95.1% | stream=2480 snap=8376 | 최근저장=2026-05-27 15:16:08
2026-05-28 04:16:44 [ChainSaver] 버퍼 엔트리=184 | price_ticks=7181 greeks_ticks=34399 snap_ticks=26068 | 이론가 커버리지=100.0%
2026-05-28 04:16:44 [ChainSaver] DB 최근5분 rows=10856 | IV커버=100.0% 이론가커버=95.1% | stream=2480 snap=8376 | 최근저장=2026-05-27 15:16:38
2026-05-28 04:17:14 [ChainSaver] 버퍼 엔트리=184 | price_ticks=7621 greeks_ticks=36836 snap_ticks=27382 | 이론가 커버리지=100.0%
2026-05-28 04:17:14 [ChainSaver] DB 최근5분 rows=10856 | IV커버=100.0% 이론가커버=95.1% | stream=2480 snap=8376 | 최근저장=2026-05-27 15:17:08
2026-05-28 04:17:44 [ChainSaver] 버퍼 엔트리=184 | price_ticks=8011 greeks_ticks=39260 snap_ticks=30015 | 이론가 커버리지=100.0%
2026-05-28 04:17:44 [ChainSaver] DB 최근5분 rows=10856 | IV커버=100.0% 이론가커버=95.1% | stream=2480 snap=8376 | 최근저장=2026-05-27 15:17:38
2026-05-28 04:18:14 [ChainSaver] 버퍼 엔트리=184 | price_ticks=8434 greeks_ticks=41504 snap_ticks=31217 | 이론가 커버리지=100.0%
2026-05-28 04:18:14 [ChainSaver] DB 최근5분 rows=10856 | IV커버=100.0% 이론가커버=95.1% | stream=2480 snap=8376 | 최근저장=2026-05-27 15:18:08
2026-05-28 04:18:44 [ChainSaver] 버퍼 엔트리=184 | price_ticks=8927 greeks_ticks=43993 snap_ticks=33431 | 이론가 커버리지=100.0%
2026-05-28 04:18:44 [ChainSaver] DB 최근5분 rows=10856 | IV커버=100.0% 이론가커버=95.1% | stream=2480 snap=8376 | 최근저장=2026-05-27 15:18:38
2026-05-28 04:19:14 [ChainSaver] 버퍼 엔트리=184 | price_ticks=9500 greeks_ticks=46394 snap_ticks=34717 | 이론가 커버리지=100.0%
2026-05-28 04:19:14 [ChainSaver] DB 최근5분 rows=10856 | IV커버=100.0% 이론가커버=95.1% | stream=2479 snap=8377 | 최근저장=2026-05-27 15:19:08
2026-05-28 04:19:44 [ChainSaver] 버퍼 엔트리=184 | price_ticks=9929 greeks_ticks=48760 snap_ticks=37323 | 이론가 커버리지=100.0%
2026-05-28 04:19:44 [ChainSaver] DB 최근5분 rows=10856 | IV커버=100.0% 이론가커버=95.1% | stream=2479 snap=8377 | 최근저장=2026-05-27 15:19:38
2026-05-28 04:20:14 [ChainSaver] 버퍼 엔트리=184 | price_ticks=10393 greeks_ticks=51245 snap_ticks=38639 | 이론가 커버리지=100.0%
2026-05-28 04:20:14 [ChainSaver] DB 최근5분 rows=10856 | IV커버=100.0% 이론가커버=95.1% | stream=2478 snap=8378 | 최근저장=2026-05-27 15:20:08
2026-05-28 04:20:44 [ChainSaver] 버퍼 엔트리=184 | price_ticks=10820 greeks_ticks=53621 snap_ticks=40797 | 이론가 커버리지=100.0%
2026-05-28 04:20:44 [ChainSaver] DB 최근5분 rows=10856 | IV커버=100.0% 이론가커버=95.1% | stream=2478 snap=8378 | 최근저장=2026-05-27 15:20:38
2026-05-28 04:21:14 [ChainSaver] 버퍼 엔트리=184 | price_ticks=11216 greeks_ticks=55930 snap_ticks=42027 | 이론가 커버리지=100.0%
2026-05-28 04:21:14 [ChainSaver] DB 최근5분 rows=10856 | IV커버=100.0% 이론가커버=95.1% | stream=2478 snap=8378 | 최근저장=2026-05-27 15:21:08
2026-05-28 04:21:44 [ChainSaver] 버퍼 엔트리=184 | price_ticks=11567 greeks_ticks=58348 snap_ticks=44656 | 이론가 커버리지=100.0%
2026-05-28 04:21:44 [ChainSaver] DB 최근5분 rows=10856 | IV커버=100.0% 이론가커버=95.1% | stream=2478 snap=8378 | 최근저장=2026-05-27 15:21:38
2026-05-28 04:22:14 [ChainSaver] 버퍼 엔트리=184 | price_ticks=12031 greeks_ticks=60459 snap_ticks=45778 | 이론가 커버리지=100.0%
2026-05-28 04:22:14 [ChainSaver] DB 최근5분 rows=10856 | IV커버=100.0% 이론가커버=95.1% | stream=2478 snap=8378 | 최근저장=2026-05-27 15:22:08
2026-05-28 04:22:44 [ChainSaver] 버퍼 엔트리=184 | price_ticks=12374 greeks_ticks=62733 snap_ticks=47880 | 이론가 커버리지=100.0%
2026-05-28 04:22:44 [ChainSaver] DB 최근5분 rows=10856 | IV커버=100.0% 이론가커버=95.1% | stream=2478 snap=8378 | 최근저장=2026-05-27 15:22:38
2026-05-28 04:23:14 [ChainSaver] 버퍼 엔트리=184 | price_ticks=12745 greeks_ticks=64824 snap_ticks=48998 | 이론가 커버리지=100.0%
2026-05-28 04:23:14 [ChainSaver] DB 최근5분 rows=10856 | IV커버=100.0% 이론가커버=95.1% | stream=2478 snap=8378 | 최근저장=2026-05-27 15:23:08
2026-05-28 04:23:44 [ChainSaver] 버퍼 엔트리=184 | price_ticks=13009 greeks_ticks=67294 snap_ticks=51662 | 이론가 커버리지=100.0%
2026-05-28 04:23:44 [ChainSaver] DB 최근5분 rows=10856 | IV커버=100.0% 이론가커버=95.1% | stream=2478 snap=8378 | 최근저장=2026-05-27 15:23:38
2026-05-28 04:24:14 [ChainSaver] 버퍼 엔트리=184 | price_ticks=13343 greeks_ticks=69379 snap_ticks=52782 | 이론가 커버리지=100.0%
2026-05-28 04:24:14 [ChainSaver] DB 최근5분 rows=10856 | IV커버=100.0% 이론가커버=95.1% | stream=2478 snap=8378 | 최근저장=2026-05-27 15:24:08
2026-05-28 04:24:44 [ChainSaver] 버퍼 엔트리=184 | price_ticks=13866 greeks_ticks=71807 snap_ticks=54968 | 이론가 커버리지=100.0%
2026-05-28 04:24:44 [ChainSaver] DB 최근5분 rows=10856 | IV커버=100.0% 이론가커버=95.1% | stream=2478 snap=8378 | 최근저장=2026-05-27 15:24:38
2026-05-28 04:25:14 [ChainSaver] 버퍼 엔트리=184 | price_ticks=14301 greeks_ticks=74248 snap_ticks=56284 | 이론가 커버리지=100.0%
2026-05-28 04:25:14 [ChainSaver] DB 최근5분 rows=10856 | IV커버=100.0% 이론가커버=95.1% | stream=2478 snap=8378 | 최근저장=2026-05-27 15:25:08
2026-05-28 04:25:44 [ChainSaver] 버퍼 엔트리=184 | price_ticks=14996 greeks_ticks=76527 snap_ticks=58838 | 이론가 커버리지=100.0%
2026-05-28 04:25:44 [ChainSaver] DB 최근5분 rows=10856 | IV커버=100.0% 이론가커버=95.1% | stream=2478 snap=8378 | 최근저장=2026-05-27 15:25:38
2026-05-28 04:26:14 [ChainSaver] 버퍼 엔트리=184 | price_ticks=15590 greeks_ticks=78901 snap_ticks=60124 | 이론가 커버리지=100.0%
2026-05-28 04:26:14 [ChainSaver] DB 최근5분 rows=10856 | IV커버=100.0% 이론가커버=95.1% | stream=2478 snap=8378 | 최근저장=2026-05-27 15:26:08
2026-05-28 04:26:44 [ChainSaver] 버퍼 엔트리=186 | price_ticks=16327 greeks_ticks=81131 snap_ticks=62198 | 이론가 커버리지=100.0%
2026-05-28 04:26:44 [ChainSaver] DB 최근5분 rows=10866 | IV커버=100.0% 이론가커버=95.1% | stream=2478 snap=8388 | 최근저장=2026-05-27 15:26:38
2026-05-28 04:27:14 [ChainSaver] 버퍼 엔트리=186 | price_ticks=17177 greeks_ticks=83424 snap_ticks=63408 | 이론가 커버리지=100.0%
2026-05-28 04:27:14 [ChainSaver] DB 최근5분 rows=10878 | IV커버=100.0% 이론가커버=95.1% | stream=2478 snap=8400 | 최근저장=2026-05-27 15:27:08
2026-05-28 04:27:44 [ChainSaver] 버퍼 엔트리=188 | price_ticks=18064 greeks_ticks=85799 snap_ticks=66013 | 이론가 커버리지=100.0%
2026-05-28 04:27:44 [ChainSaver] DB 최근5분 rows=10900 | IV커버=100.0% 이론가커버=95.1% | stream=2479 snap=8421 | 최근저장=2026-05-27 15:27:38
2026-05-28 04:28:14 [ChainSaver] 버퍼 엔트리=188 | price_ticks=18788 greeks_ticks=88228 snap_ticks=67331 | 이론가 커버리지=100.0%
2026-05-28 04:28:14 [ChainSaver] DB 최근5분 rows=10924 | IV커버=100.0% 이론가커버=95.1% | stream=2479 snap=8445 | 최근저장=2026-05-27 15:28:08
2026-05-28 04:28:44 [ChainSaver] 버퍼 엔트리=189 | price_ticks=19479 greeks_ticks=90656 snap_ticks=69521 | 이론가 커버리지=100.0%
2026-05-28 04:28:44 [ChainSaver] DB 최근5분 rows=10948 | IV커버=100.0% 이론가커버=95.1% | stream=2479 snap=8469 | 최근저장=2026-05-27 15:28:38
2026-05-28 04:29:14 [ChainSaver] 버퍼 엔트리=189 | price_ticks=21083 greeks_ticks=93051 snap_ticks=71113 | 이론가 커버리지=100.0%
2026-05-28 04:29:14 [ChainSaver] DB 최근5분 rows=10977 | IV커버=100.0% 이론가커버=95.1% | stream=2671 snap=8306 | 최근저장=2026-05-27 15:29:08
2026-05-28 04:29:44 [ChainSaver] 버퍼 엔트리=189 | price_ticks=22626 greeks_ticks=95463 snap_ticks=73983 | 이론가 커버리지=100.0%
2026-05-28 04:29:44 [ChainSaver] DB 최근5분 rows=11007 | IV커버=100.0% 이론가커버=95.2% | stream=2915 snap=8092 | 최근저장=2026-05-27 15:29:38
2026-05-28 04:30:15 [ChainSaver] 버퍼 엔트리=189 | price_ticks=24648 greeks_ticks=97881 snap_ticks=75535 | 이론가 커버리지=100.0%
2026-05-28 04:30:15 [ChainSaver] DB 최근5분 rows=11037 | IV커버=100.0% 이론가커버=95.2% | stream=3184 snap=7853 | 최근저장=2026-05-27 15:30:08
2026-05-28 04:30:44 [ChainSaver] 버퍼 엔트리=189 | price_ticks=26255 greeks_ticks=100040 snap_ticks=77749 | 이론가 커버리지=100.0%
2026-05-28 04:30:44 [ChainSaver] DB 최근5분 rows=11067 | IV커버=100.0% 이론가커버=95.2% | stream=3452 snap=7615 | 최근저장=2026-05-27 15:30:38
2026-05-28 04:31:14 [ChainSaver] 버퍼 엔트리=189 | price_ticks=27476 greeks_ticks=102406 snap_ticks=79171 | 이론가 커버리지=100.0%
2026-05-28 04:31:14 [ChainSaver] DB 최근5분 rows=11097 | IV커버=100.0% 이론가커버=95.2% | stream=3713 snap=7384 | 최근저장=2026-05-27 15:31:08
2026-05-28 04:31:44 [ChainSaver] 버퍼 엔트리=189 | price_ticks=28839 greeks_ticks=104823 snap_ticks=82075 | 이론가 커버리지=100.0%
2026-05-28 04:31:44 [ChainSaver] DB 최근5분 rows=11115 | IV커버=100.0% 이론가커버=95.2% | stream=3948 snap=7167 | 최근저장=2026-05-27 15:31:38
2026-05-28 04:32:14 [ChainSaver] 버퍼 엔트리=189 | price_ticks=30463 greeks_ticks=107083 snap_ticks=83569 | 이론가 커버리지=100.0%
2026-05-28 04:32:14 [ChainSaver] DB 최근5분 rows=11133 | IV커버=100.0% 이론가커버=95.2% | stream=4206 snap=6927 | 최근저장=2026-05-27 15:32:08
2026-05-28 04:32:44 [ChainSaver] 버퍼 엔트리=189 | price_ticks=31761 greeks_ticks=109513 snap_ticks=85929 | 이론가 커버리지=100.0%
2026-05-28 04:32:45 [ChainSaver] DB 최근5분 rows=11139 | IV커버=100.0% 이론가커버=95.2% | stream=4469 snap=6670 | 최근저장=2026-05-27 15:32:38
2026-05-28 04:33:14 [ChainSaver] 버퍼 엔트리=189 | price_ticks=35066 greeks_ticks=111866 snap_ticks=87697 | 이론가 커버리지=100.0%
2026-05-28 04:33:15 [ChainSaver] DB 최근5분 rows=11145 | IV커버=100.0% 이론가커버=95.2% | stream=4740 snap=6405 | 최근저장=2026-05-27 15:33:08
2026-05-28 04:33:44 [ChainSaver] 버퍼 엔트리=189 | price_ticks=37576 greeks_ticks=114291 snap_ticks=90815 | 이론가 커버리지=100.0%
2026-05-28 04:33:44 [ChainSaver] DB 최근5분 rows=11151 | IV커버=100.0% 이론가커버=95.2% | stream=4986 snap=6165 | 최근저장=2026-05-27 15:33:38
2026-05-28 04:34:14 [ChainSaver] 버퍼 엔트리=189 | price_ticks=39107 greeks_ticks=116692 snap_ticks=92289 | 이론가 커버리지=100.0%
2026-05-28 04:34:14 [ChainSaver] DB 최근5분 rows=11151 | IV커버=100.0% 이론가커버=95.2% | stream=5004 snap=6147 | 최근저장=2026-05-27 15:34:08
2026-05-28 04:34:44 [ChainSaver] 버퍼 엔트리=189 | price_ticks=40218 greeks_ticks=119077 snap_ticks=94615 | 이론가 커버리지=100.0%
2026-05-28 04:34:44 [ChainSaver] DB 최근5분 rows=11151 | IV커버=100.0% 이론가커버=95.2% | stream=5032 snap=6119 | 최근저장=2026-05-27 15:34:38
2026-05-28 04:35:14 [ChainSaver] 버퍼 엔트리=189 | price_ticks=41720 greeks_ticks=121526 snap_ticks=96123 | 이론가 커버리지=100.0%
2026-05-28 04:35:14 [ChainSaver] DB 최근5분 rows=11151 | IV커버=100.0% 이론가커버=95.2% | stream=5024 snap=6127 | 최근저장=2026-05-27 15:35:08
2026-05-28 04:35:44 [ChainSaver] 버퍼 엔트리=189 | price_ticks=43095 greeks_ticks=123909 snap_ticks=99025 | 이론가 커버리지=100.0%
2026-05-28 04:35:44 [ChainSaver] DB 최근5분 rows=11151 | IV커버=100.0% 이론가커버=95.2% | stream=4988 snap=6163 | 최근저장=2026-05-27 15:35:38
2026-05-28 04:36:14 [ChainSaver] 버퍼 엔트리=189 | price_ticks=44315 greeks_ticks=126259 snap_ticks=100477 | 이론가 커버리지=100.0%
2026-05-28 04:36:14 [ChainSaver] DB 최근5분 rows=11151 | IV커버=100.0% 이론가커버=95.2% | stream=4994 snap=6157 | 최근저장=2026-05-27 15:36:08
2026-05-28 04:37:52 [ChainSaver] 버퍼 엔트리=56 | price_ticks=366 greeks_ticks=1188 snap_ticks=668 | 이론가 커버리지=100.0%
2026-05-28 04:37:52 [ChainSaver] DB 최근5분 rows=8421 | IV커버=99.9%  이론가커버=94.7% | stream=3815 snap=4606 | 최근저장=2026-05-27 15:37:46
2026-05-28 04:38:22 [ChainSaver] 버퍼 엔트리=56 | price_ticks=941 greeks_ticks=3543 snap_ticks=1862 | 이론가 커버리지=100.0%
2026-05-28 04:38:22 [ChainSaver] DB 최근5분 rows=7623 | IV커버=99.7%  이론가커버=92.8% | stream=3567 snap=4056 | 최근저장=2026-05-27 15:38:16
2026-05-28 04:38:52 [ChainSaver] 버퍼 엔트리=120 | price_ticks=1504 greeks_ticks=6016 snap_ticks=4072 | 이론가 커버리지=100.0%
2026-05-28 04:38:52 [ChainSaver] DB 최근5분 rows=7145 | IV커버=99.7%  이론가커버=90.8% | stream=3304 snap=3841 | 최근저장=2026-05-27 15:38:46
2026-05-28 04:39:23 [ChainSaver] 버퍼 엔트리=120 | price_ticks=1913 greeks_ticks=8246 snap_ticks=5274 | 이론가 커버리지=100.0%
2026-05-28 04:39:23 [ChainSaver] DB 최근5분 rows=6731 | IV커버=99.6%  이론가커버=88.8% | stream=3040 snap=3691 | 최근저장=2026-05-27 15:39:16
2026-05-28 04:39:52 [ChainSaver] 버퍼 엔트리=184 | price_ticks=2513 greeks_ticks=10841 snap_ticks=7992 | 이론가 커버리지=100.0%
2026-05-28 04:39:52 [ChainSaver] DB 최근5분 rows=6637 | IV커버=99.6%  이론가커버=87.1% | stream=2776 snap=3861 | 최근저장=2026-05-27 15:39:46
2026-05-28 04:40:22 [ChainSaver] 버퍼 엔트리=184 | price_ticks=3085 greeks_ticks=13280 snap_ticks=9306 | 이론가 커버리지=100.0%
2026-05-28 04:40:22 [ChainSaver] DB 최근5분 rows=6607 | IV커버=99.6%  이론가커버=85.5% | stream=2539 snap=4068 | 최근저장=2026-05-27 15:40:16
2026-05-28 04:40:52 [ChainSaver] 버퍼 엔트리=184 | price_ticks=3698 greeks_ticks=15537 snap_ticks=11380 | 이론가 커버리지=100.0%
2026-05-28 04:40:52 [ChainSaver] DB 최근5분 rows=6577 | IV커버=99.6%  이론가커버=83.9% | stream=2279 snap=4298 | 최근저장=2026-05-27 15:40:46
2026-05-28 04:41:22 [ChainSaver] 버퍼 엔트리=184 | price_ticks=4157 greeks_ticks=17987 snap_ticks=12694 | 이론가 커버리지=100.0%
2026-05-28 04:41:22 [ChainSaver] DB 최근5분 rows=6547 | IV커버=99.6%  이론가커버=82.2% | stream=2015 snap=4532 | 최근저장=2026-05-27 15:41:16
2026-05-28 04:41:52 [ChainSaver] 버퍼 엔트리=184 | price_ticks=4593 greeks_ticks=20423 snap_ticks=15330 | 이론가 커버리지=100.0%
2026-05-28 04:41:52 [ChainSaver] DB 최근5분 rows=7273 | IV커버=99.7%  이론가커버=82.1% | stream=2093 snap=5180 | 최근저장=2026-05-27 15:41:46
2026-05-28 04:42:22 [ChainSaver] 버퍼 엔트리=184 | price_ticks=5130 greeks_ticks=22859 snap_ticks=16646 | 이론가 커버리지=100.0%
2026-05-28 04:42:22 [ChainSaver] DB 최근5분 rows=8377 | IV커버=99.7%  이론가커버=82.6% | stream=2345 snap=6032 | 최근저장=2026-05-27 15:42:16
2026-05-28 04:42:52 [ChainSaver] 버퍼 엔트리=184 | price_ticks=5519 greeks_ticks=24790 snap_ticks=18552 | 이론가 커버리지=100.0%
2026-05-28 04:42:52 [ChainSaver] DB 최근5분 rows=9320 | IV커버=99.9%  이론가커버=83.5% | stream=2478 snap=6842 | 최근저장=2026-05-27 15:42:46
2026-05-28 04:43:22 [ChainSaver] 버퍼 엔트리=184 | price_ticks=5882 greeks_ticks=27080 snap_ticks=19782 | 이론가 커버리지=100.0%
2026-05-28 04:43:22 [ChainSaver] DB 최근5분 rows=10088 | IV커버=100.0% 이론가커버=84.8% | stream=2478 snap=7610 | 최근저장=2026-05-27 15:43:16
2026-05-28 04:43:52 [ChainSaver] 버퍼 엔트리=185 | price_ticks=6554 greeks_ticks=29475 snap_ticks=22832 | 이론가 커버리지=100.0%
2026-05-28 04:43:52 [ChainSaver] DB 최근5분 rows=10475 | IV커버=100.0% 이론가커버=85.4% | stream=2525 snap=7950 | 최근저장=2026-05-27 15:43:46
2026-05-28 04:44:22 [ChainSaver] 버퍼 엔트리=185 | price_ticks=7467 greeks_ticks=31683 snap_ticks=24066 | 이론가 커버리지=100.0%
2026-05-28 04:44:22 [ChainSaver] DB 최근5분 rows=10985 | IV커버=100.0% 이론가커버=85.8% | stream=2819 snap=8166 | 최근저장=2026-05-27 15:44:16
2026-05-28 04:44:52 [ChainSaver] 버퍼 엔트리=185 | price_ticks=8441 greeks_ticks=34108 snap_ticks=26388 | 이론가 커버리지=100.0%
2026-05-28 04:44:52 [ChainSaver] DB 최근5분 rows=10871 | IV커버=100.0% 이론가커버=85.9% | stream=2981 snap=7890 | 최근저장=2026-05-27 15:44:46
2026-05-28 04:45:22 [ChainSaver] 버퍼 엔트리=185 | price_ticks=9530 greeks_ticks=36521 snap_ticks=27716 | 이론가 커버리지=100.0%
2026-05-28 04:45:22 [ChainSaver] DB 최근5분 rows=10877 | IV커버=100.0% 이론가커버=85.9% | stream=3212 snap=7665 | 최근저장=2026-05-27 15:45:16
2026-05-28 04:45:52 [ChainSaver] 버퍼 엔트리=185 | price_ticks=10682 greeks_ticks=38949 snap_ticks=30498 | 이론가 커버리지=100.0%
2026-05-28 04:45:52 [ChainSaver] DB 최근5분 rows=10883 | IV커버=100.0% 이론가커버=85.9% | stream=3428 snap=7455 | 최근저장=2026-05-27 15:45:46
2026-05-28 04:46:22 [ChainSaver] 버퍼 엔트리=185 | price_ticks=11734 greeks_ticks=41308 snap_ticks=31824 | 이론가 커버리지=100.0%
2026-05-28 04:46:22 [ChainSaver] DB 최근5분 rows=10889 | IV커버=100.0% 이론가커버=85.9% | stream=3664 snap=7225 | 최근저장=2026-05-27 15:46:16
2026-05-28 04:46:52 [ChainSaver] 버퍼 엔트리=185 | price_ticks=12723 greeks_ticks=43605 snap_ticks=34098 | 이론가 커버리지=100.0%
2026-05-28 04:46:52 [ChainSaver] DB 최근5분 rows=10895 | IV커버=100.0% 이론가커버=85.9% | stream=3857 snap=7038 | 최근저장=2026-05-27 15:46:46
2026-05-28 04:47:22 [ChainSaver] 버퍼 엔트리=185 | price_ticks=13736 greeks_ticks=46019 snap_ticks=35436 | 이론가 커버리지=100.0%
2026-05-28 04:47:22 [ChainSaver] DB 최근5분 rows=10901 | IV커버=100.0% 이론가커버=85.9% | stream=4094 snap=6807 | 최근저장=2026-05-27 15:47:16
2026-05-28 04:47:52 [ChainSaver] 버퍼 엔트리=185 | price_ticks=15086 greeks_ticks=48392 snap_ticks=38204 | 이론가 커버리지=100.0%
2026-05-28 04:47:52 [ChainSaver] DB 최근5분 rows=10907 | IV커버=100.0% 이론가커버=85.9% | stream=4318 snap=6589 | 최근저장=2026-05-27 15:47:46
2026-05-28 04:48:22 [ChainSaver] 버퍼 엔트리=185 | price_ticks=16191 greeks_ticks=50808 snap_ticks=39584 | 이론가 커버리지=100.0%
2026-05-28 04:48:22 [ChainSaver] DB 최근5분 rows=10913 | IV커버=100.0% 이론가커버=85.9% | stream=4563 snap=6350 | 최근저장=2026-05-27 15:48:16
2026-05-28 04:48:52 [ChainSaver] 버퍼 엔트리=187 | price_ticks=17398 greeks_ticks=53206 snap_ticks=41900 | 이론가 커버리지=100.0%
2026-05-28 04:48:52 [ChainSaver] DB 최근5분 rows=10925 | IV커버=100.0% 이론가커버=86.0% | stream=4678 snap=6247 | 최근저장=2026-05-27 15:48:46
2026-05-28 04:49:22 [ChainSaver] 버퍼 엔트리=187 | price_ticks=18280 greeks_ticks=55472 snap_ticks=43172 | 이론가 커버리지=100.0%
2026-05-28 04:49:22 [ChainSaver] DB 최근5분 rows=10937 | IV커버=100.0% 이론가커버=86.0% | stream=4659 snap=6278 | 최근저장=2026-05-27 15:49:16
2026-05-28 04:49:52 [ChainSaver] 버퍼 엔트리=187 | price_ticks=18280 greeks_ticks=55472 snap_ticks=43184 | 이론가 커버리지=100.0%
2026-05-28 04:49:52 [ChainSaver] DB 최근5분 rows=10201 | IV커버=100.0% 이론가커버=86.0% | stream=4378 snap=5823 | 최근저장=2026-05-27 15:49:26
2026-05-28 04:50:22 [ChainSaver] 버퍼 엔트리=187 | price_ticks=18280 greeks_ticks=55472 snap_ticks=43184 | 이론가 커버리지=100.0%
2026-05-28 04:50:22 [ChainSaver] DB 최근5분 rows=9091 | IV커버=100.0% 이론가커버=86.0% | stream=3890 snap=5201 | 최근저장=2026-05-27 15:49:26
2026-05-28 04:50:52 [ChainSaver] 버퍼 엔트리=187 | price_ticks=18280 greeks_ticks=55472 snap_ticks=43184 | 이론가 커버리지=100.0%
2026-05-28 04:50:52 [ChainSaver] DB 최근5분 rows=7981 | IV커버=100.0% 이론가커버=86.0% | stream=3425 snap=4556 | 최근저장=2026-05-27 15:49:26
2026-05-28 04:51:22 [ChainSaver] 버퍼 엔트리=187 | price_ticks=18280 greeks_ticks=55472 snap_ticks=43184 | 이론가 커버리지=100.0%
2026-05-28 04:51:22 [ChainSaver] DB 최근5분 rows=6871 | IV커버=100.0% 이론가커버=86.0% | stream=2934 snap=3937 | 최근저장=2026-05-27 15:49:26
2026-05-28 04:51:52 [ChainSaver] 버퍼 엔트리=187 | price_ticks=18280 greeks_ticks=55472 snap_ticks=43184 | 이론가 커버리지=100.0%
2026-05-28 04:51:52 [ChainSaver] DB 최근5분 rows=5761 | IV커버=100.0% 이론가커버=86.0% | stream=2493 snap=3268 | 최근저장=2026-05-27 15:49:26
2026-05-28 04:52:22 [ChainSaver] 버퍼 엔트리=187 | price_ticks=18280 greeks_ticks=55472 snap_ticks=43184 | 이론가 커버리지=100.0%
2026-05-28 04:52:22 [ChainSaver] DB 최근5분 rows=4651 | IV커버=100.0% 이론가커버=86.0% | stream=2000 snap=2651 | 최근저장=2026-05-27 15:49:26
2026-05-28 04:52:52 [ChainSaver] 버퍼 엔트리=187 | price_ticks=18280 greeks_ticks=55472 snap_ticks=43184 | 이론가 커버리지=100.0%
2026-05-28 04:52:52 [ChainSaver] DB 최근5분 rows=3541 | IV커버=100.0% 이론가커버=86.0% | stream=1524 snap=2017 | 최근저장=2026-05-27 15:49:26
2026-05-28 04:53:22 [ChainSaver] 버퍼 엔트리=187 | price_ticks=18280 greeks_ticks=55472 snap_ticks=43184 | 이론가 커버리지=100.0%
2026-05-28 04:53:22 [ChainSaver] DB 최근5분 rows=2431 | IV커버=100.0% 이론가커버=86.1% | stream=1027 snap=1404 | 최근저장=2026-05-27 15:49:26
2026-05-28 04:53:52 [ChainSaver] 버퍼 엔트리=187 | price_ticks=18280 greeks_ticks=55472 snap_ticks=43184 | 이론가 커버리지=100.0%
2026-05-28 04:53:52 [ChainSaver] DB 최근5분 rows=1309 | IV커버=100.0% 이론가커버=86.1% | stream=573 snap=736 | 최근저장=2026-05-27 15:49:26
2026-05-28 04:54:22 [ChainSaver] 버퍼 엔트리=187 | price_ticks=18280 greeks_ticks=55472 snap_ticks=43184 | 이론가 커버리지=100.0%
2026-05-28 04:54:22 [ChainSaver] DB 최근5분 rows=187 | IV커버=100.0% 이론가커버=86.1% | stream=84 snap=103 | 최근저장=2026-05-27 15:49:26
2026-05-28 04:54:52 [ChainSaver] 버퍼 엔트리=187 | price_ticks=18280 greeks_ticks=55472 snap_ticks=43184 | 이론가 커버리지=100.0%
2026-05-28 04:54:52 [ChainSaver] DB 최근5분 rows=0 | IV커버=N/A    이론가커버=N/A | stream=0 snap=0 | 최근저장=2026-05-27 15:49:26
2026-05-28 04:55:22 [ChainSaver] 버퍼 엔트리=187 | price_ticks=18280 greeks_ticks=55472 snap_ticks=43184 | 이론가 커버리지=100.0%
2026-05-28 04:55:22 [ChainSaver] DB 최근5분 rows=0 | IV커버=N/A    이론가커버=N/A | stream=0 snap=0 | 최근저장=2026-05-27 15:49:26
2026-05-28 04:55:52 [ChainSaver] 버퍼 엔트리=187 | price_ticks=18280 greeks_ticks=55472 snap_ticks=43184 | 이론가 커버리지=100.0%
2026-05-28 04:55:52 [ChainSaver] DB 최근5분 rows=0 | IV커버=N/A    이론가커버=N/A | stream=0 snap=0 | 최근저장=2026-05-27 15:49:26
2026-05-28 04:56:22 [ChainSaver] 버퍼 엔트리=187 | price_ticks=18280 greeks_ticks=55472 snap_ticks=43184 | 이론가 커버리지=100.0%
2026-05-28 04:56:22 [ChainSaver] DB 최근5분 rows=0 | IV커버=N/A    이론가커버=N/A | stream=0 snap=0 | 최근저장=2026-05-27 15:49:26
2026-05-28 04:56:52 [ChainSaver] 버퍼 엔트리=187 | price_ticks=18280 greeks_ticks=55472 snap_ticks=43184 | 이론가 커버리지=100.0%
2026-05-28 04:56:52 [ChainSaver] DB 최근5분 rows=0 | IV커버=N/A    이론가커버=N/A | stream=0 snap=0 | 최근저장=2026-05-27 15:49:26
2026-05-28 04:57:22 [ChainSaver] 버퍼 엔트리=187 | price_ticks=18280 greeks_ticks=55472 snap_ticks=43184 | 이론가 커버리지=100.0%
2026-05-28 04:57:22 [ChainSaver] DB 최근5분 rows=0 | IV커버=N/A    이론가커버=N/A | stream=0 snap=0 | 최근저장=2026-05-27 15:49:26
2026-05-28 04:57:52 [ChainSaver] 버퍼 엔트리=187 | price_ticks=18280 greeks_ticks=55472 snap_ticks=43184 | 이론가 커버리지=100.0%
2026-05-28 04:57:52 [ChainSaver] DB 최근5분 rows=0 | IV커버=N/A    이론가커버=N/A | stream=0 snap=0 | 최근저장=2026-05-27 15:49:26
2026-05-28 04:58:22 [ChainSaver] 버퍼 엔트리=187 | price_ticks=18280 greeks_ticks=55472 snap_ticks=43184 | 이론가 커버리지=100.0%
2026-05-28 04:58:22 [ChainSaver] DB 최근5분 rows=0 | IV커버=N/A    이론가커버=N/A | stream=0 snap=0 | 최근저장=2026-05-27 15:49:26
2026-05-28 04:58:52 [ChainSaver] 버퍼 엔트리=187 | price_ticks=18280 greeks_ticks=55472 snap_ticks=43184 | 이론가 커버리지=100.0%
2026-05-28 04:58:52 [ChainSaver] DB 최근5분 rows=0 | IV커버=N/A    이론가커버=N/A | stream=0 snap=0 | 최근저장=2026-05-27 15:49:26
2026-05-28 04:59:22 [ChainSaver] 버퍼 엔트리=187 | price_ticks=18280 greeks_ticks=55472 snap_ticks=43184 | 이론가 커버리지=100.0%
2026-05-28 04:59:22 [ChainSaver] DB 최근5분 rows=0 | IV커버=N/A    이론가커버=N/A | stream=0 snap=0 | 최근저장=2026-05-27 15:49:26
2026-05-28 04:59:52 [ChainSaver] 버퍼 엔트리=187 | price_ticks=18280 greeks_ticks=55472 snap_ticks=43184 | 이론가 커버리지=100.0%
2026-05-28 04:59:52 [ChainSaver] DB 최근5분 rows=0 | IV커버=N/A    이론가커버=N/A | stream=0 snap=0 | 최근저장=2026-05-27 15:49:26
2026-05-28 05:00:22 [ChainSaver] 버퍼 엔트리=187 | price_ticks=18280 greeks_ticks=55472 snap_ticks=43184 | 이론가 커버리지=100.0%
2026-05-28 05:00:22 [ChainSaver] DB 최근5분 rows=0 | IV커버=N/A    이론가커버=N/A | stream=0 snap=0 | 최근저장=2026-05-27 15:49:26
2026-05-28 05:00:52 [ChainSaver] 버퍼 엔트리=187 | price_ticks=18280 greeks_ticks=55472 snap_ticks=43184 | 이론가 커버리지=100.0%
2026-05-28 05:00:52 [ChainSaver] DB 최근5분 rows=0 | IV커버=N/A    이론가커버=N/A | stream=0 snap=0 | 최근저장=2026-05-27 15:49:26
2026-05-28 05:01:22 [ChainSaver] 버퍼 엔트리=187 | price_ticks=18280 greeks_ticks=55472 snap_ticks=43184 | 이론가 커버리지=100.0%
2026-05-28 05:01:22 [ChainSaver] DB 최근5분 rows=0 | IV커버=N/A    이론가커버=N/A | stream=0 snap=0 | 최근저장=2026-05-27 15:49:26
2026-05-28 05:01:52 [ChainSaver] 버퍼 엔트리=187 | price_ticks=18280 greeks_ticks=55472 snap_ticks=43184 | 이론가 커버리지=100.0%
2026-05-28 05:01:52 [ChainSaver] DB 최근5분 rows=0 | IV커버=N/A    이론가커버=N/A | stream=0 snap=0 | 최근저장=2026-05-27 15:49:26
2026-05-28 05:02:22 [ChainSaver] 버퍼 엔트리=187 | price_ticks=18280 greeks_ticks=55472 snap_ticks=43184 | 이론가 커버리지=100.0%
2026-05-28 05:02:22 [ChainSaver] DB 최근5분 rows=0 | IV커버=N/A    이론가커버=N/A | stream=0 snap=0 | 최근저장=2026-05-27 15:49:26
2026-05-28 05:02:52 [ChainSaver] 버퍼 엔트리=187 | price_ticks=18280 greeks_ticks=55472 snap_ticks=43184 | 이론가 커버리지=100.0%
2026-05-28 05:02:52 [ChainSaver] DB 최근5분 rows=0 | IV커버=N/A    이론가커버=N/A | stream=0 snap=0 | 최근저장=2026-05-27 15:49:26
2026-05-28 05:03:22 [ChainSaver] 버퍼 엔트리=187 | price_ticks=18280 greeks_ticks=55472 snap_ticks=43184 | 이론가 커버리지=100.0%
2026-05-28 05:03:22 [ChainSaver] DB 최근5분 rows=0 | IV커버=N/A    이론가커버=N/A | stream=0 snap=0 | 최근저장=2026-05-27 15:49:26
2026-05-28 05:03:52 [ChainSaver] 버퍼 엔트리=187 | price_ticks=18280 greeks_ticks=55472 snap_ticks=43184 | 이론가 커버리지=100.0%
2026-05-28 05:03:52 [ChainSaver] DB 최근5분 rows=0 | IV커버=N/A    이론가커버=N/A | stream=0 snap=0 | 최근저장=2026-05-27 15:49:26
2026-05-28 05:04:22 [ChainSaver] 버퍼 엔트리=187 | price_ticks=18280 greeks_ticks=55472 snap_ticks=43184 | 이론가 커버리지=100.0%
2026-05-28 05:04:22 [ChainSaver] DB 최근5분 rows=0 | IV커버=N/A    이론가커버=N/A | stream=0 snap=0 | 최근저장=2026-05-27 15:49:26
2026-05-28 05:04:52 [ChainSaver] 버퍼 엔트리=187 | price_ticks=18280 greeks_ticks=55472 snap_ticks=43184 | 이론가 커버리지=100.0%
2026-05-28 05:04:52 [ChainSaver] DB 최근5분 rows=0 | IV커버=N/A    이론가커버=N/A | stream=0 snap=0 | 최근저장=2026-05-27 15:49:26
2026-05-28 05:05:22 [ChainSaver] 버퍼 엔트리=187 | price_ticks=18280 greeks_ticks=55472 snap_ticks=43184 | 이론가 커버리지=100.0%
2026-05-28 05:05:22 [ChainSaver] DB 최근5분 rows=0 | IV커버=N/A    이론가커버=N/A | stream=0 snap=0 | 최근저장=2026-05-27 15:49:26
2026-05-28 05:05:52 [ChainSaver] 버퍼 엔트리=187 | price_ticks=18280 greeks_ticks=55472 snap_ticks=43184 | 이론가 커버리지=100.0%
2026-05-28 05:05:52 [ChainSaver] DB 최근5분 rows=0 | IV커버=N/A    이론가커버=N/A | stream=0 snap=0 | 최근저장=2026-05-27 15:49:26
2026-05-28 05:06:22 [ChainSaver] 버퍼 엔트리=187 | price_ticks=18280 greeks_ticks=55472 snap_ticks=43184 | 이론가 커버리지=100.0%
2026-05-28 05:06:22 [ChainSaver] DB 최근5분 rows=0 | IV커버=N/A    이론가커버=N/A | stream=0 snap=0 | 최근저장=2026-05-27 15:49:26
2026-05-28 05:06:52 [ChainSaver] 버퍼 엔트리=187 | price_ticks=18280 greeks_ticks=55472 snap_ticks=43184 | 이론가 커버리지=100.0%
2026-05-28 05:06:52 [ChainSaver] DB 최근5분 rows=0 | IV커버=N/A    이론가커버=N/A | stream=0 snap=0 | 최근저장=2026-05-27 15:49:26
2026-05-28 05:07:22 [ChainSaver] 버퍼 엔트리=187 | price_ticks=18280 greeks_ticks=55472 snap_ticks=43184 | 이론가 커버리지=100.0%
2026-05-28 05:07:22 [ChainSaver] DB 최근5분 rows=0 | IV커버=N/A    이론가커버=N/A | stream=0 snap=0 | 최근저장=2026-05-27 15:49:26
2026-05-28 05:07:52 [ChainSaver] 버퍼 엔트리=187 | price_ticks=18280 greeks_ticks=55472 snap_ticks=43184 | 이론가 커버리지=100.0%
2026-05-28 05:07:52 [ChainSaver] DB 최근5분 rows=0 | IV커버=N/A    이론가커버=N/A | stream=0 snap=0 | 최근저장=2026-05-27 15:49:26
2026-05-28 05:08:22 [ChainSaver] 버퍼 엔트리=187 | price_ticks=18280 greeks_ticks=55472 snap_ticks=43184 | 이론가 커버리지=100.0%
2026-05-28 05:08:22 [ChainSaver] DB 최근5분 rows=0 | IV커버=N/A    이론가커버=N/A | stream=0 snap=0 | 최근저장=2026-05-27 15:49:26
2026-05-28 05:08:52 [ChainSaver] 버퍼 엔트리=187 | price_ticks=18280 greeks_ticks=55472 snap_ticks=43184 | 이론가 커버리지=100.0%
2026-05-28 05:08:52 [ChainSaver] DB 최근5분 rows=0 | IV커버=N/A    이론가커버=N/A | stream=0 snap=0 | 최근저장=2026-05-27 15:49:26
2026-05-28 05:09:22 [ChainSaver] 버퍼 엔트리=187 | price_ticks=18280 greeks_ticks=55472 snap_ticks=43184 | 이론가 커버리지=100.0%
2026-05-28 05:09:22 [ChainSaver] DB 최근5분 rows=0 | IV커버=N/A    이론가커버=N/A | stream=0 snap=0 | 최근저장=2026-05-27 15:49:26
2026-05-28 05:09:52 [ChainSaver] 버퍼 엔트리=187 | price_ticks=18280 greeks_ticks=55472 snap_ticks=43184 | 이론가 커버리지=100.0%
2026-05-28 05:09:52 [ChainSaver] DB 최근5분 rows=0 | IV커버=N/A    이론가커버=N/A | stream=0 snap=0 | 최근저장=2026-05-27 15:49:26
2026-05-28 05:10:22 [ChainSaver] 버퍼 엔트리=187 | price_ticks=18280 greeks_ticks=55472 snap_ticks=43184 | 이론가 커버리지=100.0%
2026-05-28 05:10:22 [ChainSaver] DB 최근5분 rows=0 | IV커버=N/A    이론가커버=N/A | stream=0 snap=0 | 최근저장=2026-05-27 15:49:26
2026-05-28 05:10:52 [ChainSaver] 버퍼 엔트리=187 | price_ticks=18280 greeks_ticks=55472 snap_ticks=43184 | 이론가 커버리지=100.0%
2026-05-28 05:10:52 [ChainSaver] DB 최근5분 rows=0 | IV커버=N/A    이론가커버=N/A | stream=0 snap=0 | 최근저장=2026-05-27 15:49:26
2026-05-28 05:11:22 [ChainSaver] 버퍼 엔트리=187 | price_ticks=18280 greeks_ticks=55472 snap_ticks=43184 | 이론가 커버리지=100.0%
2026-05-28 05:11:22 [ChainSaver] DB 최근5분 rows=0 | IV커버=N/A    이론가커버=N/A | stream=0 snap=0 | 최근저장=2026-05-27 15:49:26
2026-05-28 05:11:52 [ChainSaver] 버퍼 엔트리=187 | price_ticks=18280 greeks_ticks=55472 snap_ticks=43184 | 이론가 커버리지=100.0%
2026-05-28 05:11:52 [ChainSaver] DB 최근5분 rows=0 | IV커버=N/A    이론가커버=N/A | stream=0 snap=0 | 최근저장=2026-05-27 15:49:26
2026-05-28 05:12:22 [ChainSaver] 버퍼 엔트리=187 | price_ticks=18280 greeks_ticks=55472 snap_ticks=43184 | 이론가 커버리지=100.0%
2026-05-28 05:12:22 [ChainSaver] DB 최근5분 rows=0 | IV커버=N/A    이론가커버=N/A | stream=0 snap=0 | 최근저장=2026-05-27 15:49:26
2026-05-28 05:12:52 [ChainSaver] 버퍼 엔트리=187 | price_ticks=18280 greeks_ticks=55472 snap_ticks=43184 | 이론가 커버리지=100.0%
2026-05-28 05:12:52 [ChainSaver] DB 최근5분 rows=0 | IV커버=N/A    이론가커버=N/A | stream=0 snap=0 | 최근저장=2026-05-27 15:49:26
2026-05-28 05:13:22 [ChainSaver] 버퍼 엔트리=187 | price_ticks=18280 greeks_ticks=55472 snap_ticks=43184 | 이론가 커버리지=100.0%
2026-05-28 05:13:22 [ChainSaver] DB 최근5분 rows=0 | IV커버=N/A    이론가커버=N/A | stream=0 snap=0 | 최근저장=2026-05-27 15:49:26
2026-05-28 05:13:52 [ChainSaver] 버퍼 엔트리=187 | price_ticks=18280 greeks_ticks=55472 snap_ticks=43184 | 이론가 커버리지=100.0%
2026-05-28 05:13:52 [ChainSaver] DB 최근5분 rows=0 | IV커버=N/A    이론가커버=N/A | stream=0 snap=0 | 최근저장=2026-05-27 15:49:26
2026-05-28 05:14:22 [ChainSaver] 버퍼 엔트리=187 | price_ticks=18280 greeks_ticks=55472 snap_ticks=43184 | 이론가 커버리지=100.0%
2026-05-28 05:14:22 [ChainSaver] DB 최근5분 rows=0 | IV커버=N/A    이론가커버=N/A | stream=0 snap=0 | 최근저장=2026-05-27 15:49:26
2026-05-28 05:14:52 [ChainSaver] 버퍼 엔트리=187 | price_ticks=18280 greeks_ticks=55472 snap_ticks=43184 | 이론가 커버리지=100.0%
2026-05-28 05:14:52 [ChainSaver] DB 최근5분 rows=0 | IV커버=N/A    이론가커버=N/A | stream=0 snap=0 | 최근저장=2026-05-27 15:49:26
2026-05-28 05:15:22 [ChainSaver] 버퍼 엔트리=187 | price_ticks=18280 greeks_ticks=55472 snap_ticks=43184 | 이론가 커버리지=100.0%
2026-05-28 05:15:22 [ChainSaver] DB 최근5분 rows=0 | IV커버=N/A    이론가커버=N/A | stream=0 snap=0 | 최근저장=2026-05-27 15:49:26
2026-05-28 05:15:52 [ChainSaver] 버퍼 엔트리=187 | price_ticks=18280 greeks_ticks=55472 snap_ticks=43184 | 이론가 커버리지=100.0%
2026-05-28 05:15:52 [ChainSaver] DB 최근5분 rows=0 | IV커버=N/A    이론가커버=N/A | stream=0 snap=0 | 최근저장=2026-05-27 15:49:26
2026-05-28 05:16:22 [ChainSaver] 버퍼 엔트리=187 | price_ticks=18280 greeks_ticks=55472 snap_ticks=43184 | 이론가 커버리지=100.0%
2026-05-28 05:16:22 [ChainSaver] DB 최근5분 rows=0 | IV커버=N/A    이론가커버=N/A | stream=0 snap=0 | 최근저장=2026-05-27 15:49:26
2026-05-28 05:16:52 [ChainSaver] 버퍼 엔트리=187 | price_ticks=18280 greeks_ticks=55472 snap_ticks=43184 | 이론가 커버리지=100.0%
2026-05-28 05:16:52 [ChainSaver] DB 최근5분 rows=0 | IV커버=N/A    이론가커버=N/A | stream=0 snap=0 | 최근저장=2026-05-27 15:49:26
2026-05-28 05:17:22 [ChainSaver] 버퍼 엔트리=187 | price_ticks=18280 greeks_ticks=55472 snap_ticks=43184 | 이론가 커버리지=100.0%
2026-05-28 05:17:22 [ChainSaver] DB 최근5분 rows=0 | IV커버=N/A    이론가커버=N/A | stream=0 snap=0 | 최근저장=2026-05-27 15:49:26
2026-05-28 05:17:52 [ChainSaver] 버퍼 엔트리=187 | price_ticks=18280 greeks_ticks=55472 snap_ticks=43184 | 이론가 커버리지=100.0%
2026-05-28 05:17:52 [ChainSaver] DB 최근5분 rows=0 | IV커버=N/A    이론가커버=N/A | stream=0 snap=0 | 최근저장=2026-05-27 15:49:26
2026-05-28 05:18:22 [ChainSaver] 버퍼 엔트리=187 | price_ticks=18280 greeks_ticks=55472 snap_ticks=43184 | 이론가 커버리지=100.0%
2026-05-28 05:18:22 [ChainSaver] DB 최근5분 rows=0 | IV커버=N/A    이론가커버=N/A | stream=0 snap=0 | 최근저장=2026-05-27 15:49:26
2026-05-28 05:18:52 [ChainSaver] 버퍼 엔트리=187 | price_ticks=18280 greeks_ticks=55472 snap_ticks=43184 | 이론가 커버리지=100.0%
2026-05-28 05:18:52 [ChainSaver] DB 최근5분 rows=0 | IV커버=N/A    이론가커버=N/A | stream=0 snap=0 | 최근저장=2026-05-27 15:49:26
2026-05-28 05:19:22 [ChainSaver] 버퍼 엔트리=187 | price_ticks=18280 greeks_ticks=55472 snap_ticks=43184 | 이론가 커버리지=100.0%
2026-05-28 05:19:22 [ChainSaver] DB 최근5분 rows=0 | IV커버=N/A    이론가커버=N/A | stream=0 snap=0 | 최근저장=2026-05-27 15:49:26
2026-05-28 05:19:52 [ChainSaver] 버퍼 엔트리=187 | price_ticks=18280 greeks_ticks=55472 snap_ticks=43184 | 이론가 커버리지=100.0%
2026-05-28 05:19:52 [ChainSaver] DB 최근5분 rows=0 | IV커버=N/A    이론가커버=N/A | stream=0 snap=0 | 최근저장=2026-05-27 15:49:26
2026-05-28 05:20:22 [ChainSaver] 버퍼 엔트리=187 | price_ticks=18280 greeks_ticks=55472 snap_ticks=43184 | 이론가 커버리지=100.0%
2026-05-28 05:20:22 [ChainSaver] DB 최근5분 rows=0 | IV커버=N/A    이론가커버=N/A | stream=0 snap=0 | 최근저장=2026-05-27 15:49:26
2026-05-28 05:20:52 [ChainSaver] 버퍼 엔트리=187 | price_ticks=18280 greeks_ticks=55472 snap_ticks=43184 | 이론가 커버리지=100.0%
2026-05-28 05:20:52 [ChainSaver] DB 최근5분 rows=0 | IV커버=N/A    이론가커버=N/A | stream=0 snap=0 | 최근저장=2026-05-27 15:49:26
2026-05-28 05:21:22 [ChainSaver] 버퍼 엔트리=187 | price_ticks=18280 greeks_ticks=55472 snap_ticks=43184 | 이론가 커버리지=100.0%
2026-05-28 05:21:22 [ChainSaver] DB 최근5분 rows=0 | IV커버=N/A    이론가커버=N/A | stream=0 snap=0 | 최근저장=2026-05-27 15:49:26
2026-05-28 05:21:52 [ChainSaver] 버퍼 엔트리=187 | price_ticks=18280 greeks_ticks=55472 snap_ticks=43184 | 이론가 커버리지=100.0%
2026-05-28 05:21:52 [ChainSaver] DB 최근5분 rows=0 | IV커버=N/A    이론가커버=N/A | stream=0 snap=0 | 최근저장=2026-05-27 15:49:26
2026-05-28 05:22:22 [ChainSaver] 버퍼 엔트리=187 | price_ticks=18280 greeks_ticks=55472 snap_ticks=43184 | 이론가 커버리지=100.0%
2026-05-28 05:22:22 [ChainSaver] DB 최근5분 rows=0 | IV커버=N/A    이론가커버=N/A | stream=0 snap=0 | 최근저장=2026-05-27 15:49:26
2026-05-28 05:22:52 [ChainSaver] 버퍼 엔트리=187 | price_ticks=18280 greeks_ticks=55472 snap_ticks=43184 | 이론가 커버리지=100.0%
2026-05-28 05:22:52 [ChainSaver] DB 최근5분 rows=0 | IV커버=N/A    이론가커버=N/A | stream=0 snap=0 | 최근저장=2026-05-27 15:49:26
2026-05-28 05:23:22 [ChainSaver] 버퍼 엔트리=187 | price_ticks=18280 greeks_ticks=55472 snap_ticks=43184 | 이론가 커버리지=100.0%
2026-05-28 05:23:22 [ChainSaver] DB 최근5분 rows=0 | IV커버=N/A    이론가커버=N/A | stream=0 snap=0 | 최근저장=2026-05-27 15:49:26
2026-05-28 05:23:52 [ChainSaver] 버퍼 엔트리=187 | price_ticks=18280 greeks_ticks=55472 snap_ticks=43184 | 이론가 커버리지=100.0%
2026-05-28 05:23:52 [ChainSaver] DB 최근5분 rows=0 | IV커버=N/A    이론가커버=N/A | stream=0 snap=0 | 최근저장=2026-05-27 15:49:26
2026-05-28 05:24:22 [ChainSaver] 버퍼 엔트리=187 | price_ticks=18280 greeks_ticks=55472 snap_ticks=43184 | 이론가 커버리지=100.0%
2026-05-28 05:24:22 [ChainSaver] DB 최근5분 rows=0 | IV커버=N/A    이론가커버=N/A | stream=0 snap=0 | 최근저장=2026-05-27 15:49:26
2026-05-28 05:24:52 [ChainSaver] 버퍼 엔트리=187 | price_ticks=18280 greeks_ticks=55472 snap_ticks=43184 | 이론가 커버리지=100.0%
2026-05-28 05:24:52 [ChainSaver] DB 최근5분 rows=0 | IV커버=N/A    이론가커버=N/A | stream=0 snap=0 | 최근저장=2026-05-27 15:49:26
2026-05-28 05:25:22 [ChainSaver] 버퍼 엔트리=187 | price_ticks=18280 greeks_ticks=55472 snap_ticks=43184 | 이론가 커버리지=100.0%
2026-05-28 05:25:22 [ChainSaver] DB 최근5분 rows=0 | IV커버=N/A    이론가커버=N/A | stream=0 snap=0 | 최근저장=2026-05-27 15:49:26
2026-05-28 05:25:52 [ChainSaver] 버퍼 엔트리=187 | price_ticks=18280 greeks_ticks=55472 snap_ticks=43184 | 이론가 커버리지=100.0%
2026-05-28 05:25:52 [ChainSaver] DB 최근5분 rows=0 | IV커버=N/A    이론가커버=N/A | stream=0 snap=0 | 최근저장=2026-05-27 15:49:26
2026-05-28 05:26:22 [ChainSaver] 버퍼 엔트리=187 | price_ticks=18280 greeks_ticks=55472 snap_ticks=43184 | 이론가 커버리지=100.0%
2026-05-28 05:26:22 [ChainSaver] DB 최근5분 rows=0 | IV커버=N/A    이론가커버=N/A | stream=0 snap=0 | 최근저장=2026-05-27 15:49:26
2026-05-28 05:26:52 [ChainSaver] 버퍼 엔트리=187 | price_ticks=18280 greeks_ticks=55472 snap_ticks=43184 | 이론가 커버리지=100.0%
2026-05-28 05:26:53 [ChainSaver] DB 최근5분 rows=0 | IV커버=N/A    이론가커버=N/A | stream=0 snap=0 | 최근저장=2026-05-27 15:49:26
2026-05-28 05:27:22 [ChainSaver] 버퍼 엔트리=187 | price_ticks=18280 greeks_ticks=55472 snap_ticks=43184 | 이론가 커버리지=100.0%
2026-05-28 05:27:22 [ChainSaver] DB 최근5분 rows=0 | IV커버=N/A    이론가커버=N/A | stream=0 snap=0 | 최근저장=2026-05-27 15:49:26
2026-05-28 05:27:52 [ChainSaver] 버퍼 엔트리=187 | price_ticks=18280 greeks_ticks=55472 snap_ticks=43184 | 이론가 커버리지=100.0%
2026-05-28 05:27:52 [ChainSaver] DB 최근5분 rows=0 | IV커버=N/A    이론가커버=N/A | stream=0 snap=0 | 최근저장=2026-05-27 15:49:26
2026-05-28 05:28:22 [ChainSaver] 버퍼 엔트리=187 | price_ticks=18280 greeks_ticks=55472 snap_ticks=43184 | 이론가 커버리지=100.0%
2026-05-28 05:28:22 [ChainSaver] DB 최근5분 rows=0 | IV커버=N/A    이론가커버=N/A | stream=0 snap=0 | 최근저장=2026-05-27 15:49:26
2026-05-28 05:28:52 [ChainSaver] 버퍼 엔트리=187 | price_ticks=18280 greeks_ticks=55472 snap_ticks=43184 | 이론가 커버리지=100.0%
2026-05-28 05:28:52 [ChainSaver] DB 최근5분 rows=0 | IV커버=N/A    이론가커버=N/A | stream=0 snap=0 | 최근저장=2026-05-27 15:49:26
2026-05-28 05:29:22 [ChainSaver] 버퍼 엔트리=187 | price_ticks=18280 greeks_ticks=55472 snap_ticks=43184 | 이론가 커버리지=100.0%
2026-05-28 05:29:22 [ChainSaver] DB 최근5분 rows=0 | IV커버=N/A    이론가커버=N/A | stream=0 snap=0 | 최근저장=2026-05-27 15:49:26
2026-05-28 05:29:52 [ChainSaver] 버퍼 엔트리=187 | price_ticks=18280 greeks_ticks=55472 snap_ticks=43184 | 이론가 커버리지=100.0%
2026-05-28 05:29:52 [ChainSaver] DB 최근5분 rows=0 | IV커버=N/A    이론가커버=N/A | stream=0 snap=0 | 최근저장=2026-05-27 15:49:26
2026-05-28 05:30:22 [ChainSaver] 버퍼 엔트리=187 | price_ticks=18280 greeks_ticks=55472 snap_ticks=43184 | 이론가 커버리지=100.0%
2026-05-28 05:30:22 [ChainSaver] DB 최근5분 rows=0 | IV커버=N/A    이론가커버=N/A | stream=0 snap=0 | 최근저장=2026-05-27 15:49:26
2026-05-28 05:30:52 [ChainSaver] 버퍼 엔트리=187 | price_ticks=18280 greeks_ticks=55472 snap_ticks=43184 | 이론가 커버리지=100.0%
2026-05-28 05:30:52 [ChainSaver] DB 최근5분 rows=0 | IV커버=N/A    이론가커버=N/A | stream=0 snap=0 | 최근저장=2026-05-27 15:49:26
2026-05-28 05:31:22 [ChainSaver] 버퍼 엔트리=187 | price_ticks=18280 greeks_ticks=55472 snap_ticks=43184 | 이론가 커버리지=100.0%
2026-05-28 05:31:22 [ChainSaver] DB 최근5분 rows=0 | IV커버=N/A    이론가커버=N/A | stream=0 snap=0 | 최근저장=2026-05-27 15:49:26
2026-05-28 05:31:52 [ChainSaver] 버퍼 엔트리=187 | price_ticks=18280 greeks_ticks=55472 snap_ticks=43184 | 이론가 커버리지=100.0%
2026-05-28 05:31:52 [ChainSaver] DB 최근5분 rows=0 | IV커버=N/A    이론가커버=N/A | stream=0 snap=0 | 최근저장=2026-05-27 15:49:26
2026-05-28 05:32:22 [ChainSaver] 버퍼 엔트리=187 | price_ticks=18280 greeks_ticks=55472 snap_ticks=43184 | 이론가 커버리지=100.0%
2026-05-28 05:32:22 [ChainSaver] DB 최근5분 rows=0 | IV커버=N/A    이론가커버=N/A | stream=0 snap=0 | 최근저장=2026-05-27 15:49:26
2026-05-28 05:32:52 [ChainSaver] 버퍼 엔트리=187 | price_ticks=18280 greeks_ticks=55472 snap_ticks=43184 | 이론가 커버리지=100.0%
2026-05-28 05:32:52 [ChainSaver] DB 최근5분 rows=0 | IV커버=N/A    이론가커버=N/A | stream=0 snap=0 | 최근저장=2026-05-27 15:49:26
2026-05-28 05:33:22 [ChainSaver] 버퍼 엔트리=187 | price_ticks=18280 greeks_ticks=55472 snap_ticks=43184 | 이론가 커버리지=100.0%
2026-05-28 05:33:22 [ChainSaver] DB 최근5분 rows=0 | IV커버=N/A    이론가커버=N/A | stream=0 snap=0 | 최근저장=2026-05-27 15:49:26
2026-05-28 05:33:52 [ChainSaver] 버퍼 엔트리=187 | price_ticks=18280 greeks_ticks=55472 snap_ticks=43184 | 이론가 커버리지=100.0%
2026-05-28 05:33:52 [ChainSaver] DB 최근5분 rows=0 | IV커버=N/A    이론가커버=N/A | stream=0 snap=0 | 최근저장=2026-05-27 15:49:26
2026-05-28 05:34:22 [ChainSaver] 버퍼 엔트리=187 | price_ticks=18280 greeks_ticks=55472 snap_ticks=43184 | 이론가 커버리지=100.0%
2026-05-28 05:34:22 [ChainSaver] DB 최근5분 rows=0 | IV커버=N/A    이론가커버=N/A | stream=0 snap=0 | 최근저장=2026-05-27 15:49:26
2026-05-28 05:34:52 [ChainSaver] 버퍼 엔트리=187 | price_ticks=18280 greeks_ticks=55472 snap_ticks=43184 | 이론가 커버리지=100.0%
2026-05-28 05:34:52 [ChainSaver] DB 최근5분 rows=0 | IV커버=N/A    이론가커버=N/A | stream=0 snap=0 | 최근저장=2026-05-27 15:49:26
2026-05-28 05:35:22 [ChainSaver] 버퍼 엔트리=187 | price_ticks=18280 greeks_ticks=55472 snap_ticks=43184 | 이론가 커버리지=100.0%
2026-05-28 05:35:22 [ChainSaver] DB 최근5분 rows=0 | IV커버=N/A    이론가커버=N/A | stream=0 snap=0 | 최근저장=2026-05-27 15:49:26
2026-05-28 05:35:52 [ChainSaver] 버퍼 엔트리=187 | price_ticks=18280 greeks_ticks=55472 snap_ticks=43184 | 이론가 커버리지=100.0%
2026-05-28 05:35:52 [ChainSaver] DB 최근5분 rows=0 | IV커버=N/A    이론가커버=N/A | stream=0 snap=0 | 최근저장=2026-05-27 15:49:26
2026-05-28 05:36:22 [ChainSaver] 버퍼 엔트리=187 | price_ticks=18280 greeks_ticks=55472 snap_ticks=43184 | 이론가 커버리지=100.0%
2026-05-28 05:36:22 [ChainSaver] DB 최근5분 rows=0 | IV커버=N/A    이론가커버=N/A | stream=0 snap=0 | 최근저장=2026-05-27 15:49:26
2026-05-28 05:36:52 [ChainSaver] 버퍼 엔트리=187 | price_ticks=18280 greeks_ticks=55472 snap_ticks=43184 | 이론가 커버리지=100.0%
2026-05-28 05:36:52 [ChainSaver] DB 최근5분 rows=0 | IV커버=N/A    이론가커버=N/A | stream=0 snap=0 | 최근저장=2026-05-27 15:49:26
2026-05-28 05:37:22 [ChainSaver] 버퍼 엔트리=187 | price_ticks=18280 greeks_ticks=55472 snap_ticks=43184 | 이론가 커버리지=100.0%
2026-05-28 05:37:22 [ChainSaver] DB 최근5분 rows=0 | IV커버=N/A    이론가커버=N/A | stream=0 snap=0 | 최근저장=2026-05-27 15:49:26
2026-05-28 05:37:52 [ChainSaver] 버퍼 엔트리=187 | price_ticks=18280 greeks_ticks=55472 snap_ticks=43184 | 이론가 커버리지=100.0%
2026-05-28 05:37:52 [ChainSaver] DB 최근5분 rows=0 | IV커버=N/A    이론가커버=N/A | stream=0 snap=0 | 최근저장=2026-05-27 15:49:26
2026-05-28 05:38:22 [ChainSaver] 버퍼 엔트리=187 | price_ticks=18280 greeks_ticks=55472 snap_ticks=43184 | 이론가 커버리지=100.0%
2026-05-28 05:38:22 [ChainSaver] DB 최근5분 rows=0 | IV커버=N/A    이론가커버=N/A | stream=0 snap=0 | 최근저장=2026-05-27 15:49:26
2026-05-28 05:38:52 [ChainSaver] 버퍼 엔트리=187 | price_ticks=18280 greeks_ticks=55472 snap_ticks=43184 | 이론가 커버리지=100.0%
2026-05-28 05:38:52 [ChainSaver] DB 최근5분 rows=0 | IV커버=N/A    이론가커버=N/A | stream=0 snap=0 | 최근저장=2026-05-27 15:49:26
2026-05-28 05:39:22 [ChainSaver] 버퍼 엔트리=187 | price_ticks=18280 greeks_ticks=55472 snap_ticks=43184 | 이론가 커버리지=100.0%
2026-05-28 05:39:22 [ChainSaver] DB 최근5분 rows=0 | IV커버=N/A    이론가커버=N/A | stream=0 snap=0 | 최근저장=2026-05-27 15:49:26
2026-05-28 05:39:52 [ChainSaver] 버퍼 엔트리=187 | price_ticks=18280 greeks_ticks=55472 snap_ticks=43184 | 이론가 커버리지=100.0%
2026-05-28 05:39:52 [ChainSaver] DB 최근5분 rows=0 | IV커버=N/A    이론가커버=N/A | stream=0 snap=0 | 최근저장=2026-05-27 15:49:26
