2026-05-26 18:37:14 [ChainSaver] 버퍼 엔트리=0 | price_ticks=0 greeks_ticks=0 snap_ticks=0 | 이론가 커버리지=N/A
2026-05-26 18:37:14 [ChainSaver] DB 최근5분 rows=0 | IV커버=N/A    이론가커버=N/A | stream=0 snap=0 | 최근저장=없음
2026-05-26 18:37:44 [ChainSaver] 버퍼 엔트리=0 | price_ticks=0 greeks_ticks=0 snap_ticks=0 | 이론가 커버리지=N/A
2026-05-26 18:37:44 [ChainSaver] DB 최근5분 rows=0 | IV커버=N/A    이론가커버=N/A | stream=0 snap=0 | 최근저장=없음
2026-05-26 18:38:14 [ChainSaver] 버퍼 엔트리=0 | price_ticks=0 greeks_ticks=0 snap_ticks=0 | 이론가 커버리지=N/A
2026-05-26 18:38:14 [ChainSaver] DB 최근5분 rows=0 | IV커버=N/A    이론가커버=N/A | stream=0 snap=0 | 최근저장=없음
2026-05-26 18:38:44 [ChainSaver] 버퍼 엔트리=0 | price_ticks=0 greeks_ticks=0 snap_ticks=0 | 이론가 커버리지=N/A
2026-05-26 18:38:44 [ChainSaver] DB 최근5분 rows=0 | IV커버=N/A    이론가커버=N/A | stream=0 snap=0 | 최근저장=없음
2026-05-26 18:39:14 [ChainSaver] 버퍼 엔트리=0 | price_ticks=0 greeks_ticks=0 snap_ticks=0 | 이론가 커버리지=N/A
2026-05-26 18:39:14 [ChainSaver] DB 최근5분 rows=0 | IV커버=N/A    이론가커버=N/A | stream=0 snap=0 | 최근저장=없음
2026-05-26 18:39:44 [ChainSaver] 버퍼 엔트리=0 | price_ticks=0 greeks_ticks=0 snap_ticks=0 | 이론가 커버리지=N/A
2026-05-26 18:39:44 [ChainSaver] DB 최근5분 rows=0 | IV커버=N/A    이론가커버=N/A | stream=0 snap=0 | 최근저장=없음
2026-05-26 18:40:14 [ChainSaver] 버퍼 엔트리=0 | price_ticks=0 greeks_ticks=0 snap_ticks=0 | 이론가 커버리지=N/A
2026-05-26 18:40:14 [ChainSaver] DB 최근5분 rows=0 | IV커버=N/A    이론가커버=N/A | stream=0 snap=0 | 최근저장=없음
2026-05-26 18:40:44 [ChainSaver] 버퍼 엔트리=0 | price_ticks=0 greeks_ticks=0 snap_ticks=0 | 이론가 커버리지=N/A
2026-05-26 18:40:44 [ChainSaver] DB 최근5분 rows=0 | IV커버=N/A    이론가커버=N/A | stream=0 snap=0 | 최근저장=없음
2026-05-26 18:41:14 [ChainSaver] 버퍼 엔트리=0 | price_ticks=0 greeks_ticks=0 snap_ticks=0 | 이론가 커버리지=N/A
2026-05-26 18:41:14 [ChainSaver] DB 최근5분 rows=0 | IV커버=N/A    이론가커버=N/A | stream=0 snap=0 | 최근저장=없음
2026-05-26 18:41:44 [ChainSaver] 버퍼 엔트리=0 | price_ticks=0 greeks_ticks=0 snap_ticks=0 | 이론가 커버리지=N/A
2026-05-26 18:41:44 [ChainSaver] DB 최근5분 rows=0 | IV커버=N/A    이론가커버=N/A | stream=0 snap=0 | 최근저장=없음
2026-05-26 18:42:14 [ChainSaver] 버퍼 엔트리=0 | price_ticks=0 greeks_ticks=0 snap_ticks=0 | 이론가 커버리지=N/A
2026-05-26 18:42:14 [ChainSaver] DB 최근5분 rows=0 | IV커버=N/A    이론가커버=N/A | stream=0 snap=0 | 최근저장=없음
2026-05-26 18:42:44 [ChainSaver] 버퍼 엔트리=0 | price_ticks=0 greeks_ticks=0 snap_ticks=0 | 이론가 커버리지=N/A
2026-05-26 18:42:44 [ChainSaver] DB 최근5분 rows=0 | IV커버=N/A    이론가커버=N/A | stream=0 snap=0 | 최근저장=없음
2026-05-26 18:43:14 [ChainSaver] 버퍼 엔트리=0 | price_ticks=0 greeks_ticks=0 snap_ticks=0 | 이론가 커버리지=N/A
2026-05-26 18:43:14 [ChainSaver] DB 최근5분 rows=0 | IV커버=N/A    이론가커버=N/A | stream=0 snap=0 | 최근저장=없음
2026-05-26 18:43:44 [ChainSaver] 버퍼 엔트리=0 | price_ticks=0 greeks_ticks=0 snap_ticks=0 | 이론가 커버리지=N/A
2026-05-26 18:43:44 [ChainSaver] DB 최근5분 rows=0 | IV커버=N/A    이론가커버=N/A | stream=0 snap=0 | 최근저장=없음
2026-05-26 18:44:14 [ChainSaver] 버퍼 엔트리=0 | price_ticks=0 greeks_ticks=0 snap_ticks=0 | 이론가 커버리지=N/A
2026-05-26 18:44:14 [ChainSaver] DB 최근5분 rows=0 | IV커버=N/A    이론가커버=N/A | stream=0 snap=0 | 최근저장=없음
2026-05-26 18:44:44 [ChainSaver] 버퍼 엔트리=0 | price_ticks=0 greeks_ticks=0 snap_ticks=0 | 이론가 커버리지=N/A
2026-05-26 18:44:44 [ChainSaver] DB 최근5분 rows=0 | IV커버=N/A    이론가커버=N/A | stream=0 snap=0 | 최근저장=없음
2026-05-26 18:45:14 [ChainSaver] 버퍼 엔트리=0 | price_ticks=0 greeks_ticks=0 snap_ticks=0 | 이론가 커버리지=N/A
2026-05-26 18:45:14 [ChainSaver] DB 최근5분 rows=0 | IV커버=N/A    이론가커버=N/A | stream=0 snap=0 | 최근저장=없음
2026-05-26 18:45:44 [ChainSaver] 버퍼 엔트리=0 | price_ticks=0 greeks_ticks=0 snap_ticks=0 | 이론가 커버리지=N/A
2026-05-26 18:45:44 [ChainSaver] DB 최근5분 rows=0 | IV커버=N/A    이론가커버=N/A | stream=0 snap=0 | 최근저장=없음
2026-05-26 18:46:14 [ChainSaver] 버퍼 엔트리=0 | price_ticks=0 greeks_ticks=0 snap_ticks=0 | 이론가 커버리지=N/A
2026-05-26 18:46:14 [ChainSaver] DB 최근5분 rows=0 | IV커버=N/A    이론가커버=N/A | stream=0 snap=0 | 최근저장=없음
2026-05-26 18:46:44 [ChainSaver] 버퍼 엔트리=0 | price_ticks=0 greeks_ticks=0 snap_ticks=0 | 이론가 커버리지=N/A
2026-05-26 18:46:44 [ChainSaver] DB 최근5분 rows=0 | IV커버=N/A    이론가커버=N/A | stream=0 snap=0 | 최근저장=없음
2026-05-26 18:47:14 [ChainSaver] 버퍼 엔트리=0 | price_ticks=0 greeks_ticks=0 snap_ticks=0 | 이론가 커버리지=N/A
2026-05-26 18:47:14 [ChainSaver] DB 최근5분 rows=0 | IV커버=N/A    이론가커버=N/A | stream=0 snap=0 | 최근저장=없음
2026-05-26 18:47:44 [ChainSaver] 버퍼 엔트리=0 | price_ticks=0 greeks_ticks=0 snap_ticks=0 | 이론가 커버리지=N/A
2026-05-26 18:47:44 [ChainSaver] DB 최근5분 rows=0 | IV커버=N/A    이론가커버=N/A | stream=0 snap=0 | 최근저장=없음
2026-05-26 18:48:14 [ChainSaver] 버퍼 엔트리=0 | price_ticks=0 greeks_ticks=0 snap_ticks=0 | 이론가 커버리지=N/A
2026-05-26 18:48:14 [ChainSaver] DB 최근5분 rows=0 | IV커버=N/A    이론가커버=N/A | stream=0 snap=0 | 최근저장=없음
2026-05-26 18:48:44 [ChainSaver] 버퍼 엔트리=0 | price_ticks=0 greeks_ticks=0 snap_ticks=0 | 이론가 커버리지=N/A
2026-05-26 18:48:44 [ChainSaver] DB 최근5분 rows=0 | IV커버=N/A    이론가커버=N/A | stream=0 snap=0 | 최근저장=없음
2026-05-26 18:49:14 [ChainSaver] 버퍼 엔트리=0 | price_ticks=0 greeks_ticks=0 snap_ticks=0 | 이론가 커버리지=N/A
2026-05-26 18:49:14 [ChainSaver] DB 최근5분 rows=0 | IV커버=N/A    이론가커버=N/A | stream=0 snap=0 | 최근저장=없음
2026-05-26 18:49:44 [ChainSaver] 버퍼 엔트리=0 | price_ticks=0 greeks_ticks=0 snap_ticks=0 | 이론가 커버리지=N/A
2026-05-26 18:49:44 [ChainSaver] DB 최근5분 rows=0 | IV커버=N/A    이론가커버=N/A | stream=0 snap=0 | 최근저장=없음
2026-05-26 18:50:14 [ChainSaver] 버퍼 엔트리=0 | price_ticks=0 greeks_ticks=0 snap_ticks=0 | 이론가 커버리지=N/A
2026-05-26 18:50:14 [ChainSaver] DB 최근5분 rows=0 | IV커버=N/A    이론가커버=N/A | stream=0 snap=0 | 최근저장=없음
2026-05-26 18:50:44 [ChainSaver] 버퍼 엔트리=0 | price_ticks=0 greeks_ticks=0 snap_ticks=0 | 이론가 커버리지=N/A
2026-05-26 18:50:44 [ChainSaver] DB 최근5분 rows=0 | IV커버=N/A    이론가커버=N/A | stream=0 snap=0 | 최근저장=없음
2026-05-26 18:51:14 [ChainSaver] 버퍼 엔트리=0 | price_ticks=0 greeks_ticks=0 snap_ticks=0 | 이론가 커버리지=N/A
2026-05-26 18:51:14 [ChainSaver] DB 최근5분 rows=0 | IV커버=N/A    이론가커버=N/A | stream=0 snap=0 | 최근저장=없음
2026-05-26 18:51:44 [ChainSaver] 버퍼 엔트리=0 | price_ticks=0 greeks_ticks=0 snap_ticks=0 | 이론가 커버리지=N/A
2026-05-26 18:51:44 [ChainSaver] DB 최근5분 rows=0 | IV커버=N/A    이론가커버=N/A | stream=0 snap=0 | 최근저장=없음
2026-05-26 18:52:14 [ChainSaver] 버퍼 엔트리=0 | price_ticks=0 greeks_ticks=0 snap_ticks=0 | 이론가 커버리지=N/A
2026-05-26 18:52:14 [ChainSaver] DB 최근5분 rows=0 | IV커버=N/A    이론가커버=N/A | stream=0 snap=0 | 최근저장=없음
2026-05-26 18:52:44 [ChainSaver] 버퍼 엔트리=0 | price_ticks=0 greeks_ticks=0 snap_ticks=0 | 이론가 커버리지=N/A
2026-05-26 18:52:44 [ChainSaver] DB 최근5분 rows=0 | IV커버=N/A    이론가커버=N/A | stream=0 snap=0 | 최근저장=없음
2026-05-26 18:53:14 [ChainSaver] 버퍼 엔트리=0 | price_ticks=0 greeks_ticks=0 snap_ticks=0 | 이론가 커버리지=N/A
2026-05-26 18:53:14 [ChainSaver] DB 최근5분 rows=0 | IV커버=N/A    이론가커버=N/A | stream=0 snap=0 | 최근저장=없음
2026-05-26 18:53:44 [ChainSaver] 버퍼 엔트리=0 | price_ticks=0 greeks_ticks=0 snap_ticks=0 | 이론가 커버리지=N/A
2026-05-26 18:53:44 [ChainSaver] DB 최근5분 rows=0 | IV커버=N/A    이론가커버=N/A | stream=0 snap=0 | 최근저장=없음
2026-05-26 18:54:14 [ChainSaver] 버퍼 엔트리=0 | price_ticks=0 greeks_ticks=0 snap_ticks=0 | 이론가 커버리지=N/A
2026-05-26 18:54:14 [ChainSaver] DB 최근5분 rows=0 | IV커버=N/A    이론가커버=N/A | stream=0 snap=0 | 최근저장=없음
2026-05-26 18:54:44 [ChainSaver] 버퍼 엔트리=0 | price_ticks=0 greeks_ticks=0 snap_ticks=0 | 이론가 커버리지=N/A
2026-05-26 18:54:44 [ChainSaver] DB 최근5분 rows=0 | IV커버=N/A    이론가커버=N/A | stream=0 snap=0 | 최근저장=없음
2026-05-26 18:55:14 [ChainSaver] 버퍼 엔트리=0 | price_ticks=0 greeks_ticks=0 snap_ticks=0 | 이론가 커버리지=N/A
2026-05-26 18:55:14 [ChainSaver] DB 최근5분 rows=0 | IV커버=N/A    이론가커버=N/A | stream=0 snap=0 | 최근저장=없음
2026-05-26 18:55:44 [ChainSaver] 버퍼 엔트리=0 | price_ticks=0 greeks_ticks=0 snap_ticks=0 | 이론가 커버리지=N/A
2026-05-26 18:55:44 [ChainSaver] DB 최근5분 rows=0 | IV커버=N/A    이론가커버=N/A | stream=0 snap=0 | 최근저장=없음
2026-05-26 18:56:14 [ChainSaver] 버퍼 엔트리=0 | price_ticks=0 greeks_ticks=0 snap_ticks=0 | 이론가 커버리지=N/A
2026-05-26 18:56:14 [ChainSaver] DB 최근5분 rows=0 | IV커버=N/A    이론가커버=N/A | stream=0 snap=0 | 최근저장=없음
2026-05-26 18:56:44 [ChainSaver] 버퍼 엔트리=0 | price_ticks=0 greeks_ticks=0 snap_ticks=0 | 이론가 커버리지=N/A
2026-05-26 18:56:44 [ChainSaver] DB 최근5분 rows=0 | IV커버=N/A    이론가커버=N/A | stream=0 snap=0 | 최근저장=없음
2026-05-26 18:57:14 [ChainSaver] 버퍼 엔트리=0 | price_ticks=0 greeks_ticks=0 snap_ticks=0 | 이론가 커버리지=N/A
2026-05-26 18:57:14 [ChainSaver] DB 최근5분 rows=0 | IV커버=N/A    이론가커버=N/A | stream=0 snap=0 | 최근저장=없음
2026-05-26 18:57:44 [ChainSaver] 버퍼 엔트리=0 | price_ticks=0 greeks_ticks=0 snap_ticks=0 | 이론가 커버리지=N/A
2026-05-26 18:57:44 [ChainSaver] DB 최근5분 rows=0 | IV커버=N/A    이론가커버=N/A | stream=0 snap=0 | 최근저장=없음
2026-05-26 18:58:14 [ChainSaver] 버퍼 엔트리=0 | price_ticks=0 greeks_ticks=0 snap_ticks=0 | 이론가 커버리지=N/A
2026-05-26 18:58:14 [ChainSaver] DB 최근5분 rows=0 | IV커버=N/A    이론가커버=N/A | stream=0 snap=0 | 최근저장=없음
2026-05-26 18:58:44 [ChainSaver] 버퍼 엔트리=0 | price_ticks=0 greeks_ticks=0 snap_ticks=0 | 이론가 커버리지=N/A
2026-05-26 18:58:44 [ChainSaver] DB 최근5분 rows=0 | IV커버=N/A    이론가커버=N/A | stream=0 snap=0 | 최근저장=없음
2026-05-26 18:59:14 [ChainSaver] 버퍼 엔트리=0 | price_ticks=0 greeks_ticks=0 snap_ticks=0 | 이론가 커버리지=N/A
2026-05-26 18:59:14 [ChainSaver] DB 최근5분 rows=0 | IV커버=N/A    이론가커버=N/A | stream=0 snap=0 | 최근저장=없음
2026-05-26 18:59:44 [ChainSaver] 버퍼 엔트리=0 | price_ticks=0 greeks_ticks=0 snap_ticks=0 | 이론가 커버리지=N/A
2026-05-26 18:59:44 [ChainSaver] DB 최근5분 rows=0 | IV커버=N/A    이론가커버=N/A | stream=0 snap=0 | 최근저장=없음
2026-05-26 19:00:14 [ChainSaver] 버퍼 엔트리=0 | price_ticks=0 greeks_ticks=0 snap_ticks=0 | 이론가 커버리지=N/A
2026-05-26 19:00:14 [ChainSaver] DB 최근5분 rows=0 | IV커버=N/A    이론가커버=N/A | stream=0 snap=0 | 최근저장=없음
2026-05-26 19:00:44 [ChainSaver] 버퍼 엔트리=0 | price_ticks=0 greeks_ticks=0 snap_ticks=0 | 이론가 커버리지=N/A
2026-05-26 19:00:44 [ChainSaver] DB 최근5분 rows=0 | IV커버=N/A    이론가커버=N/A | stream=0 snap=0 | 최근저장=없음
2026-05-26 19:01:14 [ChainSaver] 버퍼 엔트리=0 | price_ticks=0 greeks_ticks=0 snap_ticks=0 | 이론가 커버리지=N/A
2026-05-26 19:01:14 [ChainSaver] DB 최근5분 rows=0 | IV커버=N/A    이론가커버=N/A | stream=0 snap=0 | 최근저장=없음
2026-05-26 19:01:44 [ChainSaver] 버퍼 엔트리=0 | price_ticks=0 greeks_ticks=0 snap_ticks=0 | 이론가 커버리지=N/A
2026-05-26 19:01:44 [ChainSaver] DB 최근5분 rows=0 | IV커버=N/A    이론가커버=N/A | stream=0 snap=0 | 최근저장=없음
2026-05-26 19:02:14 [ChainSaver] 버퍼 엔트리=0 | price_ticks=0 greeks_ticks=0 snap_ticks=0 | 이론가 커버리지=N/A
2026-05-26 19:02:14 [ChainSaver] DB 최근5분 rows=0 | IV커버=N/A    이론가커버=N/A | stream=0 snap=0 | 최근저장=없음
2026-05-26 22:30:08 [ChainSaver] 버퍼 엔트리=58 | price_ticks=1775 greeks_ticks=894 snap_ticks=478 | 이론가 커버리지=100.0%
2026-05-26 22:30:08 [ChainSaver] DB 최근5분 rows=0 | IV커버=N/A    이론가커버=N/A | stream=0 snap=0 | 최근저장=없음
2026-05-26 22:30:38 [ChainSaver] 버퍼 엔트리=58 | price_ticks=8166 greeks_ticks=3414 snap_ticks=2534 | 이론가 커버리지=100.0%
2026-05-26 22:30:38 [ChainSaver] DB 최근5분 rows=348 | IV커버=99.1%  이론가커버=97.4% | stream=268 snap=80 | 최근저장=2026-05-26 09:30:32
2026-05-26 22:31:08 [ChainSaver] 버퍼 엔트리=122 | price_ticks=13937 greeks_ticks=5877 snap_ticks=5090 | 이론가 커버리지=100.0%
2026-05-26 22:31:08 [ChainSaver] DB 최근5분 rows=1016 | IV커버=86.2%  이론가커버=85.6% | stream=538 snap=478 | 최근저장=2026-05-26 09:31:02
2026-05-26 23:26:58 [ChainSaver] 버퍼 엔트리=56 | price_ticks=711 greeks_ticks=1001 snap_ticks=648 | 이론가 커버리지=100.0%
2026-05-26 23:26:58 [ChainSaver] DB 최근5분 rows=99 | IV커버=90.9%  이론가커버=90.9% | stream=75 snap=24 | 최근저장=2026-05-26 10:26:52
2026-05-26 23:27:28 [ChainSaver] 버퍼 엔트리=56 | price_ticks=2373 greeks_ticks=3199 snap_ticks=1868 | 이론가 커버리지=100.0%
2026-05-26 23:27:28 [ChainSaver] DB 최근5분 rows=435 | IV커버=95.2%  이론가커버=95.2% | stream=334 snap=101 | 최근저장=2026-05-26 10:27:22
2026-05-26 23:27:58 [ChainSaver] 버퍼 엔트리=120 | price_ticks=3975 greeks_ticks=5584 snap_ticks=4032 | 이론가 커버리지=100.0%
2026-05-26 23:27:58 [ChainSaver] DB 최근5분 rows=1091 | IV커버=97.5%  이론가커버=97.5% | stream=590 snap=501 | 최근저장=2026-05-26 10:27:52
2026-05-26 23:28:28 [ChainSaver] 버퍼 엔트리=120 | price_ticks=5810 greeks_ticks=8027 snap_ticks=5392 | 이론가 커버리지=100.0%
2026-05-26 23:28:29 [ChainSaver] DB 최근5분 rows=1811 | IV커버=98.5%  이론가커버=98.5% | stream=843 snap=968 | 최근저장=2026-05-26 10:28:22
2026-05-26 23:28:58 [ChainSaver] 버퍼 엔트리=184 | price_ticks=7644 greeks_ticks=10399 snap_ticks=8050 | 이론가 커버리지=100.0%
2026-05-26 23:28:59 [ChainSaver] DB 최근5분 rows=2851 | IV커버=99.1%  이론가커버=99.1% | stream=1096 snap=1755 | 최근저장=2026-05-26 10:28:52
2026-05-26 23:29:28 [ChainSaver] 버퍼 엔트리=184 | price_ticks=9784 greeks_ticks=12852 snap_ticks=9434 | 이론가 커버리지=100.0%
2026-05-26 23:29:28 [ChainSaver] DB 최근5분 rows=3955 | IV커버=99.3%  이론가커버=99.3% | stream=1348 snap=2607 | 최근저장=2026-05-26 10:29:22
2026-05-26 23:29:58 [ChainSaver] 버퍼 엔트리=184 | price_ticks=11496 greeks_ticks=15290 snap_ticks=11770 | 이론가 커버리지=100.0%
2026-05-26 23:29:58 [ChainSaver] DB 최근5분 rows=5059 | IV커버=99.5%  이론가커버=99.5% | stream=1604 snap=3455 | 최근저장=2026-05-26 10:29:52
2026-05-26 23:30:28 [ChainSaver] 버퍼 엔트리=184 | price_ticks=13785 greeks_ticks=17688 snap_ticks=13128 | 이론가 커버리지=100.0%
2026-05-26 23:30:28 [ChainSaver] DB 최근5분 rows=6163 | IV커버=99.6%  이론가커버=99.6% | stream=1858 snap=4305 | 최근저장=2026-05-26 10:30:22
2026-05-26 23:30:58 [ChainSaver] 버퍼 엔트리=184 | price_ticks=15531 greeks_ticks=20114 snap_ticks=15812 | 이론가 커버리지=100.0%
2026-05-26 23:30:58 [ChainSaver] DB 최근5분 rows=7267 | IV커버=99.6%  이론가커버=99.6% | stream=2112 snap=5155 | 최근저장=2026-05-26 10:30:52
2026-05-26 23:31:28 [ChainSaver] 버퍼 엔트리=184 | price_ticks=17155 greeks_ticks=22366 snap_ticks=17082 | 이론가 커버리지=100.0%
2026-05-26 23:31:28 [ChainSaver] DB 최근5분 rows=8371 | IV커버=99.7%  이론가커버=99.7% | stream=2367 snap=6004 | 최근저장=2026-05-26 10:31:22
2026-05-26 23:31:58 [ChainSaver] 버퍼 엔트리=184 | price_ticks=18812 greeks_ticks=24736 snap_ticks=19330 | 이론가 커버리지=100.0%
2026-05-26 23:31:58 [ChainSaver] DB 최근5분 rows=9320 | IV커버=99.8%  이론가커버=99.8% | stream=2503 snap=6817 | 최근저장=2026-05-26 10:31:52
2026-05-26 23:32:28 [ChainSaver] 버퍼 엔트리=184 | price_ticks=20585 greeks_ticks=27181 snap_ticks=20718 | 이론가 커버리지=100.0%
2026-05-26 23:32:28 [ChainSaver] DB 최근5분 rows=10088 | IV커버=100.0% 이론가커버=100.0% | stream=2499 snap=7589 | 최근저장=2026-05-26 10:32:22
2026-05-26 23:32:58 [ChainSaver] 버퍼 엔트리=188 | price_ticks=22906 greeks_ticks=29607 snap_ticks=23468 | 이론가 커버리지=100.0%
2026-05-26 23:32:58 [ChainSaver] DB 최근5분 rows=10491 | IV커버=100.0% 이론가커버=100.0% | stream=2497 snap=7994 | 최근저장=2026-05-26 10:32:52
2026-05-26 23:33:28 [ChainSaver] 버퍼 엔트리=188 | price_ticks=24640 greeks_ticks=32044 snap_ticks=24856 | 이론가 커버리지=100.0%
2026-05-26 23:33:28 [ChainSaver] DB 최근5분 rows=10899 | IV커버=100.0% 이론가커버=100.0% | stream=2499 snap=8400 | 최근저장=2026-05-26 10:33:22
2026-05-26 23:33:58 [ChainSaver] 버퍼 엔트리=188 | price_ticks=26191 greeks_ticks=34413 snap_ticks=27036 | 이론가 커버리지=100.0%
2026-05-26 23:33:58 [ChainSaver] DB 최근5분 rows=10923 | IV커버=100.0% 이론가커버=100.0% | stream=2500 snap=8423 | 최근저장=2026-05-26 10:33:52
2026-05-26 23:34:28 [ChainSaver] 버퍼 엔트리=188 | price_ticks=27828 greeks_ticks=36851 snap_ticks=28380 | 이론가 커버리지=100.0%
2026-05-26 23:34:28 [ChainSaver] DB 최근5분 rows=10947 | IV커버=100.0% 이론가커버=100.0% | stream=2499 snap=8448 | 최근저장=2026-05-26 10:34:22
2026-05-26 23:34:58 [ChainSaver] 버퍼 엔트리=188 | price_ticks=29085 greeks_ticks=39271 snap_ticks=31021 | 이론가 커버리지=100.0%
2026-05-26 23:34:59 [ChainSaver] DB 최근5분 rows=10971 | IV커버=100.0% 이론가커버=100.0% | stream=2494 snap=8477 | 최근저장=2026-05-26 10:34:52
2026-05-26 23:35:28 [ChainSaver] 버퍼 엔트리=188 | price_ticks=30832 greeks_ticks=41659 snap_ticks=32353 | 이론가 커버리지=100.0%
2026-05-26 23:35:28 [ChainSaver] DB 최근5분 rows=10995 | IV커버=100.0% 이론가커버=100.0% | stream=2496 snap=8499 | 최근저장=2026-05-26 10:35:22
2026-05-26 23:35:58 [ChainSaver] 버퍼 엔트리=188 | price_ticks=33047 greeks_ticks=44113 snap_ticks=34657 | 이론가 커버리지=100.0%
2026-05-26 23:35:59 [ChainSaver] DB 최근5분 rows=11019 | IV커버=100.0% 이론가커버=100.0% | stream=2496 snap=8523 | 최근저장=2026-05-26 10:35:52
2026-05-26 23:36:28 [ChainSaver] 버퍼 엔트리=188 | price_ticks=35661 greeks_ticks=46577 snap_ticks=36089 | 이론가 커버리지=100.0%
2026-05-26 23:36:29 [ChainSaver] DB 최근5분 rows=11043 | IV커버=100.0% 이론가커버=100.0% | stream=2497 snap=8546 | 최근저장=2026-05-26 10:36:22
2026-05-26 23:36:58 [ChainSaver] 버퍼 엔트리=192 | price_ticks=37948 greeks_ticks=48985 snap_ticks=38832 | 이론가 커버리지=100.0%
2026-05-26 23:36:58 [ChainSaver] DB 최근5분 rows=11087 | IV커버=100.0% 이론가커버=100.0% | stream=2496 snap=8591 | 최근저장=2026-05-26 10:36:52
2026-05-26 23:37:28 [ChainSaver] 버퍼 엔트리=192 | price_ticks=39323 greeks_ticks=51234 snap_ticks=40060 | 이론가 커버리지=100.0%
2026-05-26 23:37:28 [ChainSaver] DB 최근5분 rows=11135 | IV커버=100.0% 이론가커버=100.0% | stream=2494 snap=8641 | 최근저장=2026-05-26 10:37:22
2026-05-26 23:37:58 [ChainSaver] 버퍼 엔트리=192 | price_ticks=40822 greeks_ticks=53646 snap_ticks=42246 | 이론가 커버리지=100.0%
2026-05-26 23:37:58 [ChainSaver] DB 최근5분 rows=11160 | IV커버=100.0% 이론가커버=100.0% | stream=2494 snap=8666 | 최근저장=2026-05-26 10:37:52
2026-05-26 23:38:28 [ChainSaver] 버퍼 엔트리=192 | price_ticks=42788 greeks_ticks=56104 snap_ticks=43626 | 이론가 커버리지=100.0%
2026-05-26 23:38:28 [ChainSaver] DB 최근5분 rows=11184 | IV커버=100.0% 이론가커버=100.0% | stream=2494 snap=8690 | 최근저장=2026-05-26 10:38:22
2026-05-26 23:38:58 [ChainSaver] 버퍼 엔트리=192 | price_ticks=44101 greeks_ticks=58451 snap_ticks=46238 | 이론가 커버리지=100.0%
2026-05-26 23:38:58 [ChainSaver] DB 최근5분 rows=11208 | IV커버=100.0% 이론가커버=100.0% | stream=2494 snap=8714 | 최근저장=2026-05-26 10:38:52
2026-05-26 23:39:28 [ChainSaver] 버퍼 엔트리=192 | price_ticks=45463 greeks_ticks=60788 snap_ticks=47486 | 이론가 커버리지=100.0%
2026-05-26 23:39:28 [ChainSaver] DB 최근5분 rows=11232 | IV커버=100.0% 이론가커버=100.0% | stream=2495 snap=8737 | 최근저장=2026-05-26 10:39:22
2026-05-26 23:39:58 [ChainSaver] 버퍼 엔트리=192 | price_ticks=47014 greeks_ticks=63192 snap_ticks=49704 | 이론가 커버리지=100.0%
2026-05-26 23:39:58 [ChainSaver] DB 최근5분 rows=11256 | IV커버=100.0% 이론가커버=100.0% | stream=2495 snap=8761 | 최근저장=2026-05-26 10:39:52
2026-05-26 23:40:28 [ChainSaver] 버퍼 엔트리=192 | price_ticks=48475 greeks_ticks=65660 snap_ticks=51034 | 이론가 커버리지=100.0%
2026-05-26 23:40:28 [ChainSaver] DB 최근5분 rows=11280 | IV커버=100.0% 이론가커버=100.0% | stream=2494 snap=8786 | 최근저장=2026-05-26 10:40:22
2026-05-26 23:40:58 [ChainSaver] 버퍼 엔트리=192 | price_ticks=49763 greeks_ticks=68037 snap_ticks=53676 | 이론가 커버리지=100.0%
2026-05-26 23:40:58 [ChainSaver] DB 최근5분 rows=11304 | IV커버=100.0% 이론가커버=100.0% | stream=2492 snap=8812 | 최근저장=2026-05-26 10:40:52
2026-05-26 23:41:28 [ChainSaver] 버퍼 엔트리=192 | price_ticks=51150 greeks_ticks=70327 snap_ticks=54956 | 이론가 커버리지=100.0%
2026-05-26 23:41:28 [ChainSaver] DB 최근5분 rows=11328 | IV커버=100.0% 이론가커버=100.0% | stream=2494 snap=8834 | 최근저장=2026-05-26 10:41:22
2026-05-26 23:41:58 [ChainSaver] 버퍼 엔트리=192 | price_ticks=52343 greeks_ticks=72743 snap_ticks=57166 | 이론가 커버리지=100.0%
2026-05-26 23:41:58 [ChainSaver] DB 최근5분 rows=11328 | IV커버=100.0% 이론가커버=100.0% | stream=2495 snap=8833 | 최근저장=2026-05-26 10:41:52
2026-05-26 23:42:28 [ChainSaver] 버퍼 엔트리=192 | price_ticks=53773 greeks_ticks=75109 snap_ticks=58464 | 이론가 커버리지=100.0%
2026-05-26 23:42:28 [ChainSaver] DB 최근5분 rows=11328 | IV커버=100.0% 이론가커버=100.0% | stream=2495 snap=8833 | 최근저장=2026-05-26 10:42:22
2026-05-26 23:42:58 [ChainSaver] 버퍼 엔트리=192 | price_ticks=54738 greeks_ticks=77532 snap_ticks=61123 | 이론가 커버리지=100.0%
2026-05-26 23:42:58 [ChainSaver] DB 최근5분 rows=11328 | IV커버=100.0% 이론가커버=100.0% | stream=2496 snap=8832 | 최근저장=2026-05-26 10:42:52
2026-05-26 23:43:28 [ChainSaver] 버퍼 엔트리=192 | price_ticks=56468 greeks_ticks=79967 snap_ticks=62463 | 이론가 커버리지=100.0%
2026-05-26 23:43:28 [ChainSaver] DB 최근5분 rows=11328 | IV커버=100.0% 이론가커버=100.0% | stream=2492 snap=8836 | 최근저장=2026-05-26 10:43:22
2026-05-26 23:43:58 [ChainSaver] 버퍼 엔트리=192 | price_ticks=57903 greeks_ticks=82383 snap_ticks=64725 | 이론가 커버리지=100.0%
2026-05-26 23:43:58 [ChainSaver] DB 최근5분 rows=11328 | IV커버=100.0% 이론가커버=100.0% | stream=2494 snap=8834 | 최근저장=2026-05-26 10:43:52
2026-05-26 23:44:28 [ChainSaver] 버퍼 엔트리=192 | price_ticks=59335 greeks_ticks=84614 snap_ticks=65969 | 이론가 커버리지=100.0%
2026-05-26 23:44:28 [ChainSaver] DB 최근5분 rows=11328 | IV커버=100.0% 이론가커버=100.0% | stream=2496 snap=8832 | 최근저장=2026-05-26 10:44:22
2026-05-26 23:44:58 [ChainSaver] 버퍼 엔트리=192 | price_ticks=60554 greeks_ticks=87065 snap_ticks=68651 | 이론가 커버리지=100.0%
2026-05-26 23:44:58 [ChainSaver] DB 최근5분 rows=11328 | IV커버=100.0% 이론가커버=100.0% | stream=2498 snap=8830 | 최근저장=2026-05-26 10:44:52
2026-05-26 23:45:28 [ChainSaver] 버퍼 엔트리=192 | price_ticks=61972 greeks_ticks=89460 snap_ticks=69965 | 이론가 커버리지=100.0%
2026-05-26 23:45:28 [ChainSaver] DB 최근5분 rows=11328 | IV커버=100.0% 이론가커버=100.0% | stream=2499 snap=8829 | 최근저장=2026-05-26 10:45:22
2026-05-26 23:45:58 [ChainSaver] 버퍼 엔트리=192 | price_ticks=62915 greeks_ticks=91396 snap_ticks=71889 | 이론가 커버리지=100.0%
2026-05-26 23:45:58 [ChainSaver] DB 최근5분 rows=11328 | IV커버=100.0% 이론가커버=100.0% | stream=2497 snap=8831 | 최근저장=2026-05-26 10:45:52
2026-05-26 23:46:28 [ChainSaver] 버퍼 엔트리=192 | price_ticks=64227 greeks_ticks=93823 snap_ticks=73209 | 이론가 커버리지=100.0%
2026-05-26 23:46:28 [ChainSaver] DB 최근5분 rows=11328 | IV커버=100.0% 이론가커버=100.0% | stream=2495 snap=8833 | 최근저장=2026-05-26 10:46:22
2026-05-26 23:46:58 [ChainSaver] 버퍼 엔트리=192 | price_ticks=65589 greeks_ticks=96246 snap_ticks=75851 | 이론가 커버리지=100.0%
2026-05-26 23:46:58 [ChainSaver] DB 최근5분 rows=11328 | IV커버=100.0% 이론가커버=100.0% | stream=2493 snap=8835 | 최근저장=2026-05-26 10:46:52
2026-05-26 23:47:28 [ChainSaver] 버퍼 엔트리=192 | price_ticks=66791 greeks_ticks=98631 snap_ticks=77163 | 이론가 커버리지=100.0%
2026-05-26 23:47:28 [ChainSaver] DB 최근5분 rows=11328 | IV커버=100.0% 이론가커버=100.0% | stream=2494 snap=8834 | 최근저장=2026-05-26 10:47:22
2026-05-26 23:47:58 [ChainSaver] 버퍼 엔트리=192 | price_ticks=67918 greeks_ticks=100978 snap_ticks=79367 | 이론가 커버리지=100.0%
2026-05-26 23:47:58 [ChainSaver] DB 최근5분 rows=11328 | IV커버=100.0% 이론가커버=100.0% | stream=2495 snap=8833 | 최근저장=2026-05-26 10:47:52
2026-05-26 23:48:28 [ChainSaver] 버퍼 엔트리=192 | price_ticks=69238 greeks_ticks=103398 snap_ticks=80671 | 이론가 커버리지=100.0%
2026-05-26 23:48:28 [ChainSaver] DB 최근5분 rows=11328 | IV커버=100.0% 이론가커버=100.0% | stream=2498 snap=8830 | 최근저장=2026-05-26 10:48:22
2026-05-26 23:48:58 [ChainSaver] 버퍼 엔트리=192 | price_ticks=70284 greeks_ticks=105815 snap_ticks=83335 | 이론가 커버리지=100.0%
2026-05-26 23:48:58 [ChainSaver] DB 최근5분 rows=11328 | IV커버=100.0% 이론가커버=100.0% | stream=2495 snap=8833 | 최근저장=2026-05-26 10:48:52
2026-05-26 23:49:28 [ChainSaver] 버퍼 엔트리=192 | price_ticks=71538 greeks_ticks=108194 snap_ticks=84599 | 이론가 커버리지=100.0%
2026-05-26 23:49:28 [ChainSaver] DB 최근5분 rows=11328 | IV커버=100.0% 이론가커버=100.0% | stream=2492 snap=8836 | 최근저장=2026-05-26 10:49:22
2026-05-26 23:49:58 [ChainSaver] 버퍼 엔트리=192 | price_ticks=72678 greeks_ticks=110615 snap_ticks=86831 | 이론가 커버리지=100.0%
2026-05-26 23:49:58 [ChainSaver] DB 최근5분 rows=11328 | IV커버=100.0% 이론가커버=100.0% | stream=2491 snap=8837 | 최근저장=2026-05-26 10:49:52
2026-05-26 23:50:28 [ChainSaver] 버퍼 엔트리=192 | price_ticks=73953 greeks_ticks=113031 snap_ticks=88131 | 이론가 커버리지=100.0%
2026-05-26 23:50:28 [ChainSaver] DB 최근5분 rows=11328 | IV커버=100.0% 이론가커버=100.0% | stream=2490 snap=8838 | 최근저장=2026-05-26 10:50:22
2026-05-26 23:50:58 [ChainSaver] 버퍼 엔트리=192 | price_ticks=75397 greeks_ticks=115346 snap_ticks=90725 | 이론가 커버리지=100.0%
2026-05-26 23:50:58 [ChainSaver] DB 최근5분 rows=11328 | IV커버=100.0% 이론가커버=100.0% | stream=2488 snap=8840 | 최근저장=2026-05-26 10:50:52
2026-05-26 23:51:28 [ChainSaver] 버퍼 엔트리=192 | price_ticks=76944 greeks_ticks=117720 snap_ticks=92057 | 이론가 커버리지=100.0%
2026-05-26 23:51:28 [ChainSaver] DB 최근5분 rows=11328 | IV커버=100.0% 이론가커버=100.0% | stream=2488 snap=8840 | 최근저장=2026-05-26 10:51:22
2026-05-26 23:51:58 [ChainSaver] 버퍼 엔트리=192 | price_ticks=78070 greeks_ticks=120153 snap_ticks=94327 | 이론가 커버리지=100.0%
2026-05-26 23:51:58 [ChainSaver] DB 최근5분 rows=11328 | IV커버=100.0% 이론가커버=100.0% | stream=2488 snap=8840 | 최근저장=2026-05-26 10:51:52
2026-05-26 23:52:28 [ChainSaver] 버퍼 엔트리=192 | price_ticks=79307 greeks_ticks=122446 snap_ticks=95547 | 이론가 커버리지=100.0%
2026-05-26 23:52:28 [ChainSaver] DB 최근5분 rows=11328 | IV커버=100.0% 이론가커버=100.0% | stream=2488 snap=8840 | 최근저장=2026-05-26 10:52:22
2026-05-26 23:52:58 [ChainSaver] 버퍼 엔트리=192 | price_ticks=80592 greeks_ticks=124825 snap_ticks=98251 | 이론가 커버리지=100.0%
2026-05-26 23:52:58 [ChainSaver] DB 최근5분 rows=11328 | IV커버=100.0% 이론가커버=100.0% | stream=2490 snap=8838 | 최근저장=2026-05-26 10:52:52
2026-05-26 23:53:28 [ChainSaver] 버퍼 엔트리=192 | price_ticks=82106 greeks_ticks=127140 snap_ticks=99493 | 이론가 커버리지=100.0%
2026-05-26 23:53:28 [ChainSaver] DB 최근5분 rows=11328 | IV커버=100.0% 이론가커버=100.0% | stream=2489 snap=8839 | 최근저장=2026-05-26 10:53:22
2026-05-26 23:53:58 [ChainSaver] 버퍼 엔트리=192 | price_ticks=83519 greeks_ticks=129558 snap_ticks=101717 | 이론가 커버리지=100.0%
2026-05-26 23:53:58 [ChainSaver] DB 최근5분 rows=11328 | IV커버=100.0% 이론가커버=100.0% | stream=2491 snap=8837 | 최근저장=2026-05-26 10:53:52
2026-05-26 23:54:28 [ChainSaver] 버퍼 엔트리=192 | price_ticks=84758 greeks_ticks=131981 snap_ticks=103103 | 이론가 커버리지=100.0%
2026-05-26 23:54:28 [ChainSaver] DB 최근5분 rows=11328 | IV커버=100.0% 이론가커버=100.0% | stream=2491 snap=8837 | 최근저장=2026-05-26 10:54:22
2026-05-26 23:54:58 [ChainSaver] 버퍼 엔트리=192 | price_ticks=86271 greeks_ticks=134374 snap_ticks=105851 | 이론가 커버리지=100.0%
2026-05-26 23:54:58 [ChainSaver] DB 최근5분 rows=11328 | IV커버=100.0% 이론가커버=100.0% | stream=2493 snap=8835 | 최근저장=2026-05-26 10:54:52
2026-05-26 23:55:28 [ChainSaver] 버퍼 엔트리=192 | price_ticks=87753 greeks_ticks=136737 snap_ticks=107357 | 이론가 커버리지=100.0%
2026-05-26 23:55:28 [ChainSaver] DB 최근5분 rows=11328 | IV커버=100.0% 이론가커버=100.0% | stream=2499 snap=8829 | 최근저장=2026-05-26 10:55:22
2026-05-26 23:55:58 [ChainSaver] 버퍼 엔트리=192 | price_ticks=89309 greeks_ticks=139187 snap_ticks=109717 | 이론가 커버리지=100.0%
2026-05-26 23:55:58 [ChainSaver] DB 최근5분 rows=11328 | IV커버=100.0% 이론가커버=100.0% | stream=2504 snap=8824 | 최근저장=2026-05-26 10:55:52
2026-05-26 23:56:28 [ChainSaver] 버퍼 엔트리=192 | price_ticks=90946 greeks_ticks=141559 snap_ticks=111151 | 이론가 커버리지=100.0%
2026-05-26 23:56:28 [ChainSaver] DB 최근5분 rows=11328 | IV커버=100.0% 이론가커버=100.0% | stream=2507 snap=8821 | 최근저장=2026-05-26 10:56:22
2026-05-26 23:56:58 [ChainSaver] 버퍼 엔트리=192 | price_ticks=92561 greeks_ticks=144007 snap_ticks=113881 | 이론가 커버리지=100.0%
2026-05-26 23:56:58 [ChainSaver] DB 최근5분 rows=11328 | IV커버=100.0% 이론가커버=100.0% | stream=2506 snap=8822 | 최근저장=2026-05-26 10:56:52
2026-05-26 23:57:28 [ChainSaver] 버퍼 엔트리=192 | price_ticks=94177 greeks_ticks=146439 snap_ticks=115233 | 이론가 커버리지=100.0%
2026-05-26 23:57:28 [ChainSaver] DB 최근5분 rows=11328 | IV커버=100.0% 이론가커버=100.0% | stream=2506 snap=8822 | 최근저장=2026-05-26 10:57:22
2026-05-26 23:57:58 [ChainSaver] 버퍼 엔트리=192 | price_ticks=95748 greeks_ticks=148866 snap_ticks=117527 | 이론가 커버리지=100.0%
2026-05-26 23:57:58 [ChainSaver] DB 최근5분 rows=11328 | IV커버=100.0% 이론가커버=100.0% | stream=2503 snap=8825 | 최근저장=2026-05-26 10:57:52
2026-05-26 23:58:28 [ChainSaver] 버퍼 엔트리=192 | price_ticks=97771 greeks_ticks=151242 snap_ticks=118957 | 이론가 커버리지=100.0%
2026-05-26 23:58:28 [ChainSaver] DB 최근5분 rows=11328 | IV커버=100.0% 이론가커버=100.0% | stream=2503 snap=8825 | 최근저장=2026-05-26 10:58:22
2026-05-26 23:58:58 [ChainSaver] 버퍼 엔트리=192 | price_ticks=99487 greeks_ticks=153639 snap_ticks=121693 | 이론가 커버리지=100.0%
2026-05-26 23:58:58 [ChainSaver] DB 최근5분 rows=11328 | IV커버=100.0% 이론가커버=100.0% | stream=2504 snap=8824 | 최근저장=2026-05-26 10:58:52
2026-05-26 23:59:28 [ChainSaver] 버퍼 엔트리=192 | price_ticks=101194 greeks_ticks=156098 snap_ticks=123049 | 이론가 커버리지=100.0%
2026-05-26 23:59:28 [ChainSaver] DB 최근5분 rows=11328 | IV커버=100.0% 이론가커버=100.0% | stream=2504 snap=8824 | 최근저장=2026-05-26 10:59:22
2026-05-26 23:59:58 [ChainSaver] 버퍼 엔트리=192 | price_ticks=102571 greeks_ticks=158487 snap_ticks=125273 | 이론가 커버리지=100.0%
2026-05-26 23:59:58 [ChainSaver] DB 최근5분 rows=11328 | IV커버=100.0% 이론가커버=100.0% | stream=2503 snap=8825 | 최근저장=2026-05-26 10:59:52
2026-05-27 00:00:28 [ChainSaver] 버퍼 엔트리=192 | price_ticks=104664 greeks_ticks=160913 snap_ticks=126619 | 이론가 커버리지=100.0%
2026-05-27 00:00:28 [ChainSaver] DB 최근5분 rows=11328 | IV커버=100.0% 이론가커버=100.0% | stream=2496 snap=8832 | 최근저장=2026-05-26 11:00:22
2026-05-27 00:00:58 [ChainSaver] 버퍼 엔트리=192 | price_ticks=106171 greeks_ticks=163154 snap_ticks=129301 | 이론가 커버리지=100.0%
2026-05-27 00:00:58 [ChainSaver] DB 최근5분 rows=11328 | IV커버=100.0% 이론가커버=100.0% | stream=2495 snap=8833 | 최근저장=2026-05-26 11:00:52
2026-05-27 00:01:28 [ChainSaver] 버퍼 엔트리=192 | price_ticks=107816 greeks_ticks=165639 snap_ticks=130753 | 이론가 커버리지=100.0%
2026-05-27 00:01:28 [ChainSaver] DB 최근5분 rows=11328 | IV커버=100.0% 이론가커버=100.0% | stream=2497 snap=8831 | 최근저장=2026-05-26 11:01:22
2026-05-27 00:01:58 [ChainSaver] 버퍼 엔트리=192 | price_ticks=109484 greeks_ticks=168026 snap_ticks=132975 | 이론가 커버리지=100.0%
2026-05-27 00:01:58 [ChainSaver] DB 최근5분 rows=11328 | IV커버=100.0% 이론가커버=100.0% | stream=2497 snap=8831 | 최근저장=2026-05-26 11:01:52
2026-05-27 00:02:28 [ChainSaver] 버퍼 엔트리=192 | price_ticks=111927 greeks_ticks=170414 snap_ticks=134259 | 이론가 커버리지=100.0%
2026-05-27 00:02:28 [ChainSaver] DB 최근5분 rows=11328 | IV커버=100.0% 이론가커버=100.0% | stream=2497 snap=8831 | 최근저장=2026-05-26 11:02:22
2026-05-27 00:02:58 [ChainSaver] 버퍼 엔트리=196 | price_ticks=113694 greeks_ticks=172753 snap_ticks=136927 | 이론가 커버리지=100.0%
2026-05-27 00:02:58 [ChainSaver] DB 최근5분 rows=11347 | IV커버=100.0% 이론가커버=100.0% | stream=2496 snap=8851 | 최근저장=2026-05-26 11:02:52
2026-05-27 00:03:28 [ChainSaver] 버퍼 엔트리=196 | price_ticks=115801 greeks_ticks=175134 snap_ticks=138261 | 이론가 커버리지=100.0%
2026-05-27 00:03:28 [ChainSaver] DB 최근5분 rows=11371 | IV커버=100.0% 이론가커버=100.0% | stream=2496 snap=8875 | 최근저장=2026-05-26 11:03:22
2026-05-27 00:03:58 [ChainSaver] 버퍼 엔트리=196 | price_ticks=118553 greeks_ticks=177599 snap_ticks=140593 | 이론가 커버리지=100.0%
2026-05-27 00:03:58 [ChainSaver] DB 최근5분 rows=11395 | IV커버=100.0% 이론가커버=100.0% | stream=2501 snap=8894 | 최근저장=2026-05-26 11:03:52
2026-05-27 00:04:28 [ChainSaver] 버퍼 엔트리=196 | price_ticks=120661 greeks_ticks=179951 snap_ticks=141909 | 이론가 커버리지=100.0%
2026-05-27 00:04:28 [ChainSaver] DB 최근5분 rows=11419 | IV커버=100.0% 이론가커버=100.0% | stream=2501 snap=8918 | 최근저장=2026-05-26 11:04:22
2026-05-27 00:04:58 [ChainSaver] 버퍼 엔트리=196 | price_ticks=122409 greeks_ticks=182275 snap_ticks=144543 | 이론가 커버리지=100.0%
2026-05-27 00:04:58 [ChainSaver] DB 최근5분 rows=11443 | IV커버=100.0% 이론가커버=100.0% | stream=2505 snap=8938 | 최근저장=2026-05-26 11:04:52
2026-05-27 00:05:28 [ChainSaver] 버퍼 엔트리=196 | price_ticks=124606 greeks_ticks=184696 snap_ticks=145969 | 이론가 커버리지=100.0%
2026-05-27 00:05:28 [ChainSaver] DB 최근5분 rows=11467 | IV커버=100.0% 이론가커버=100.0% | stream=2506 snap=8961 | 최근저장=2026-05-26 11:05:22
2026-05-27 00:05:58 [ChainSaver] 버퍼 엔트리=196 | price_ticks=126625 greeks_ticks=187095 snap_ticks=148259 | 이론가 커버리지=100.0%
2026-05-27 00:05:58 [ChainSaver] DB 최근5분 rows=11491 | IV커버=100.0% 이론가커버=100.0% | stream=2506 snap=8985 | 최근저장=2026-05-26 11:05:52
2026-05-27 00:06:28 [ChainSaver] 버퍼 엔트리=196 | price_ticks=128721 greeks_ticks=189528 snap_ticks=149711 | 이론가 커버리지=100.0%
2026-05-27 00:06:28 [ChainSaver] DB 최근5분 rows=11515 | IV커버=100.0% 이론가커버=100.0% | stream=2505 snap=9010 | 최근저장=2026-05-26 11:06:22
2026-05-27 00:06:58 [ChainSaver] 버퍼 엔트리=196 | price_ticks=130705 greeks_ticks=191773 snap_ticks=152371 | 이론가 커버리지=100.0%
2026-05-27 00:06:58 [ChainSaver] DB 최근5분 rows=11539 | IV커버=100.0% 이론가커버=100.0% | stream=2507 snap=9032 | 최근저장=2026-05-26 11:06:52
2026-05-27 00:07:28 [ChainSaver] 버퍼 엔트리=196 | price_ticks=133581 greeks_ticks=194201 snap_ticks=153837 | 이론가 커버리지=100.0%
2026-05-27 00:07:28 [ChainSaver] DB 최근5분 rows=11563 | IV커버=100.0% 이론가커버=100.0% | stream=2513 snap=9050 | 최근저장=2026-05-26 11:07:22
2026-05-27 00:07:58 [ChainSaver] 버퍼 엔트리=196 | price_ticks=136413 greeks_ticks=196624 snap_ticks=156171 | 이론가 커버리지=100.0%
2026-05-27 00:07:58 [ChainSaver] DB 최근5분 rows=11564 | IV커버=100.0% 이론가커버=100.0% | stream=2515 snap=9049 | 최근저장=2026-05-26 11:07:52
2026-05-27 00:08:28 [ChainSaver] 버퍼 엔트리=196 | price_ticks=138939 greeks_ticks=199115 snap_ticks=157547 | 이론가 커버리지=100.0%
2026-05-27 00:08:28 [ChainSaver] DB 최근5분 rows=11564 | IV커버=100.0% 이론가커버=100.0% | stream=2512 snap=9052 | 최근저장=2026-05-26 11:08:22
2026-05-27 00:08:58 [ChainSaver] 버퍼 엔트리=196 | price_ticks=141247 greeks_ticks=201492 snap_ticks=160335 | 이론가 커버리지=100.0%
2026-05-27 00:08:58 [ChainSaver] DB 최근5분 rows=11564 | IV커버=100.0% 이론가커버=100.0% | stream=2513 snap=9051 | 최근저장=2026-05-26 11:08:52
2026-05-27 00:09:28 [ChainSaver] 버퍼 엔트리=196 | price_ticks=143285 greeks_ticks=203868 snap_ticks=161663 | 이론가 커버리지=100.0%
2026-05-27 00:09:28 [ChainSaver] DB 최근5분 rows=11564 | IV커버=100.0% 이론가커버=100.0% | stream=2514 snap=9050 | 최근저장=2026-05-26 11:09:22
2026-05-27 00:09:58 [ChainSaver] 버퍼 엔트리=196 | price_ticks=144995 greeks_ticks=206340 snap_ticks=163929 | 이론가 커버리지=100.0%
2026-05-27 00:09:58 [ChainSaver] DB 최근5분 rows=11564 | IV커버=100.0% 이론가커버=100.0% | stream=2516 snap=9048 | 최근저장=2026-05-26 11:09:52
2026-05-27 00:10:28 [ChainSaver] 버퍼 엔트리=196 | price_ticks=147105 greeks_ticks=208726 snap_ticks=165329 | 이론가 커버리지=100.0%
2026-05-27 00:10:28 [ChainSaver] DB 최근5분 rows=11564 | IV커버=100.0% 이론가커버=100.0% | stream=2515 snap=9049 | 최근저장=2026-05-26 11:10:22
2026-05-27 00:10:58 [ChainSaver] 버퍼 엔트리=196 | price_ticks=149397 greeks_ticks=211196 snap_ticks=168141 | 이론가 커버리지=100.0%
2026-05-27 00:10:58 [ChainSaver] DB 최근5분 rows=11564 | IV커버=100.0% 이론가커버=100.0% | stream=2519 snap=9045 | 최근저장=2026-05-26 11:10:52
2026-05-27 00:11:28 [ChainSaver] 버퍼 엔트리=196 | price_ticks=151544 greeks_ticks=213372 snap_ticks=169331 | 이론가 커버리지=100.0%
2026-05-27 00:11:28 [ChainSaver] DB 최근5분 rows=11564 | IV커버=100.0% 이론가커버=100.0% | stream=2517 snap=9047 | 최근저장=2026-05-26 11:11:22
2026-05-27 00:11:58 [ChainSaver] 버퍼 엔트리=196 | price_ticks=153355 greeks_ticks=215803 snap_ticks=171619 | 이론가 커버리지=100.0%
2026-05-27 00:11:58 [ChainSaver] DB 최근5분 rows=11564 | IV커버=100.0% 이론가커버=100.0% | stream=2516 snap=9048 | 최근저장=2026-05-26 11:11:52
2026-05-27 00:12:28 [ChainSaver] 버퍼 엔트리=196 | price_ticks=155742 greeks_ticks=218162 snap_ticks=172951 | 이론가 커버리지=100.0%
2026-05-27 00:12:28 [ChainSaver] DB 최근5분 rows=11564 | IV커버=100.0% 이론가커버=100.0% | stream=2516 snap=9048 | 최근저장=2026-05-26 11:12:22
2026-05-27 00:12:58 [ChainSaver] 버퍼 엔트리=196 | price_ticks=157768 greeks_ticks=220535 snap_ticks=175631 | 이론가 커버리지=100.0%
2026-05-27 00:12:58 [ChainSaver] DB 최근5분 rows=11564 | IV커버=100.0% 이론가커버=100.0% | stream=2515 snap=9049 | 최근저장=2026-05-26 11:12:52
2026-05-27 00:13:28 [ChainSaver] 버퍼 엔트리=196 | price_ticks=159933 greeks_ticks=222998 snap_ticks=177015 | 이론가 커버리지=100.0%
2026-05-27 00:13:28 [ChainSaver] DB 최근5분 rows=11564 | IV커버=100.0% 이론가커버=100.0% | stream=2514 snap=9050 | 최근저장=2026-05-26 11:13:22
2026-05-27 00:13:58 [ChainSaver] 버퍼 엔트리=196 | price_ticks=161796 greeks_ticks=225381 snap_ticks=179265 | 이론가 커버리지=100.0%
2026-05-27 00:13:58 [ChainSaver] DB 최근5분 rows=11564 | IV커버=100.0% 이론가커버=100.0% | stream=2508 snap=9056 | 최근저장=2026-05-26 11:13:52
2026-05-27 00:14:28 [ChainSaver] 버퍼 엔트리=196 | price_ticks=163384 greeks_ticks=227780 snap_ticks=180585 | 이론가 커버리지=100.0%
2026-05-27 00:14:28 [ChainSaver] DB 최근5분 rows=11564 | IV커버=100.0% 이론가커버=100.0% | stream=2503 snap=9061 | 최근저장=2026-05-26 11:14:22
2026-05-27 00:14:58 [ChainSaver] 버퍼 엔트리=196 | price_ticks=165145 greeks_ticks=230210 snap_ticks=183301 | 이론가 커버리지=100.0%
2026-05-27 00:14:58 [ChainSaver] DB 최근5분 rows=11564 | IV커버=100.0% 이론가커버=100.0% | stream=2502 snap=9062 | 최근저장=2026-05-26 11:14:52
2026-05-27 00:15:28 [ChainSaver] 버퍼 엔트리=196 | price_ticks=167576 greeks_ticks=232644 snap_ticks=184701 | 이론가 커버리지=100.0%
2026-05-27 00:15:28 [ChainSaver] DB 최근5분 rows=11564 | IV커버=100.0% 이론가커버=100.0% | stream=2496 snap=9068 | 최근저장=2026-05-26 11:15:22
2026-05-27 00:15:58 [ChainSaver] 버퍼 엔트리=196 | price_ticks=169734 greeks_ticks=234904 snap_ticks=186939 | 이론가 커버리지=100.0%
2026-05-27 00:15:58 [ChainSaver] DB 최근5분 rows=11564 | IV커버=100.0% 이론가커버=100.0% | stream=2497 snap=9067 | 최근저장=2026-05-26 11:15:52
2026-05-27 00:16:28 [ChainSaver] 버퍼 엔트리=196 | price_ticks=171881 greeks_ticks=237142 snap_ticks=188209 | 이론가 커버리지=100.0%
2026-05-27 00:16:28 [ChainSaver] DB 최근5분 rows=11564 | IV커버=100.0% 이론가커버=100.0% | stream=2498 snap=9066 | 최근저장=2026-05-26 11:16:22
2026-05-27 00:16:58 [ChainSaver] 버퍼 엔트리=200 | price_ticks=173771 greeks_ticks=239604 snap_ticks=190979 | 이론가 커버리지=100.0%
2026-05-27 00:16:58 [ChainSaver] DB 최근5분 rows=11583 | IV커버=100.0% 이론가커버=100.0% | stream=2498 snap=9085 | 최근저장=2026-05-26 11:16:52
2026-05-27 00:17:28 [ChainSaver] 버퍼 엔트리=200 | price_ticks=175925 greeks_ticks=241992 snap_ticks=192331 | 이론가 커버리지=100.0%
2026-05-27 00:17:28 [ChainSaver] DB 최근5분 rows=11607 | IV커버=100.0% 이론가커버=100.0% | stream=2495 snap=9112 | 최근저장=2026-05-26 11:17:22
2026-05-27 00:17:58 [ChainSaver] 버퍼 엔트리=200 | price_ticks=178591 greeks_ticks=244414 snap_ticks=194659 | 이론가 커버리지=100.0%
2026-05-27 00:17:58 [ChainSaver] DB 최근5분 rows=11631 | IV커버=100.0% 이론가커버=100.0% | stream=2494 snap=9137 | 최근저장=2026-05-26 11:17:52
2026-05-27 00:18:28 [ChainSaver] 버퍼 엔트리=200 | price_ticks=181387 greeks_ticks=246868 snap_ticks=196141 | 이론가 커버리지=100.0%
2026-05-27 00:18:28 [ChainSaver] DB 최근5분 rows=11655 | IV커버=100.0% 이론가커버=100.0% | stream=2494 snap=9161 | 최근저장=2026-05-26 11:18:22
2026-05-27 00:18:58 [ChainSaver] 버퍼 엔트리=200 | price_ticks=183423 greeks_ticks=249166 snap_ticks=198751 | 이론가 커버리지=100.0%
2026-05-27 00:18:58 [ChainSaver] DB 최근5분 rows=11679 | IV커버=100.0% 이론가커버=100.0% | stream=2496 snap=9183 | 최근저장=2026-05-26 11:18:52
2026-05-27 00:19:28 [ChainSaver] 버퍼 엔트리=200 | price_ticks=185447 greeks_ticks=251561 snap_ticks=200175 | 이론가 커버리지=100.0%
2026-05-27 00:19:28 [ChainSaver] DB 최근5분 rows=11703 | IV커버=100.0% 이론가커버=100.0% | stream=2499 snap=9204 | 최근저장=2026-05-26 11:19:22
2026-05-27 00:19:58 [ChainSaver] 버퍼 엔트리=200 | price_ticks=187403 greeks_ticks=253929 snap_ticks=202393 | 이론가 커버리지=100.0%
2026-05-27 00:19:58 [ChainSaver] DB 최근5분 rows=11727 | IV커버=100.0% 이론가커버=100.0% | stream=2501 snap=9226 | 최근저장=2026-05-26 11:19:52
2026-05-27 00:20:28 [ChainSaver] 버퍼 엔트리=200 | price_ticks=189468 greeks_ticks=256408 snap_ticks=203837 | 이론가 커버리지=100.0%
2026-05-27 00:20:28 [ChainSaver] DB 최근5분 rows=11751 | IV커버=100.0% 이론가커버=100.0% | stream=2502 snap=9249 | 최근저장=2026-05-26 11:20:22
2026-05-27 00:20:58 [ChainSaver] 버퍼 엔트리=200 | price_ticks=191977 greeks_ticks=258805 snap_ticks=206549 | 이론가 커버리지=100.0%
2026-05-27 00:20:58 [ChainSaver] DB 최근5분 rows=11775 | IV커버=100.0% 이론가커버=100.0% | stream=2501 snap=9274 | 최근저장=2026-05-26 11:20:52
2026-05-27 00:21:28 [ChainSaver] 버퍼 엔트리=200 | price_ticks=193962 greeks_ticks=261220 snap_ticks=207929 | 이론가 커버리지=100.0%
2026-05-27 00:21:28 [ChainSaver] DB 최근5분 rows=11799 | IV커버=100.0% 이론가커버=100.0% | stream=2500 snap=9299 | 최근저장=2026-05-26 11:21:22
2026-05-27 00:21:58 [ChainSaver] 버퍼 엔트리=200 | price_ticks=195940 greeks_ticks=263641 snap_ticks=210199 | 이론가 커버리지=100.0%
2026-05-27 00:21:58 [ChainSaver] DB 최근5분 rows=11800 | IV커버=100.0% 이론가커버=100.0% | stream=2501 snap=9299 | 최근저장=2026-05-26 11:21:52
2026-05-27 00:22:28 [ChainSaver] 버퍼 엔트리=200 | price_ticks=198188 greeks_ticks=266072 snap_ticks=211593 | 이론가 커버리지=100.0%
2026-05-27 00:22:28 [ChainSaver] DB 최근5분 rows=11800 | IV커버=100.0% 이론가커버=100.0% | stream=2504 snap=9296 | 최근저장=2026-05-26 11:22:22
2026-05-27 00:22:58 [ChainSaver] 버퍼 엔트리=200 | price_ticks=199984 greeks_ticks=268437 snap_ticks=214218 | 이론가 커버리지=100.0%
2026-05-27 00:22:58 [ChainSaver] DB 최근5분 rows=11800 | IV커버=100.0% 이론가커버=100.0% | stream=2505 snap=9295 | 최근저장=2026-05-26 11:22:52
2026-05-27 00:23:28 [ChainSaver] 버퍼 엔트리=200 | price_ticks=202010 greeks_ticks=270860 snap_ticks=215554 | 이론가 커버리지=100.0%
2026-05-27 00:23:28 [ChainSaver] DB 최근5분 rows=11800 | IV커버=100.0% 이론가커버=100.0% | stream=2503 snap=9297 | 최근저장=2026-05-26 11:23:22
2026-05-27 00:23:58 [ChainSaver] 버퍼 엔트리=200 | price_ticks=203881 greeks_ticks=273276 snap_ticks=217770 | 이론가 커버리지=100.0%
2026-05-27 00:23:58 [ChainSaver] DB 최근5분 rows=11800 | IV커버=100.0% 이론가커버=100.0% | stream=2500 snap=9300 | 최근저장=2026-05-26 11:23:52
2026-05-27 00:24:28 [ChainSaver] 버퍼 엔트리=200 | price_ticks=206260 greeks_ticks=275649 snap_ticks=219176 | 이론가 커버리지=100.0%
2026-05-27 00:24:28 [ChainSaver] DB 최근5분 rows=11800 | IV커버=100.0% 이론가커버=100.0% | stream=2502 snap=9298 | 최근저장=2026-05-26 11:24:22
2026-05-27 00:24:58 [ChainSaver] 버퍼 엔트리=200 | price_ticks=208258 greeks_ticks=278076 snap_ticks=221866 | 이론가 커버리지=100.0%
2026-05-27 00:24:58 [ChainSaver] DB 최근5분 rows=11800 | IV커버=100.0% 이론가커버=100.0% | stream=2502 snap=9298 | 최근저장=2026-05-26 11:24:52
2026-05-27 00:25:28 [ChainSaver] 버퍼 엔트리=200 | price_ticks=210384 greeks_ticks=280503 snap_ticks=223322 | 이론가 커버리지=100.0%
2026-05-27 00:25:28 [ChainSaver] DB 최근5분 rows=11800 | IV커버=100.0% 이론가커버=100.0% | stream=2502 snap=9298 | 최근저장=2026-05-26 11:25:22
2026-05-27 00:25:58 [ChainSaver] 버퍼 엔트리=200 | price_ticks=212385 greeks_ticks=282936 snap_ticks=225572 | 이론가 커버리지=100.0%
2026-05-27 00:25:58 [ChainSaver] DB 최근5분 rows=11800 | IV커버=100.0% 이론가커버=100.0% | stream=2500 snap=9300 | 최근저장=2026-05-26 11:25:52
2026-05-27 00:26:28 [ChainSaver] 버퍼 엔트리=200 | price_ticks=214326 greeks_ticks=285312 snap_ticks=227010 | 이론가 커버리지=100.0%
2026-05-27 00:26:28 [ChainSaver] DB 최근5분 rows=11800 | IV커버=100.0% 이론가커버=100.0% | stream=2500 snap=9300 | 최근저장=2026-05-26 11:26:22
2026-05-27 00:26:58 [ChainSaver] 버퍼 엔트리=200 | price_ticks=215913 greeks_ticks=287736 snap_ticks=229706 | 이론가 커버리지=100.0%
2026-05-27 00:26:58 [ChainSaver] DB 최근5분 rows=11800 | IV커버=100.0% 이론가커버=100.0% | stream=2501 snap=9299 | 최근저장=2026-05-26 11:26:52
2026-05-27 00:27:28 [ChainSaver] 버퍼 엔트리=200 | price_ticks=217857 greeks_ticks=290048 snap_ticks=230990 | 이론가 커버리지=100.0%
2026-05-27 00:27:28 [ChainSaver] DB 최근5분 rows=11800 | IV커버=100.0% 이론가커버=100.0% | stream=2496 snap=9304 | 최근저장=2026-05-26 11:27:22
2026-05-27 00:27:58 [ChainSaver] 버퍼 엔트리=200 | price_ticks=220084 greeks_ticks=292436 snap_ticks=233204 | 이론가 커버리지=100.0%
2026-05-27 00:27:58 [ChainSaver] DB 최근5분 rows=11800 | IV커버=100.0% 이론가커버=100.0% | stream=2498 snap=9302 | 최근저장=2026-05-26 11:27:52
2026-05-27 00:28:28 [ChainSaver] 버퍼 엔트리=200 | price_ticks=222120 greeks_ticks=294877 snap_ticks=234640 | 이론가 커버리지=100.0%
2026-05-27 00:28:28 [ChainSaver] DB 최근5분 rows=11800 | IV커버=100.0% 이론가커버=100.0% | stream=2500 snap=9300 | 최근저장=2026-05-26 11:28:22
2026-05-27 00:28:58 [ChainSaver] 버퍼 엔트리=200 | price_ticks=223710 greeks_ticks=297207 snap_ticks=237278 | 이론가 커버리지=100.0%
2026-05-27 00:28:58 [ChainSaver] DB 최근5분 rows=11800 | IV커버=100.0% 이론가커버=100.0% | stream=2500 snap=9300 | 최근저장=2026-05-26 11:28:52
2026-05-27 00:29:28 [ChainSaver] 버퍼 엔트리=200 | price_ticks=226669 greeks_ticks=299530 snap_ticks=238724 | 이론가 커버리지=100.0%
2026-05-27 00:29:28 [ChainSaver] DB 최근5분 rows=11800 | IV커버=100.0% 이론가커버=100.0% | stream=2505 snap=9295 | 최근저장=2026-05-26 11:29:22
2026-05-27 00:29:58 [ChainSaver] 버퍼 엔트리=202 | price_ticks=229600 greeks_ticks=301899 snap_ticks=241016 | 이론가 커버리지=100.0%
2026-05-27 00:29:58 [ChainSaver] DB 최근5분 rows=11810 | IV커버=100.0% 이론가커버=100.0% | stream=2505 snap=9305 | 최근저장=2026-05-26 11:29:52
2026-05-27 00:30:28 [ChainSaver] 버퍼 엔트리=202 | price_ticks=232434 greeks_ticks=304385 snap_ticks=242470 | 이론가 커버리지=100.0%
2026-05-27 00:30:28 [ChainSaver] DB 최근5분 rows=11822 | IV커버=100.0% 이론가커버=100.0% | stream=2505 snap=9317 | 최근저장=2026-05-26 11:30:22
2026-05-27 00:30:58 [ChainSaver] 버퍼 엔트리=204 | price_ticks=236373 greeks_ticks=306786 snap_ticks=245356 | 이론가 커버리지=100.0%
2026-05-27 00:30:58 [ChainSaver] DB 최근5분 rows=11844 | IV커버=100.0% 이론가커버=100.0% | stream=2508 snap=9336 | 최근저장=2026-05-26 11:30:52
2026-05-27 00:31:28 [ChainSaver] 버퍼 엔트리=204 | price_ticks=239219 greeks_ticks=309035 snap_ticks=246734 | 이론가 커버리지=100.0%
2026-05-27 00:31:28 [ChainSaver] DB 최근5분 rows=11868 | IV커버=100.0% 이론가커버=100.0% | stream=2507 snap=9361 | 최근저장=2026-05-26 11:31:22
2026-05-27 00:31:58 [ChainSaver] 버퍼 엔트리=204 | price_ticks=241634 greeks_ticks=311446 snap_ticks=249002 | 이론가 커버리지=100.0%
2026-05-27 00:31:58 [ChainSaver] DB 최근5분 rows=11892 | IV커버=100.0% 이론가커버=100.0% | stream=2507 snap=9385 | 최근저장=2026-05-26 11:31:52
2026-05-27 00:32:28 [ChainSaver] 버퍼 엔트리=204 | price_ticks=244383 greeks_ticks=313910 snap_ticks=250402 | 이론가 커버리지=100.0%
2026-05-27 00:32:28 [ChainSaver] DB 최근5분 rows=11916 | IV커버=100.0% 이론가커버=100.0% | stream=2511 snap=9405 | 최근저장=2026-05-26 11:32:22
2026-05-27 00:32:58 [ChainSaver] 버퍼 엔트리=204 | price_ticks=247047 greeks_ticks=316336 snap_ticks=253146 | 이론가 커버리지=100.0%
2026-05-27 00:32:58 [ChainSaver] DB 최근5분 rows=11940 | IV커버=100.0% 이론가커버=100.0% | stream=2510 snap=9430 | 최근저장=2026-05-26 11:32:52
2026-05-27 00:33:28 [ChainSaver] 버퍼 엔트리=204 | price_ticks=249382 greeks_ticks=318590 snap_ticks=254432 | 이론가 커버리지=100.0%
2026-05-27 00:33:28 [ChainSaver] DB 최근5분 rows=11964 | IV커버=100.0% 이론가커버=100.0% | stream=2509 snap=9455 | 최근저장=2026-05-26 11:33:22
2026-05-27 00:33:58 [ChainSaver] 버퍼 엔트리=204 | price_ticks=251315 greeks_ticks=321001 snap_ticks=256630 | 이론가 커버리지=100.0%
2026-05-27 00:33:58 [ChainSaver] DB 최근5분 rows=11988 | IV커버=100.0% 이론가커버=100.0% | stream=2506 snap=9482 | 최근저장=2026-05-26 11:33:52
2026-05-27 00:34:28 [ChainSaver] 버퍼 엔트리=204 | price_ticks=253556 greeks_ticks=323437 snap_ticks=258012 | 이론가 커버리지=100.0%
2026-05-27 00:34:28 [ChainSaver] DB 최근5분 rows=12012 | IV커버=100.0% 이론가커버=100.0% | stream=2501 snap=9511 | 최근저장=2026-05-26 11:34:22
2026-05-27 00:34:58 [ChainSaver] 버퍼 엔트리=204 | price_ticks=255859 greeks_ticks=325730 snap_ticks=260637 | 이론가 커버리지=100.0%
2026-05-27 00:34:58 [ChainSaver] DB 최근5분 rows=12024 | IV커버=100.0% 이론가커버=100.0% | stream=2505 snap=9519 | 최근저장=2026-05-26 11:34:52
2026-05-27 00:35:28 [ChainSaver] 버퍼 엔트리=204 | price_ticks=258285 greeks_ticks=328104 snap_ticks=262065 | 이론가 커버리지=100.0%
2026-05-27 00:35:28 [ChainSaver] DB 최근5분 rows=12036 | IV커버=100.0% 이론가커버=100.0% | stream=2508 snap=9528 | 최근저장=2026-05-26 11:35:22
2026-05-27 00:35:58 [ChainSaver] 버퍼 엔트리=204 | price_ticks=260299 greeks_ticks=330522 snap_ticks=264267 | 이론가 커버리지=100.0%
2026-05-27 00:35:58 [ChainSaver] DB 최근5분 rows=12036 | IV커버=100.0% 이론가커버=100.0% | stream=2505 snap=9531 | 최근저장=2026-05-26 11:35:52
2026-05-27 00:36:28 [ChainSaver] 버퍼 엔트리=204 | price_ticks=263229 greeks_ticks=332998 snap_ticks=265731 | 이론가 커버리지=100.0%
2026-05-27 00:36:28 [ChainSaver] DB 최근5분 rows=12036 | IV커버=100.0% 이론가커버=100.0% | stream=2503 snap=9533 | 최근저장=2026-05-26 11:36:22
2026-05-27 00:36:58 [ChainSaver] 버퍼 엔트리=204 | price_ticks=266199 greeks_ticks=335241 snap_ticks=268425 | 이론가 커버리지=100.0%
2026-05-27 00:36:58 [ChainSaver] DB 최근5분 rows=12036 | IV커버=100.0% 이론가커버=100.0% | stream=2504 snap=9532 | 최근저장=2026-05-26 11:36:52
2026-05-27 00:37:28 [ChainSaver] 버퍼 엔트리=204 | price_ticks=270463 greeks_ticks=337702 snap_ticks=270079 | 이론가 커버리지=100.0%
2026-05-27 00:37:28 [ChainSaver] DB 최근5분 rows=12036 | IV커버=100.0% 이론가커버=100.0% | stream=2508 snap=9528 | 최근저장=2026-05-26 11:37:22
2026-05-27 00:37:58 [ChainSaver] 버퍼 엔트리=206 | price_ticks=273375 greeks_ticks=340112 snap_ticks=272409 | 이론가 커버리지=100.0%
2026-05-27 00:37:58 [ChainSaver] DB 최근5분 rows=12046 | IV커버=100.0% 이론가커버=100.0% | stream=2510 snap=9536 | 최근저장=2026-05-26 11:37:52
2026-05-27 00:38:28 [ChainSaver] 버퍼 엔트리=206 | price_ticks=275672 greeks_ticks=342549 snap_ticks=273863 | 이론가 커버리지=100.0%
2026-05-27 00:38:28 [ChainSaver] DB 최근5분 rows=12058 | IV커버=100.0% 이론가커버=100.0% | stream=2513 snap=9545 | 최근저장=2026-05-26 11:38:22
2026-05-27 00:38:58 [ChainSaver] 버퍼 엔트리=208 | price_ticks=278424 greeks_ticks=344917 snap_ticks=276635 | 이론가 커버리지=100.0%
2026-05-27 00:38:58 [ChainSaver] DB 최근5분 rows=12080 | IV커버=100.0% 이론가커버=100.0% | stream=2520 snap=9560 | 최근저장=2026-05-26 11:38:52
2026-05-27 00:39:28 [ChainSaver] 버퍼 엔트리=208 | price_ticks=280749 greeks_ticks=347351 snap_ticks=278031 | 이론가 커버리지=100.0%
2026-05-27 00:39:28 [ChainSaver] DB 최근5분 rows=12104 | IV커버=100.0% 이론가커버=100.0% | stream=2518 snap=9586 | 최근저장=2026-05-26 11:39:22
2026-05-27 00:39:58 [ChainSaver] 버퍼 엔트리=208 | price_ticks=282762 greeks_ticks=349765 snap_ticks=280325 | 이론가 커버리지=100.0%
2026-05-27 00:39:58 [ChainSaver] DB 최근5분 rows=12128 | IV커버=100.0% 이론가커버=100.0% | stream=2517 snap=9611 | 최근저장=2026-05-26 11:39:52
2026-05-27 00:40:28 [ChainSaver] 버퍼 엔트리=208 | price_ticks=285971 greeks_ticks=352169 snap_ticks=281801 | 이론가 커버리지=100.0%
2026-05-27 00:40:28 [ChainSaver] DB 최근5분 rows=12152 | IV커버=100.0% 이론가커버=100.0% | stream=2518 snap=9634 | 최근저장=2026-05-26 11:40:22
2026-05-27 00:40:58 [ChainSaver] 버퍼 엔트리=208 | price_ticks=288461 greeks_ticks=354446 snap_ticks=284453 | 이론가 커버리지=100.0%
2026-05-27 00:40:58 [ChainSaver] DB 최근5분 rows=12176 | IV커버=100.0% 이론가커버=100.0% | stream=2522 snap=9654 | 최근저장=2026-05-26 11:40:52
2026-05-27 00:41:28 [ChainSaver] 버퍼 엔트리=208 | price_ticks=290671 greeks_ticks=356883 snap_ticks=285843 | 이론가 커버리지=100.0%
2026-05-27 00:41:28 [ChainSaver] DB 최근5분 rows=12200 | IV커버=100.0% 이론가커버=100.0% | stream=2519 snap=9681 | 최근저장=2026-05-26 11:41:22
2026-05-27 00:41:58 [ChainSaver] 버퍼 엔트리=208 | price_ticks=292910 greeks_ticks=359299 snap_ticks=288141 | 이론가 커버리지=100.0%
2026-05-27 00:41:58 [ChainSaver] DB 최근5분 rows=12224 | IV커버=100.0% 이론가커버=100.0% | stream=2517 snap=9707 | 최근저장=2026-05-26 11:41:52
2026-05-27 00:42:28 [ChainSaver] 버퍼 엔트리=208 | price_ticks=295099 greeks_ticks=361554 snap_ticks=289465 | 이론가 커버리지=100.0%
2026-05-27 00:42:28 [ChainSaver] DB 최근5분 rows=12248 | IV커버=100.0% 이론가커버=100.0% | stream=2516 snap=9732 | 최근저장=2026-05-26 11:42:22
2026-05-27 00:42:58 [ChainSaver] 버퍼 엔트리=208 | price_ticks=298109 greeks_ticks=364009 snap_ticks=292261 | 이론가 커버리지=100.0%
2026-05-27 00:42:58 [ChainSaver] DB 최근5분 rows=12260 | IV커버=100.0% 이론가커버=100.0% | stream=2517 snap=9743 | 최근저장=2026-05-26 11:42:52
2026-05-27 00:43:28 [ChainSaver] 버퍼 엔트리=208 | price_ticks=300357 greeks_ticks=366437 snap_ticks=293721 | 이론가 커버리지=100.0%
2026-05-27 00:43:28 [ChainSaver] DB 최근5분 rows=12272 | IV커버=100.0% 이론가커버=100.0% | stream=2515 snap=9757 | 최근저장=2026-05-26 11:43:22
2026-05-27 00:43:58 [ChainSaver] 버퍼 엔트리=208 | price_ticks=302504 greeks_ticks=368801 snap_ticks=296001 | 이론가 커버리지=100.0%
2026-05-27 00:43:58 [ChainSaver] DB 최근5분 rows=12272 | IV커버=100.0% 이론가커버=100.0% | stream=2510 snap=9762 | 최근저장=2026-05-26 11:43:52
2026-05-27 00:44:28 [ChainSaver] 버퍼 엔트리=208 | price_ticks=304879 greeks_ticks=371208 snap_ticks=297405 | 이론가 커버리지=100.0%
2026-05-27 00:44:28 [ChainSaver] DB 최근5분 rows=12272 | IV커버=100.0% 이론가커버=100.0% | stream=2510 snap=9762 | 최근저장=2026-05-26 11:44:22
2026-05-27 00:44:58 [ChainSaver] 버퍼 엔트리=208 | price_ticks=307050 greeks_ticks=373636 snap_ticks=300137 | 이론가 커버리지=100.0%
2026-05-27 00:44:58 [ChainSaver] DB 최근5분 rows=12272 | IV커버=100.0% 이론가커버=100.0% | stream=2509 snap=9763 | 최근저장=2026-05-26 11:44:52
2026-05-27 00:45:28 [ChainSaver] 버퍼 엔트리=208 | price_ticks=310777 greeks_ticks=376076 snap_ticks=301701 | 이론가 커버리지=100.0%
2026-05-27 00:45:28 [ChainSaver] DB 최근5분 rows=12272 | IV커버=100.0% 이론가커버=100.0% | stream=2508 snap=9764 | 최근저장=2026-05-26 11:45:22
2026-05-27 00:45:58 [ChainSaver] 버퍼 엔트리=208 | price_ticks=313541 greeks_ticks=378457 snap_ticks=304055 | 이론가 커버리지=100.0%
2026-05-27 00:45:58 [ChainSaver] DB 최근5분 rows=12272 | IV커버=100.0% 이론가커버=100.0% | stream=2508 snap=9764 | 최근저장=2026-05-26 11:45:52
2026-05-27 00:46:28 [ChainSaver] 버퍼 엔트리=208 | price_ticks=317274 greeks_ticks=380783 snap_ticks=305475 | 이론가 커버리지=100.0%
2026-05-27 00:46:28 [ChainSaver] DB 최근5분 rows=12272 | IV커버=100.0% 이론가커버=100.0% | stream=2512 snap=9760 | 최근저장=2026-05-26 11:46:22
2026-05-27 00:46:58 [ChainSaver] 버퍼 엔트리=208 | price_ticks=320000 greeks_ticks=383114 snap_ticks=308230 | 이론가 커버리지=100.0%
2026-05-27 00:46:58 [ChainSaver] DB 최근5분 rows=12272 | IV커버=100.0% 이론가커버=100.0% | stream=2513 snap=9759 | 최근저장=2026-05-26 11:46:52
2026-05-27 00:47:28 [ChainSaver] 버퍼 엔트리=208 | price_ticks=322484 greeks_ticks=385483 snap_ticks=309628 | 이론가 커버리지=100.0%
2026-05-27 00:47:28 [ChainSaver] DB 최근5분 rows=12272 | IV커버=100.0% 이론가커버=100.0% | stream=2514 snap=9758 | 최근저장=2026-05-26 11:47:22
2026-05-27 00:47:58 [ChainSaver] 버퍼 엔트리=208 | price_ticks=324875 greeks_ticks=387919 snap_ticks=311940 | 이론가 커버리지=100.0%
2026-05-27 00:47:58 [ChainSaver] DB 최근5분 rows=12272 | IV커버=100.0% 이론가커버=100.0% | stream=2514 snap=9758 | 최근저장=2026-05-26 11:47:52
2026-05-27 00:48:28 [ChainSaver] 버퍼 엔트리=208 | price_ticks=327091 greeks_ticks=390201 snap_ticks=313198 | 이론가 커버리지=100.0%
2026-05-27 00:48:28 [ChainSaver] DB 최근5분 rows=12272 | IV커버=100.0% 이론가커버=100.0% | stream=2511 snap=9761 | 최근저장=2026-05-26 11:48:22
2026-05-27 00:48:58 [ChainSaver] 버퍼 엔트리=208 | price_ticks=329287 greeks_ticks=392592 snap_ticks=315972 | 이론가 커버리지=100.0%
2026-05-27 00:48:58 [ChainSaver] DB 최근5분 rows=12272 | IV커버=100.0% 이론가커버=100.0% | stream=2514 snap=9758 | 최근저장=2026-05-26 11:48:52
2026-05-27 00:49:28 [ChainSaver] 버퍼 엔트리=208 | price_ticks=332093 greeks_ticks=395026 snap_ticks=317384 | 이론가 커버리지=100.0%
2026-05-27 00:49:28 [ChainSaver] DB 최근5분 rows=12272 | IV커버=100.0% 이론가커버=100.0% | stream=2513 snap=9759 | 최근저장=2026-05-26 11:49:22
2026-05-27 00:49:58 [ChainSaver] 버퍼 엔트리=208 | price_ticks=335080 greeks_ticks=397464 snap_ticks=319768 | 이론가 커버리지=100.0%
2026-05-27 00:49:58 [ChainSaver] DB 최근5분 rows=12272 | IV커버=100.0% 이론가커버=100.0% | stream=2515 snap=9757 | 최근저장=2026-05-26 11:49:52
2026-05-27 00:50:28 [ChainSaver] 버퍼 엔트리=208 | price_ticks=338829 greeks_ticks=399786 snap_ticks=321214 | 이론가 커버리지=100.0%
2026-05-27 00:50:28 [ChainSaver] DB 최근5분 rows=12272 | IV커버=100.0% 이론가커버=100.0% | stream=2517 snap=9755 | 최근저장=2026-05-26 11:50:22
2026-05-27 00:50:58 [ChainSaver] 버퍼 엔트리=208 | price_ticks=342222 greeks_ticks=402174 snap_ticks=324144 | 이론가 커버리지=100.0%
2026-05-27 00:50:58 [ChainSaver] DB 최근5분 rows=12272 | IV커버=100.0% 이론가커버=100.0% | stream=2518 snap=9754 | 최근저장=2026-05-26 11:50:52
2026-05-27 00:51:28 [ChainSaver] 버퍼 엔트리=208 | price_ticks=345682 greeks_ticks=404590 snap_ticks=325752 | 이론가 커버리지=100.0%
2026-05-27 00:51:28 [ChainSaver] DB 최근5분 rows=12272 | IV커버=100.0% 이론가커버=100.0% | stream=2522 snap=9750 | 최근저장=2026-05-26 11:51:22
2026-05-27 00:51:58 [ChainSaver] 버퍼 엔트리=208 | price_ticks=348601 greeks_ticks=407028 snap_ticks=328106 | 이론가 커버리지=100.0%
2026-05-27 00:51:58 [ChainSaver] DB 최근5분 rows=12272 | IV커버=100.0% 이론가커버=100.0% | stream=2521 snap=9751 | 최근저장=2026-05-26 11:51:52
2026-05-27 00:52:28 [ChainSaver] 버퍼 엔트리=208 | price_ticks=351683 greeks_ticks=409452 snap_ticks=329596 | 이론가 커버리지=100.0%
2026-05-27 00:52:28 [ChainSaver] DB 최근5분 rows=12272 | IV커버=100.0% 이론가커버=100.0% | stream=2526 snap=9746 | 최근저장=2026-05-26 11:52:22
2026-05-27 00:52:58 [ChainSaver] 버퍼 엔트리=212 | price_ticks=354387 greeks_ticks=411824 snap_ticks=332405 | 이론가 커버리지=100.0%
2026-05-27 00:52:58 [ChainSaver] DB 최근5분 rows=12291 | IV커버=100.0% 이론가커버=100.0% | stream=2526 snap=9765 | 최근저장=2026-05-26 11:52:52
2026-05-27 00:53:28 [ChainSaver] 버퍼 엔트리=222 | price_ticks=356306 greeks_ticks=413644 snap_ticks=333483 | 이론가 커버리지=100.0%
2026-05-27 00:53:28 [ChainSaver] DB 최근5분 rows=12350 | IV커버=100.0% 이론가커버=100.0% | stream=2549 snap=9801 | 최근저장=2026-05-26 11:53:22
2026-05-27 00:53:58 [ChainSaver] 버퍼 엔트리=222 | price_ticks=356306 greeks_ticks=413644 snap_ticks=333483 | 이론가 커버리지=100.0%
2026-05-27 00:53:58 [ChainSaver] DB 최근5분 rows=12434 | IV커버=100.0% 이론가커버=100.0% | stream=2581 snap=9853 | 최근저장=2026-05-26 11:53:52
2026-05-27 00:54:28 [ChainSaver] 버퍼 엔트리=222 | price_ticks=356306 greeks_ticks=413644 snap_ticks=333483 | 이론가 커버리지=100.0%
2026-05-27 00:54:28 [ChainSaver] DB 최근5분 rows=12518 | IV커버=100.0% 이론가커버=100.0% | stream=2614 snap=9904 | 최근저장=2026-05-26 11:54:22
2026-05-27 00:54:58 [ChainSaver] 버퍼 엔트리=222 | price_ticks=356306 greeks_ticks=413644 snap_ticks=333483 | 이론가 커버리지=100.0%
2026-05-27 00:54:58 [ChainSaver] DB 최근5분 rows=12602 | IV커버=100.0% 이론가커버=100.0% | stream=2645 snap=9957 | 최근저장=2026-05-26 11:54:52
2026-05-27 00:55:28 [ChainSaver] 버퍼 엔트리=222 | price_ticks=356306 greeks_ticks=413644 snap_ticks=333483 | 이론가 커버리지=100.0%
2026-05-27 00:55:28 [ChainSaver] DB 최근5분 rows=12686 | IV커버=100.0% 이론가커버=100.0% | stream=2674 snap=10012 | 최근저장=2026-05-26 11:55:22
2026-05-27 00:56:35 [ChainSaver] 버퍼 엔트리=56 | price_ticks=1217 greeks_ticks=1121 snap_ticks=720 | 이론가 커버리지=100.0%
2026-05-27 00:56:35 [ChainSaver] DB 최근5분 rows=11426 | IV커버=100.0% 이론가커버=100.0% | stream=2485 snap=8941 | 최근저장=2026-05-26 11:56:28
2026-05-27 00:57:04 [ChainSaver] 버퍼 엔트리=56 | price_ticks=3942 greeks_ticks=3557 snap_ticks=2116 | 이론가 커버리지=100.0%
2026-05-27 00:57:04 [ChainSaver] DB 최근5분 rows=10514 | IV커버=100.0% 이론가커버=100.0% | stream=2486 snap=8028 | 최근저장=2026-05-26 11:57:00
2026-05-27 00:57:34 [ChainSaver] 버퍼 엔트리=120 | price_ticks=6861 greeks_ticks=5987 snap_ticks=4396 | 이론가 커버리지=100.0%
2026-05-27 00:57:34 [ChainSaver] DB 최근5분 rows=9919 | IV커버=100.0% 이론가커버=100.0% | stream=2482 snap=7437 | 최근저장=2026-05-26 11:57:28
2026-05-27 00:58:04 [ChainSaver] 버퍼 엔트리=120 | price_ticks=9269 greeks_ticks=8366 snap_ticks=5726 | 이론가 커버리지=100.0%
2026-05-27 00:58:04 [ChainSaver] DB 최근5분 rows=9367 | IV커버=100.0% 이론가커버=100.0% | stream=2481 snap=6886 | 최근저장=2026-05-26 11:57:58
2026-05-27 00:58:34 [ChainSaver] 버퍼 엔트리=184 | price_ticks=11712 greeks_ticks=10841 snap_ticks=8418 | 이론가 커버리지=100.0%
2026-05-27 00:58:34 [ChainSaver] DB 최근5분 rows=9080 | IV커버=100.0% 이론가커버=100.0% | stream=2446 snap=6634 | 최근저장=2026-05-26 11:58:28
2026-05-27 00:59:04 [ChainSaver] 버퍼 엔트리=184 | price_ticks=14188 greeks_ticks=13120 snap_ticks=9724 | 이론가 커버리지=100.0%
2026-05-27 00:59:04 [ChainSaver] DB 최근5분 rows=8852 | IV커버=100.0% 이론가커버=100.0% | stream=2412 snap=6440 | 최근저장=2026-05-26 11:58:58
2026-05-27 00:59:34 [ChainSaver] 버퍼 엔트리=184 | price_ticks=15905 greeks_ticks=15526 snap_ticks=11940 | 이론가 커버리지=100.0%
2026-05-27 00:59:34 [ChainSaver] DB 최근5분 rows=8624 | IV커버=100.0% 이론가커버=100.0% | stream=2381 snap=6243 | 최근저장=2026-05-26 11:59:28
2026-05-27 01:00:04 [ChainSaver] 버퍼 엔트리=184 | price_ticks=18092 greeks_ticks=17958 snap_ticks=13276 | 이론가 커버리지=100.0%
2026-05-27 01:00:04 [ChainSaver] DB 최근5분 rows=8396 | IV커버=100.0% 이론가커버=100.0% | stream=2346 snap=6050 | 최근저장=2026-05-26 11:59:58
2026-05-27 01:00:34 [ChainSaver] 버퍼 엔트리=184 | price_ticks=20771 greeks_ticks=20342 snap_ticks=15950 | 이론가 커버리지=100.0%
2026-05-27 01:00:34 [ChainSaver] DB 최근5분 rows=8168 | IV커버=100.0% 이론가커버=100.0% | stream=2312 snap=5856 | 최근저장=2026-05-26 12:00:28
2026-05-27 01:01:04 [ChainSaver] 버퍼 엔트리=184 | price_ticks=22561 greeks_ticks=22765 snap_ticks=17274 | 이론가 커버리지=100.0%
2026-05-27 01:01:04 [ChainSaver] DB 최근5분 rows=8384 | IV커버=100.0% 이론가커버=100.0% | stream=2373 snap=6011 | 최근저장=2026-05-26 12:00:58
2026-05-27 01:01:34 [ChainSaver] 버퍼 엔트리=186 | price_ticks=24227 greeks_ticks=25128 snap_ticks=19448 | 이론가 커버리지=100.0%
2026-05-27 01:01:34 [ChainSaver] DB 최근5분 rows=9386 | IV커버=100.0% 이론가커버=100.0% | stream=2541 snap=6845 | 최근저장=2026-05-26 12:01:28
2026-05-27 01:02:04 [ChainSaver] 버퍼 엔트리=186 | price_ticks=26070 greeks_ticks=27647 snap_ticks=20830 | 이론가 커버리지=100.0%
2026-05-27 01:02:04 [ChainSaver] DB 최근5분 rows=10110 | IV커버=100.0% 이론가커버=100.0% | stream=2495 snap=7615 | 최근저장=2026-05-26 12:01:58
2026-05-27 01:02:34 [ChainSaver] 버퍼 엔트리=188 | price_ticks=27715 greeks_ticks=29879 snap_ticks=23440 | 이론가 커버리지=100.0%
2026-05-27 01:02:34 [ChainSaver] DB 최근5분 rows=10516 | IV커버=100.0% 이론가커버=100.0% | stream=2493 snap=8023 | 최근저장=2026-05-26 12:02:28
2026-05-27 01:03:04 [ChainSaver] 버퍼 엔트리=188 | price_ticks=29551 greeks_ticks=32268 snap_ticks=24758 | 이론가 커버리지=100.0%
2026-05-27 01:03:04 [ChainSaver] DB 최근5분 rows=10924 | IV커버=100.0% 이론가커버=100.0% | stream=2494 snap=8430 | 최근저장=2026-05-26 12:02:58
2026-05-27 01:03:34 [ChainSaver] 버퍼 엔트리=188 | price_ticks=31156 greeks_ticks=34741 snap_ticks=26996 | 이론가 커버리지=100.0%
2026-05-27 01:03:34 [ChainSaver] DB 최근5분 rows=10948 | IV커버=100.0% 이론가커버=100.0% | stream=2494 snap=8454 | 최근저장=2026-05-26 12:03:28
2026-05-27 01:04:04 [ChainSaver] 버퍼 엔트리=188 | price_ticks=32313 greeks_ticks=37116 snap_ticks=28294 | 이론가 커버리지=100.0%
2026-05-27 01:04:04 [ChainSaver] DB 최근5분 rows=10972 | IV커버=100.0% 이론가커버=100.0% | stream=2491 snap=8481 | 최근저장=2026-05-26 12:03:58
2026-05-27 01:04:34 [ChainSaver] 버퍼 엔트리=188 | price_ticks=33950 greeks_ticks=39534 snap_ticks=30949 | 이론가 커버리지=100.0%
2026-05-27 01:04:34 [ChainSaver] DB 최근5분 rows=10996 | IV커버=100.0% 이론가커버=100.0% | stream=2489 snap=8507 | 최근저장=2026-05-26 12:04:28
2026-05-27 01:05:04 [ChainSaver] 버퍼 엔트리=188 | price_ticks=35519 greeks_ticks=41643 snap_ticks=32083 | 이론가 커버리지=100.0%
2026-05-27 01:05:04 [ChainSaver] DB 최근5분 rows=11020 | IV커버=100.0% 이론가커버=100.0% | stream=2488 snap=8532 | 최근저장=2026-05-26 12:04:58
2026-05-27 01:05:34 [ChainSaver] 버퍼 엔트리=188 | price_ticks=37023 greeks_ticks=43973 snap_ticks=34233 | 이론가 커버리지=100.0%
2026-05-27 01:05:34 [ChainSaver] DB 최근5분 rows=11044 | IV커버=100.0% 이론가커버=100.0% | stream=2487 snap=8557 | 최근저장=2026-05-26 12:05:28
2026-05-27 01:06:04 [ChainSaver] 버퍼 엔트리=188 | price_ticks=38437 greeks_ticks=46350 snap_ticks=35523 | 이론가 커버리지=100.0%
2026-05-27 01:06:04 [ChainSaver] DB 최근5분 rows=11068 | IV커버=100.0% 이론가커버=100.0% | stream=2486 snap=8582 | 최근저장=2026-05-26 12:05:58
2026-05-27 01:06:34 [ChainSaver] 버퍼 엔트리=188 | price_ticks=40185 greeks_ticks=48784 snap_ticks=38195 | 이론가 커버리지=100.0%
2026-05-27 01:06:34 [ChainSaver] DB 최근5분 rows=11080 | IV커버=100.0% 이론가커버=100.0% | stream=2486 snap=8594 | 최근저장=2026-05-26 12:06:28
2026-05-27 01:07:04 [ChainSaver] 버퍼 엔트리=188 | price_ticks=41951 greeks_ticks=51222 snap_ticks=39565 | 이론가 커버리지=100.0%
2026-05-27 01:07:04 [ChainSaver] DB 최근5분 rows=11092 | IV커버=100.0% 이론가커버=100.0% | stream=2487 snap=8605 | 최근저장=2026-05-26 12:06:58
2026-05-27 01:07:34 [ChainSaver] 버퍼 엔트리=188 | price_ticks=43201 greeks_ticks=53580 snap_ticks=41723 | 이론가 커버리지=100.0%
2026-05-27 01:07:34 [ChainSaver] DB 최근5분 rows=11092 | IV커버=100.0% 이론가커버=100.0% | stream=2486 snap=8606 | 최근저장=2026-05-26 12:07:28
2026-05-27 01:08:04 [ChainSaver] 버퍼 엔트리=188 | price_ticks=44603 greeks_ticks=55900 snap_ticks=42973 | 이론가 커버리지=100.0%
2026-05-27 01:08:04 [ChainSaver] DB 최근5분 rows=11092 | IV커버=100.0% 이론가커버=100.0% | stream=2486 snap=8606 | 최근저장=2026-05-26 12:07:58
2026-05-27 01:08:34 [ChainSaver] 버퍼 엔트리=188 | price_ticks=46427 greeks_ticks=58265 snap_ticks=45596 | 이론가 커버리지=100.0%
2026-05-27 01:08:34 [ChainSaver] DB 최근5분 rows=11092 | IV커버=100.0% 이론가커버=100.0% | stream=2486 snap=8606 | 최근저장=2026-05-26 12:08:28
2026-05-27 01:09:04 [ChainSaver] 버퍼 엔트리=188 | price_ticks=47867 greeks_ticks=60717 snap_ticks=46912 | 이론가 커버리지=100.0%
2026-05-27 01:09:04 [ChainSaver] DB 최근5분 rows=11092 | IV커버=100.0% 이론가커버=100.0% | stream=2485 snap=8607 | 최근저장=2026-05-26 12:08:58
2026-05-27 01:09:34 [ChainSaver] 버퍼 엔트리=188 | price_ticks=49213 greeks_ticks=63084 snap_ticks=49080 | 이론가 커버리지=100.0%
2026-05-27 01:09:34 [ChainSaver] DB 최근5분 rows=11092 | IV커버=100.0% 이론가커버=100.0% | stream=2487 snap=8605 | 최근저장=2026-05-26 12:09:28
2026-05-27 01:10:04 [ChainSaver] 버퍼 엔트리=188 | price_ticks=50713 greeks_ticks=65448 snap_ticks=50372 | 이론가 커버리지=100.0%
2026-05-27 01:10:04 [ChainSaver] DB 최근5분 rows=11092 | IV커버=100.0% 이론가커버=100.0% | stream=2488 snap=8604 | 최근저장=2026-05-26 12:09:58
2026-05-27 01:10:34 [ChainSaver] 버퍼 엔트리=188 | price_ticks=52460 greeks_ticks=67870 snap_ticks=53004 | 이론가 커버리지=100.0%
2026-05-27 01:10:34 [ChainSaver] DB 최근5분 rows=11092 | IV커버=100.0% 이론가커버=100.0% | stream=2487 snap=8605 | 최근저장=2026-05-26 12:10:28
2026-05-27 01:11:04 [ChainSaver] 버퍼 엔트리=188 | price_ticks=54342 greeks_ticks=70302 snap_ticks=54348 | 이론가 커버리지=100.0%
2026-05-27 01:11:04 [ChainSaver] DB 최근5분 rows=11092 | IV커버=100.0% 이론가커버=100.0% | stream=2487 snap=8605 | 최근저장=2026-05-26 12:10:58
2026-05-27 01:11:34 [ChainSaver] 버퍼 엔트리=188 | price_ticks=56232 greeks_ticks=72723 snap_ticks=56546 | 이론가 커버리지=100.0%
2026-05-27 01:11:34 [ChainSaver] DB 최근5분 rows=11092 | IV커버=100.0% 이론가커버=100.0% | stream=2486 snap=8606 | 최근저장=2026-05-26 12:11:28
2026-05-27 01:12:04 [ChainSaver] 버퍼 엔트리=188 | price_ticks=57583 greeks_ticks=75104 snap_ticks=57842 | 이론가 커버리지=100.0%
2026-05-27 01:12:04 [ChainSaver] DB 최근5분 rows=11092 | IV커버=100.0% 이론가커버=100.0% | stream=2484 snap=8608 | 최근저장=2026-05-26 12:11:58
2026-05-27 01:12:34 [ChainSaver] 버퍼 엔트리=188 | price_ticks=59158 greeks_ticks=77586 snap_ticks=60520 | 이론가 커버리지=100.0%
2026-05-27 01:12:34 [ChainSaver] DB 최근5분 rows=11092 | IV커버=100.0% 이론가커버=100.0% | stream=2484 snap=8608 | 최근저장=2026-05-26 12:12:28
2026-05-27 01:13:04 [ChainSaver] 버퍼 엔트리=188 | price_ticks=61051 greeks_ticks=79966 snap_ticks=61814 | 이론가 커버리지=100.0%
2026-05-27 01:13:04 [ChainSaver] DB 최근5분 rows=11092 | IV커버=100.0% 이론가커버=100.0% | stream=2482 snap=8610 | 최근저장=2026-05-26 12:12:58
2026-05-27 01:13:34 [ChainSaver] 버퍼 엔트리=188 | price_ticks=62521 greeks_ticks=82195 snap_ticks=63940 | 이론가 커버리지=100.0%
2026-05-27 01:13:34 [ChainSaver] DB 최근5분 rows=11092 | IV커버=100.0% 이론가커버=100.0% | stream=2482 snap=8610 | 최근저장=2026-05-26 12:13:28
2026-05-27 01:14:04 [ChainSaver] 버퍼 엔트리=188 | price_ticks=63934 greeks_ticks=84475 snap_ticks=65212 | 이론가 커버리지=100.0%
2026-05-27 01:14:04 [ChainSaver] DB 최근5분 rows=11092 | IV커버=100.0% 이론가커버=100.0% | stream=2483 snap=8609 | 최근저장=2026-05-26 12:13:58
2026-05-27 01:14:34 [ChainSaver] 버퍼 엔트리=188 | price_ticks=65602 greeks_ticks=86891 snap_ticks=67874 | 이론가 커버리지=100.0%
2026-05-27 01:14:34 [ChainSaver] DB 최근5분 rows=11092 | IV커버=100.0% 이론가커버=100.0% | stream=2481 snap=8611 | 최근저장=2026-05-26 12:14:28
2026-05-27 01:15:04 [ChainSaver] 버퍼 엔트리=188 | price_ticks=67232 greeks_ticks=89326 snap_ticks=69196 | 이론가 커버리지=100.0%
2026-05-27 01:15:04 [ChainSaver] DB 최근5분 rows=11092 | IV커버=100.0% 이론가커버=100.0% | stream=2480 snap=8612 | 최근저장=2026-05-26 12:14:58
2026-05-27 01:15:34 [ChainSaver] 버퍼 엔트리=188 | price_ticks=68595 greeks_ticks=91686 snap_ticks=71398 | 이론가 커버리지=100.0%
2026-05-27 01:15:34 [ChainSaver] DB 최근5분 rows=11092 | IV커버=100.0% 이론가커버=100.0% | stream=2480 snap=8612 | 최근저장=2026-05-26 12:15:28
2026-05-27 01:16:04 [ChainSaver] 버퍼 엔트리=188 | price_ticks=70101 greeks_ticks=94197 snap_ticks=72776 | 이론가 커버리지=100.0%
2026-05-27 01:16:04 [ChainSaver] DB 최근5분 rows=11092 | IV커버=100.0% 이론가커버=100.0% | stream=2479 snap=8613 | 최근저장=2026-05-26 12:15:58
2026-05-27 01:16:34 [ChainSaver] 버퍼 엔트리=188 | price_ticks=71705 greeks_ticks=96554 snap_ticks=75406 | 이론가 커버리지=100.0%
2026-05-27 01:16:34 [ChainSaver] DB 최근5분 rows=11092 | IV커버=100.0% 이론가커버=100.0% | stream=2482 snap=8610 | 최근저장=2026-05-26 12:16:28
2026-05-27 01:17:04 [ChainSaver] 버퍼 엔트리=188 | price_ticks=73107 greeks_ticks=98952 snap_ticks=76714 | 이론가 커버리지=100.0%
2026-05-27 01:17:04 [ChainSaver] DB 최근5분 rows=11092 | IV커버=100.0% 이론가커버=100.0% | stream=2482 snap=8610 | 최근저장=2026-05-26 12:16:58
2026-05-27 01:17:34 [ChainSaver] 버퍼 엔트리=188 | price_ticks=74424 greeks_ticks=101357 snap_ticks=78908 | 이론가 커버리지=100.0%
2026-05-27 01:17:34 [ChainSaver] DB 최근5분 rows=11092 | IV커버=100.0% 이론가커버=100.0% | stream=2482 snap=8610 | 최근저장=2026-05-26 12:17:28
2026-05-27 01:18:04 [ChainSaver] 버퍼 엔트리=188 | price_ticks=75601 greeks_ticks=103787 snap_ticks=80236 | 이론가 커버리지=100.0%
2026-05-27 01:18:04 [ChainSaver] DB 최근5분 rows=11092 | IV커버=100.0% 이론가커버=100.0% | stream=2482 snap=8610 | 최근저장=2026-05-26 12:17:58
2026-05-27 01:18:34 [ChainSaver] 버퍼 엔트리=188 | price_ticks=76884 greeks_ticks=105933 snap_ticks=82705 | 이론가 커버리지=100.0%
2026-05-27 01:18:34 [ChainSaver] DB 최근5분 rows=11092 | IV커버=100.0% 이론가커버=100.0% | stream=2482 snap=8610 | 최근저장=2026-05-26 12:18:28
2026-05-27 01:19:04 [ChainSaver] 버퍼 엔트리=188 | price_ticks=78491 greeks_ticks=108326 snap_ticks=84009 | 이론가 커버리지=100.0%
2026-05-27 01:19:04 [ChainSaver] DB 최근5분 rows=11092 | IV커버=100.0% 이론가커버=100.0% | stream=2481 snap=8611 | 최근저장=2026-05-26 12:18:58
2026-05-27 01:19:34 [ChainSaver] 버퍼 엔트리=188 | price_ticks=80038 greeks_ticks=110658 snap_ticks=86147 | 이론가 커버리지=100.0%
2026-05-27 01:19:34 [ChainSaver] DB 최근5분 rows=11092 | IV커버=100.0% 이론가커버=100.0% | stream=2481 snap=8611 | 최근저장=2026-05-26 12:19:28
2026-05-27 01:20:04 [ChainSaver] 버퍼 엔트리=188 | price_ticks=81045 greeks_ticks=113016 snap_ticks=87413 | 이론가 커버리지=100.0%
2026-05-27 01:20:04 [ChainSaver] DB 최근5분 rows=11092 | IV커버=100.0% 이론가커버=100.0% | stream=2482 snap=8610 | 최근저장=2026-05-26 12:19:58
2026-05-27 01:20:34 [ChainSaver] 버퍼 엔트리=188 | price_ticks=82646 greeks_ticks=115392 snap_ticks=90049 | 이론가 커버리지=100.0%
2026-05-27 01:20:34 [ChainSaver] DB 최근5분 rows=11092 | IV커버=100.0% 이론가커버=100.0% | stream=2482 snap=8610 | 최근저장=2026-05-26 12:20:28
2026-05-27 01:21:04 [ChainSaver] 버퍼 엔트리=188 | price_ticks=84168 greeks_ticks=117863 snap_ticks=91367 | 이론가 커버리지=100.0%
2026-05-27 01:21:04 [ChainSaver] DB 최근5분 rows=11092 | IV커버=100.0% 이론가커버=100.0% | stream=2483 snap=8609 | 최근저장=2026-05-26 12:20:58
2026-05-27 01:21:34 [ChainSaver] 버퍼 엔트리=188 | price_ticks=85432 greeks_ticks=119958 snap_ticks=93397 | 이론가 커버리지=100.0%
2026-05-27 01:21:34 [ChainSaver] DB 최근5분 rows=11092 | IV커버=100.0% 이론가커버=100.0% | stream=2481 snap=8611 | 최근저장=2026-05-26 12:21:28
2026-05-27 01:22:04 [ChainSaver] 버퍼 엔트리=188 | price_ticks=86815 greeks_ticks=122387 snap_ticks=94689 | 이론가 커버리지=100.0%
2026-05-27 01:22:04 [ChainSaver] DB 최근5분 rows=11092 | IV커버=100.0% 이론가커버=100.0% | stream=2481 snap=8611 | 최근저장=2026-05-26 12:21:58
2026-05-27 01:22:34 [ChainSaver] 버퍼 엔트리=188 | price_ticks=87870 greeks_ticks=124764 snap_ticks=97322 | 이론가 커버리지=100.0%
2026-05-27 01:22:34 [ChainSaver] DB 최근5분 rows=11092 | IV커버=100.0% 이론가커버=100.0% | stream=2481 snap=8611 | 최근저장=2026-05-26 12:22:28
2026-05-27 01:23:04 [ChainSaver] 버퍼 엔트리=188 | price_ticks=88886 greeks_ticks=127101 snap_ticks=98570 | 이론가 커버리지=100.0%
2026-05-27 01:23:04 [ChainSaver] DB 최근5분 rows=11092 | IV커버=100.0% 이론가커버=100.0% | stream=2482 snap=8610 | 최근저장=2026-05-26 12:22:58
2026-05-27 01:23:34 [ChainSaver] 버퍼 엔트리=188 | price_ticks=90019 greeks_ticks=129486 snap_ticks=100770 | 이론가 커버리지=100.0%
2026-05-27 01:23:34 [ChainSaver] DB 최근5분 rows=11092 | IV커버=100.0% 이론가커버=100.0% | stream=2482 snap=8610 | 최근저장=2026-05-26 12:23:28
2026-05-27 01:24:04 [ChainSaver] 버퍼 엔트리=188 | price_ticks=91201 greeks_ticks=131901 snap_ticks=102064 | 이론가 커버리지=100.0%
2026-05-27 01:24:04 [ChainSaver] DB 최근5분 rows=11092 | IV커버=100.0% 이론가커버=100.0% | stream=2483 snap=8609 | 최근저장=2026-05-26 12:23:58
2026-05-27 01:24:34 [ChainSaver] 버퍼 엔트리=188 | price_ticks=92323 greeks_ticks=134333 snap_ticks=104726 | 이론가 커버리지=100.0%
2026-05-27 01:24:34 [ChainSaver] DB 최근5분 rows=11092 | IV커버=100.0% 이론가커버=100.0% | stream=2483 snap=8609 | 최근저장=2026-05-26 12:24:28
2026-05-27 01:25:04 [ChainSaver] 버퍼 엔트리=188 | price_ticks=93404 greeks_ticks=136703 snap_ticks=105990 | 이론가 커버리지=100.0%
2026-05-27 01:25:04 [ChainSaver] DB 최근5분 rows=11092 | IV커버=100.0% 이론가커버=100.0% | stream=2482 snap=8610 | 최근저장=2026-05-26 12:24:58
2026-05-27 01:25:34 [ChainSaver] 버퍼 엔트리=188 | price_ticks=94716 greeks_ticks=138981 snap_ticks=108134 | 이론가 커버리지=100.0%
2026-05-27 01:25:34 [ChainSaver] DB 최근5분 rows=11092 | IV커버=100.0% 이론가커버=100.0% | stream=2481 snap=8611 | 최근저장=2026-05-26 12:25:28
2026-05-27 01:26:04 [ChainSaver] 버퍼 엔트리=188 | price_ticks=95745 greeks_ticks=141354 snap_ticks=109406 | 이론가 커버리지=100.0%
2026-05-27 01:26:04 [ChainSaver] DB 최근5분 rows=11092 | IV커버=100.0% 이론가커버=100.0% | stream=2482 snap=8610 | 최근저장=2026-05-26 12:25:58
2026-05-27 01:26:34 [ChainSaver] 버퍼 엔트리=192 | price_ticks=96950 greeks_ticks=143825 snap_ticks=112104 | 이론가 커버리지=100.0%
2026-05-27 01:26:34 [ChainSaver] DB 최근5분 rows=11112 | IV커버=100.0% 이론가커버=100.0% | stream=2481 snap=8631 | 최근저장=2026-05-26 12:26:28
2026-05-27 01:27:04 [ChainSaver] 버퍼 엔트리=192 | price_ticks=97817 greeks_ticks=146189 snap_ticks=113364 | 이론가 커버리지=100.0%
2026-05-27 01:27:04 [ChainSaver] DB 최근5분 rows=11136 | IV커버=100.0% 이론가커버=100.0% | stream=2481 snap=8655 | 최근저장=2026-05-26 12:26:58
2026-05-27 01:27:34 [ChainSaver] 버퍼 엔트리=192 | price_ticks=98869 greeks_ticks=148348 snap_ticks=115408 | 이론가 커버리지=100.0%
2026-05-27 01:27:34 [ChainSaver] DB 최근5분 rows=11160 | IV커버=100.0% 이론가커버=100.0% | stream=2481 snap=8679 | 최근저장=2026-05-26 12:27:28
2026-05-27 01:28:04 [ChainSaver] 버퍼 엔트리=192 | price_ticks=99714 greeks_ticks=150767 snap_ticks=116698 | 이론가 커버리지=100.0%
2026-05-27 01:28:04 [ChainSaver] DB 최근5분 rows=11184 | IV커버=100.0% 이론가커버=100.0% | stream=2480 snap=8704 | 최근저장=2026-05-26 12:27:58
2026-05-27 01:28:34 [ChainSaver] 버퍼 엔트리=192 | price_ticks=101256 greeks_ticks=153197 snap_ticks=119380 | 이론가 커버리지=100.0%
2026-05-27 01:28:34 [ChainSaver] DB 최근5분 rows=11208 | IV커버=100.0% 이론가커버=100.0% | stream=2479 snap=8729 | 최근저장=2026-05-26 12:28:28
2026-05-27 01:29:04 [ChainSaver] 버퍼 엔트리=192 | price_ticks=102032 greeks_ticks=155564 snap_ticks=120642 | 이론가 커버리지=100.0%
2026-05-27 01:29:04 [ChainSaver] DB 최근5분 rows=11232 | IV커버=100.0% 이론가커버=100.0% | stream=2479 snap=8753 | 최근저장=2026-05-26 12:28:58
2026-05-27 01:29:34 [ChainSaver] 버퍼 엔트리=192 | price_ticks=103130 greeks_ticks=157941 snap_ticks=122840 | 이론가 커버리지=100.0%
2026-05-27 01:29:34 [ChainSaver] DB 최근5분 rows=11256 | IV커버=100.0% 이론가커버=100.0% | stream=2479 snap=8777 | 최근저장=2026-05-26 12:29:28
2026-05-27 01:30:04 [ChainSaver] 버퍼 엔트리=192 | price_ticks=104105 greeks_ticks=160292 snap_ticks=124074 | 이론가 커버리지=100.0%
2026-05-27 01:30:04 [ChainSaver] DB 최근5분 rows=11280 | IV커버=100.0% 이론가커버=100.0% | stream=2480 snap=8800 | 최근저장=2026-05-26 12:29:58
2026-05-27 01:30:34 [ChainSaver] 버퍼 엔트리=192 | price_ticks=105223 greeks_ticks=162667 snap_ticks=126731 | 이론가 커버리지=100.0%
2026-05-27 01:30:34 [ChainSaver] DB 최근5분 rows=11304 | IV커버=100.0% 이론가커버=100.0% | stream=2483 snap=8821 | 최근저장=2026-05-26 12:30:28
2026-05-27 01:31:04 [ChainSaver] 버퍼 엔트리=192 | price_ticks=106330 greeks_ticks=165096 snap_ticks=128027 | 이론가 커버리지=100.0%
2026-05-27 01:31:04 [ChainSaver] DB 최근5분 rows=11328 | IV커버=100.0% 이론가커버=100.0% | stream=2483 snap=8845 | 최근저장=2026-05-26 12:30:58
2026-05-27 01:31:34 [ChainSaver] 버퍼 엔트리=192 | price_ticks=107454 greeks_ticks=167381 snap_ticks=130159 | 이론가 커버리지=100.0%
2026-05-27 01:31:34 [ChainSaver] DB 최근5분 rows=11328 | IV커버=100.0% 이론가커버=100.0% | stream=2483 snap=8845 | 최근저장=2026-05-26 12:31:28
2026-05-27 01:32:04 [ChainSaver] 버퍼 엔트리=192 | price_ticks=108495 greeks_ticks=169664 snap_ticks=131363 | 이론가 커버리지=100.0%
2026-05-27 01:32:04 [ChainSaver] DB 최근5분 rows=11328 | IV커버=100.0% 이론가커버=100.0% | stream=2483 snap=8845 | 최근저장=2026-05-26 12:31:58
2026-05-27 01:32:34 [ChainSaver] 버퍼 엔트리=192 | price_ticks=109279 greeks_ticks=172037 snap_ticks=133999 | 이론가 커버리지=100.0%
2026-05-27 01:32:34 [ChainSaver] DB 최근5분 rows=11328 | IV커버=100.0% 이론가커버=100.0% | stream=2484 snap=8844 | 최근저장=2026-05-26 12:32:28
2026-05-27 01:33:04 [ChainSaver] 버퍼 엔트리=192 | price_ticks=110402 greeks_ticks=174251 snap_ticks=135175 | 이론가 커버리지=100.0%
2026-05-27 01:33:04 [ChainSaver] DB 최근5분 rows=11328 | IV커버=100.0% 이론가커버=100.0% | stream=2484 snap=8844 | 최근저장=2026-05-26 12:32:58
2026-05-27 01:33:34 [ChainSaver] 버퍼 엔트리=192 | price_ticks=112264 greeks_ticks=176420 snap_ticks=137233 | 이론가 커버리지=100.0%
2026-05-27 01:33:34 [ChainSaver] DB 최근5분 rows=11328 | IV커버=100.0% 이론가커버=100.0% | stream=2485 snap=8843 | 최근저장=2026-05-26 12:33:28
2026-05-27 01:34:04 [ChainSaver] 버퍼 엔트리=192 | price_ticks=113605 greeks_ticks=178832 snap_ticks=138523 | 이론가 커버리지=100.0%
2026-05-27 01:34:04 [ChainSaver] DB 최근5분 rows=11328 | IV커버=100.0% 이론가커버=100.0% | stream=2485 snap=8843 | 최근저장=2026-05-26 12:33:58
2026-05-27 01:34:34 [ChainSaver] 버퍼 엔트리=192 | price_ticks=114718 greeks_ticks=181106 snap_ticks=141099 | 이론가 커버리지=100.0%
2026-05-27 01:34:34 [ChainSaver] DB 최근5분 rows=11328 | IV커버=100.0% 이론가커버=100.0% | stream=2484 snap=8844 | 최근저장=2026-05-26 12:34:28
2026-05-27 01:35:04 [ChainSaver] 버퍼 엔트리=192 | price_ticks=116112 greeks_ticks=183366 snap_ticks=142277 | 이론가 커버리지=100.0%
2026-05-27 01:35:04 [ChainSaver] DB 최근5분 rows=11328 | IV커버=100.0% 이론가커버=100.0% | stream=2484 snap=8844 | 최근저장=2026-05-26 12:34:58
2026-05-27 01:35:34 [ChainSaver] 버퍼 엔트리=192 | price_ticks=117342 greeks_ticks=185847 snap_ticks=144519 | 이론가 커버리지=100.0%
2026-05-27 01:35:34 [ChainSaver] DB 최근5분 rows=11328 | IV커버=100.0% 이론가커버=100.0% | stream=2480 snap=8848 | 최근저장=2026-05-26 12:35:28
2026-05-27 01:36:04 [ChainSaver] 버퍼 엔트리=192 | price_ticks=118664 greeks_ticks=188212 snap_ticks=145781 | 이론가 커버리지=100.0%
2026-05-27 01:36:04 [ChainSaver] DB 최근5분 rows=11328 | IV커버=100.0% 이론가커버=100.0% | stream=2480 snap=8848 | 최근저장=2026-05-26 12:35:58
2026-05-27 01:36:34 [ChainSaver] 버퍼 엔트리=192 | price_ticks=119868 greeks_ticks=190502 snap_ticks=148357 | 이론가 커버리지=100.0%
2026-05-27 01:36:34 [ChainSaver] DB 최근5분 rows=11328 | IV커버=100.0% 이론가커버=100.0% | stream=2480 snap=8848 | 최근저장=2026-05-26 12:36:28
2026-05-27 01:37:04 [ChainSaver] 버퍼 엔트리=192 | price_ticks=121032 greeks_ticks=192868 snap_ticks=149621 | 이론가 커버리지=100.0%
2026-05-27 01:37:04 [ChainSaver] DB 최근5분 rows=11328 | IV커버=100.0% 이론가커버=100.0% | stream=2480 snap=8848 | 최근저장=2026-05-26 12:36:58
2026-05-27 01:37:34 [ChainSaver] 버퍼 엔트리=192 | price_ticks=122264 greeks_ticks=195298 snap_ticks=151833 | 이론가 커버리지=100.0%
2026-05-27 01:37:34 [ChainSaver] DB 최근5분 rows=11328 | IV커버=100.0% 이론가커버=100.0% | stream=2479 snap=8849 | 최근저장=2026-05-26 12:37:28
2026-05-27 01:38:04 [ChainSaver] 버퍼 엔트리=192 | price_ticks=123670 greeks_ticks=197725 snap_ticks=153141 | 이론가 커버리지=100.0%
2026-05-27 01:38:04 [ChainSaver] DB 최근5분 rows=11328 | IV커버=100.0% 이론가커버=100.0% | stream=2479 snap=8849 | 최근저장=2026-05-26 12:37:58
2026-05-27 01:38:34 [ChainSaver] 버퍼 엔트리=192 | price_ticks=124752 greeks_ticks=200104 snap_ticks=155772 | 이론가 커버리지=100.0%
2026-05-27 01:38:34 [ChainSaver] DB 최근5분 rows=11328 | IV커버=100.0% 이론가커버=100.0% | stream=2478 snap=8850 | 최근저장=2026-05-26 12:38:28
2026-05-27 01:39:04 [ChainSaver] 버퍼 엔트리=192 | price_ticks=125531 greeks_ticks=202560 snap_ticks=157088 | 이론가 커버리지=100.0%
2026-05-27 01:39:04 [ChainSaver] DB 최근5분 rows=11328 | IV커버=100.0% 이론가커버=100.0% | stream=2478 snap=8850 | 최근저장=2026-05-26 12:38:58
2026-05-27 01:39:34 [ChainSaver] 버퍼 엔트리=192 | price_ticks=126482 greeks_ticks=204685 snap_ticks=159114 | 이론가 커버리지=100.0%
2026-05-27 01:39:34 [ChainSaver] DB 최근5분 rows=11328 | IV커버=100.0% 이론가커버=100.0% | stream=2478 snap=8850 | 최근저장=2026-05-26 12:39:28
2026-05-27 01:40:04 [ChainSaver] 버퍼 엔트리=192 | price_ticks=127730 greeks_ticks=207103 snap_ticks=160410 | 이론가 커버리지=100.0%
2026-05-27 01:40:04 [ChainSaver] DB 최근5분 rows=11328 | IV커버=100.0% 이론가커버=100.0% | stream=2478 snap=8850 | 최근저장=2026-05-26 12:39:58
2026-05-27 01:40:34 [ChainSaver] 버퍼 엔트리=192 | price_ticks=129280 greeks_ticks=209500 snap_ticks=163066 | 이론가 커버리지=100.0%
2026-05-27 01:40:34 [ChainSaver] DB 최근5분 rows=11328 | IV커버=100.0% 이론가커버=100.0% | stream=2478 snap=8850 | 최근저장=2026-05-26 12:40:28
2026-05-27 01:41:04 [ChainSaver] 버퍼 엔트리=192 | price_ticks=130641 greeks_ticks=211824 snap_ticks=164326 | 이론가 커버리지=100.0%
2026-05-27 01:41:04 [ChainSaver] DB 최근5분 rows=11328 | IV커버=100.0% 이론가커버=100.0% | stream=2480 snap=8848 | 최근저장=2026-05-26 12:40:58
2026-05-27 01:41:34 [ChainSaver] 버퍼 엔트리=192 | price_ticks=132325 greeks_ticks=214209 snap_ticks=166554 | 이론가 커버리지=100.0%
2026-05-27 01:41:34 [ChainSaver] DB 최근5분 rows=11328 | IV커버=100.0% 이론가커버=100.0% | stream=2482 snap=8846 | 최근저장=2026-05-26 12:41:28
2026-05-27 01:42:04 [ChainSaver] 버퍼 엔트리=192 | price_ticks=133688 greeks_ticks=216443 snap_ticks=167734 | 이론가 커버리지=100.0%
2026-05-27 01:42:04 [ChainSaver] DB 최근5분 rows=11328 | IV커버=100.0% 이론가커버=100.0% | stream=2482 snap=8846 | 최근저장=2026-05-26 12:41:58
2026-05-27 01:42:34 [ChainSaver] 버퍼 엔트리=192 | price_ticks=134752 greeks_ticks=218920 snap_ticks=170426 | 이론가 커버리지=100.0%
2026-05-27 01:42:34 [ChainSaver] DB 최근5분 rows=11328 | IV커버=100.0% 이론가커버=100.0% | stream=2482 snap=8846 | 최근저장=2026-05-26 12:42:28
2026-05-27 01:43:04 [ChainSaver] 버퍼 엔트리=192 | price_ticks=135801 greeks_ticks=221278 snap_ticks=171694 | 이론가 커버리지=100.0%
2026-05-27 01:43:04 [ChainSaver] DB 최근5분 rows=11328 | IV커버=100.0% 이론가커버=100.0% | stream=2485 snap=8843 | 최근저장=2026-05-26 12:42:58
2026-05-27 01:43:34 [ChainSaver] 버퍼 엔트리=192 | price_ticks=137281 greeks_ticks=223716 snap_ticks=173912 | 이론가 커버리지=100.0%
2026-05-27 01:43:34 [ChainSaver] DB 최근5분 rows=11328 | IV커버=100.0% 이론가커버=100.0% | stream=2485 snap=8843 | 최근저장=2026-05-26 12:43:28
2026-05-27 01:44:04 [ChainSaver] 버퍼 엔트리=192 | price_ticks=138488 greeks_ticks=225945 snap_ticks=175088 | 이론가 커버리지=100.0%
2026-05-27 01:44:04 [ChainSaver] DB 최근5분 rows=11328 | IV커버=100.0% 이론가커버=100.0% | stream=2485 snap=8843 | 최근저장=2026-05-26 12:43:58
2026-05-27 01:44:34 [ChainSaver] 버퍼 엔트리=192 | price_ticks=139443 greeks_ticks=228422 snap_ticks=177774 | 이론가 커버리지=100.0%
2026-05-27 01:44:34 [ChainSaver] DB 최근5분 rows=11328 | IV커버=100.0% 이론가커버=100.0% | stream=2485 snap=8843 | 최근저장=2026-05-26 12:44:28
2026-05-27 01:45:04 [ChainSaver] 버퍼 엔트리=192 | price_ticks=140879 greeks_ticks=230779 snap_ticks=179058 | 이론가 커버리지=100.0%
2026-05-27 01:45:04 [ChainSaver] DB 최근5분 rows=11328 | IV커버=100.0% 이론가커버=100.0% | stream=2485 snap=8843 | 최근저장=2026-05-26 12:44:58
2026-05-27 01:45:34 [ChainSaver] 버퍼 엔트리=192 | price_ticks=142713 greeks_ticks=233165 snap_ticks=181272 | 이론가 커버리지=100.0%
2026-05-27 01:45:34 [ChainSaver] DB 최근5분 rows=11328 | IV커버=100.0% 이론가커버=100.0% | stream=2484 snap=8844 | 최근저장=2026-05-26 12:45:28
2026-05-27 01:46:04 [ChainSaver] 버퍼 엔트리=192 | price_ticks=144156 greeks_ticks=235625 snap_ticks=182658 | 이론가 커버리지=100.0%
2026-05-27 01:46:04 [ChainSaver] DB 최근5분 rows=11328 | IV커버=100.0% 이론가커버=100.0% | stream=2484 snap=8844 | 최근저장=2026-05-26 12:45:58
2026-05-27 01:46:34 [ChainSaver] 버퍼 엔트리=192 | price_ticks=145352 greeks_ticks=238009 snap_ticks=185313 | 이론가 커버리지=100.0%
2026-05-27 01:46:34 [ChainSaver] DB 최근5분 rows=11328 | IV커버=100.0% 이론가커버=100.0% | stream=2482 snap=8846 | 최근저장=2026-05-26 12:46:28
2026-05-27 01:47:04 [ChainSaver] 버퍼 엔트리=192 | price_ticks=146524 greeks_ticks=240273 snap_ticks=186523 | 이론가 커버리지=100.0%
2026-05-27 01:47:04 [ChainSaver] DB 최근5분 rows=11328 | IV커버=100.0% 이론가커버=100.0% | stream=2482 snap=8846 | 최근저장=2026-05-26 12:46:58
2026-05-27 01:47:34 [ChainSaver] 버퍼 엔트리=192 | price_ticks=148022 greeks_ticks=242667 snap_ticks=188735 | 이론가 커버리지=100.0%
2026-05-27 01:47:34 [ChainSaver] DB 최근5분 rows=11328 | IV커버=100.0% 이론가커버=100.0% | stream=2482 snap=8846 | 최근저장=2026-05-26 12:47:28
2026-05-27 01:48:04 [ChainSaver] 버퍼 엔트리=192 | price_ticks=149143 greeks_ticks=245121 snap_ticks=190085 | 이론가 커버리지=100.0%
2026-05-27 01:48:04 [ChainSaver] DB 최근5분 rows=11328 | IV커버=100.0% 이론가커버=100.0% | stream=2480 snap=8848 | 최근저장=2026-05-26 12:47:58
2026-05-27 01:48:34 [ChainSaver] 버퍼 엔트리=192 | price_ticks=150634 greeks_ticks=247505 snap_ticks=192711 | 이론가 커버리지=100.0%
2026-05-27 01:48:34 [ChainSaver] DB 최근5분 rows=11328 | IV커버=100.0% 이론가커버=100.0% | stream=2481 snap=8847 | 최근저장=2026-05-26 12:48:28
2026-05-27 01:49:04 [ChainSaver] 버퍼 엔트리=192 | price_ticks=152829 greeks_ticks=249944 snap_ticks=194085 | 이론가 커버리지=100.0%
2026-05-27 01:49:04 [ChainSaver] DB 최근5분 rows=11328 | IV커버=100.0% 이론가커버=100.0% | stream=2482 snap=8846 | 최근저장=2026-05-26 12:48:58
2026-05-27 01:49:34 [ChainSaver] 버퍼 엔트리=192 | price_ticks=154044 greeks_ticks=252351 snap_ticks=196287 | 이론가 커버리지=100.0%
2026-05-27 01:49:34 [ChainSaver] DB 최근5분 rows=11328 | IV커버=100.0% 이론가커버=100.0% | stream=2482 snap=8846 | 최근저장=2026-05-26 12:49:28
2026-05-27 01:50:04 [ChainSaver] 버퍼 엔트리=192 | price_ticks=155699 greeks_ticks=254603 snap_ticks=197521 | 이론가 커버리지=100.0%
2026-05-27 01:50:04 [ChainSaver] DB 최근5분 rows=11328 | IV커버=100.0% 이론가커버=100.0% | stream=2482 snap=8846 | 최근저장=2026-05-26 12:49:58
2026-05-27 01:50:34 [ChainSaver] 버퍼 엔트리=192 | price_ticks=157128 greeks_ticks=257017 snap_ticks=200181 | 이론가 커버리지=100.0%
2026-05-27 01:50:34 [ChainSaver] DB 최근5분 rows=11328 | IV커버=100.0% 이론가커버=100.0% | stream=2484 snap=8844 | 최근저장=2026-05-26 12:50:28
2026-05-27 01:51:04 [ChainSaver] 버퍼 엔트리=192 | price_ticks=158461 greeks_ticks=259400 snap_ticks=201475 | 이론가 커버리지=100.0%
2026-05-27 01:51:04 [ChainSaver] DB 최근5분 rows=11328 | IV커버=100.0% 이론가커버=100.0% | stream=2483 snap=8845 | 최근저장=2026-05-26 12:50:58
2026-05-27 01:51:34 [ChainSaver] 버퍼 엔트리=192 | price_ticks=159942 greeks_ticks=261866 snap_ticks=203699 | 이론가 커버리지=100.0%
2026-05-27 01:51:34 [ChainSaver] DB 최근5분 rows=11328 | IV커버=100.0% 이론가커버=100.0% | stream=2484 snap=8844 | 최근저장=2026-05-26 12:51:28
2026-05-27 01:52:04 [ChainSaver] 버퍼 엔트리=192 | price_ticks=161039 greeks_ticks=264097 snap_ticks=204933 | 이론가 커버리지=100.0%
2026-05-27 01:52:04 [ChainSaver] DB 최근5분 rows=11328 | IV커버=100.0% 이론가커버=100.0% | stream=2484 snap=8844 | 최근저장=2026-05-26 12:51:58
2026-05-27 01:52:34 [ChainSaver] 버퍼 엔트리=192 | price_ticks=162592 greeks_ticks=266526 snap_ticks=207573 | 이론가 커버리지=100.0%
2026-05-27 01:52:34 [ChainSaver] DB 최근5분 rows=11328 | IV커버=100.0% 이론가커버=100.0% | stream=2484 snap=8844 | 최근저장=2026-05-26 12:52:28
2026-05-27 01:53:04 [ChainSaver] 버퍼 엔트리=192 | price_ticks=163525 greeks_ticks=268941 snap_ticks=208891 | 이론가 커버리지=100.0%
2026-05-27 01:53:04 [ChainSaver] DB 최근5분 rows=11328 | IV커버=100.0% 이론가커버=100.0% | stream=2483 snap=8845 | 최근저장=2026-05-26 12:52:58
2026-05-27 01:53:34 [ChainSaver] 버퍼 엔트리=192 | price_ticks=164688 greeks_ticks=271068 snap_ticks=210887 | 이론가 커버리지=100.0%
2026-05-27 01:53:34 [ChainSaver] DB 최근5분 rows=11328 | IV커버=100.0% 이론가커버=100.0% | stream=2484 snap=8844 | 최근저장=2026-05-26 12:53:28
2026-05-27 01:54:04 [ChainSaver] 버퍼 엔트리=192 | price_ticks=165827 greeks_ticks=273484 snap_ticks=212201 | 이론가 커버리지=100.0%
2026-05-27 01:54:04 [ChainSaver] DB 최근5분 rows=11328 | IV커버=100.0% 이론가커버=100.0% | stream=2483 snap=8845 | 최근저장=2026-05-26 12:53:58
2026-05-27 01:54:34 [ChainSaver] 버퍼 엔트리=192 | price_ticks=166999 greeks_ticks=275732 snap_ticks=214729 | 이론가 커버리지=100.0%
2026-05-27 01:54:34 [ChainSaver] DB 최근5분 rows=11328 | IV커버=100.0% 이론가커버=100.0% | stream=2484 snap=8844 | 최근저장=2026-05-26 12:54:28
2026-05-27 01:55:04 [ChainSaver] 버퍼 엔트리=192 | price_ticks=167976 greeks_ticks=278102 snap_ticks=215991 | 이론가 커버리지=100.0%
2026-05-27 01:55:04 [ChainSaver] DB 최근5분 rows=11328 | IV커버=100.0% 이론가커버=100.0% | stream=2483 snap=8845 | 최근저장=2026-05-26 12:54:58
2026-05-27 01:55:34 [ChainSaver] 버퍼 엔트리=192 | price_ticks=169130 greeks_ticks=280459 snap_ticks=218147 | 이론가 커버리지=100.0%
2026-05-27 01:55:34 [ChainSaver] DB 최근5분 rows=11328 | IV커버=100.0% 이론가커버=100.0% | stream=2482 snap=8846 | 최근저장=2026-05-26 12:55:28
2026-05-27 01:56:04 [ChainSaver] 버퍼 엔트리=192 | price_ticks=170313 greeks_ticks=282892 snap_ticks=219467 | 이론가 커버리지=100.0%
2026-05-27 01:56:04 [ChainSaver] DB 최근5분 rows=11328 | IV커버=100.0% 이론가커버=100.0% | stream=2482 snap=8846 | 최근저장=2026-05-26 12:55:58
2026-05-27 01:56:34 [ChainSaver] 버퍼 엔트리=192 | price_ticks=171468 greeks_ticks=285304 snap_ticks=222099 | 이론가 커버리지=100.0%
2026-05-27 01:56:34 [ChainSaver] DB 최근5분 rows=11328 | IV커버=100.0% 이론가커버=100.0% | stream=2481 snap=8847 | 최근저장=2026-05-26 12:56:28
2026-05-27 01:57:04 [ChainSaver] 버퍼 엔트리=192 | price_ticks=172390 greeks_ticks=287683 snap_ticks=223387 | 이론가 커버리지=100.0%
2026-05-27 01:57:04 [ChainSaver] DB 최근5분 rows=11328 | IV커버=100.0% 이론가커버=100.0% | stream=2481 snap=8847 | 최근저장=2026-05-26 12:56:58
2026-05-27 01:57:34 [ChainSaver] 버퍼 엔트리=192 | price_ticks=173346 greeks_ticks=290088 snap_ticks=225575 | 이론가 커버리지=100.0%
2026-05-27 01:57:34 [ChainSaver] DB 최근5분 rows=11328 | IV커버=100.0% 이론가커버=100.0% | stream=2480 snap=8848 | 최근저장=2026-05-26 12:57:28
2026-05-27 01:58:04 [ChainSaver] 버퍼 엔트리=192 | price_ticks=174760 greeks_ticks=292337 snap_ticks=226785 | 이론가 커버리지=100.0%
2026-05-27 01:58:04 [ChainSaver] DB 최근5분 rows=11328 | IV커버=100.0% 이론가커버=100.0% | stream=2480 snap=8848 | 최근저장=2026-05-26 12:57:58
2026-05-27 01:58:34 [ChainSaver] 버퍼 엔트리=192 | price_ticks=175836 greeks_ticks=294661 snap_ticks=229365 | 이론가 커버리지=100.0%
2026-05-27 01:58:34 [ChainSaver] DB 최근5분 rows=11328 | IV커버=100.0% 이론가커버=100.0% | stream=2479 snap=8849 | 최근저장=2026-05-26 12:58:28
2026-05-27 01:59:04 [ChainSaver] 버퍼 엔트리=192 | price_ticks=176647 greeks_ticks=296916 snap_ticks=230569 | 이론가 커버리지=100.0%
2026-05-27 01:59:04 [ChainSaver] DB 최근5분 rows=11328 | IV커버=100.0% 이론가커버=100.0% | stream=2479 snap=8849 | 최근저장=2026-05-26 12:58:58
2026-05-27 01:59:34 [ChainSaver] 버퍼 엔트리=192 | price_ticks=177521 greeks_ticks=298902 snap_ticks=232507 | 이론가 커버리지=100.0%
2026-05-27 01:59:34 [ChainSaver] DB 최근5분 rows=11328 | IV커버=100.0% 이론가커버=100.0% | stream=2479 snap=8849 | 최근저장=2026-05-26 12:59:28
2026-05-27 02:00:04 [ChainSaver] 버퍼 엔트리=192 | price_ticks=178599 greeks_ticks=301333 snap_ticks=233831 | 이론가 커버리지=100.0%
2026-05-27 02:00:04 [ChainSaver] DB 최근5분 rows=11328 | IV커버=100.0% 이론가커버=100.0% | stream=2479 snap=8849 | 최근저장=2026-05-26 12:59:58
2026-05-27 02:00:34 [ChainSaver] 버퍼 엔트리=192 | price_ticks=180103 greeks_ticks=303729 snap_ticks=236435 | 이론가 커버리지=100.0%
2026-05-27 02:00:34 [ChainSaver] DB 최근5분 rows=11328 | IV커버=100.0% 이론가커버=100.0% | stream=2479 snap=8849 | 최근저장=2026-05-26 13:00:28
2026-05-27 02:01:04 [ChainSaver] 버퍼 엔트리=192 | price_ticks=181319 greeks_ticks=306164 snap_ticks=237771 | 이론가 커버리지=100.0%
2026-05-27 02:01:04 [ChainSaver] DB 최근5분 rows=11328 | IV커버=100.0% 이론가커버=100.0% | stream=2479 snap=8849 | 최근저장=2026-05-26 13:00:58
2026-05-27 02:01:34 [ChainSaver] 버퍼 엔트리=192 | price_ticks=182446 greeks_ticks=308263 snap_ticks=239763 | 이론가 커버리지=100.0%
2026-05-27 02:01:34 [ChainSaver] DB 최근5분 rows=11328 | IV커버=100.0% 이론가커버=100.0% | stream=2479 snap=8849 | 최근저장=2026-05-26 13:01:28
2026-05-27 02:02:04 [ChainSaver] 버퍼 엔트리=192 | price_ticks=183540 greeks_ticks=310742 snap_ticks=241113 | 이론가 커버리지=100.0%
2026-05-27 02:02:04 [ChainSaver] DB 최근5분 rows=11328 | IV커버=100.0% 이론가커버=100.0% | stream=2479 snap=8849 | 최근저장=2026-05-26 13:01:58
2026-05-27 02:02:34 [ChainSaver] 버퍼 엔트리=192 | price_ticks=184584 greeks_ticks=313099 snap_ticks=243727 | 이론가 커버리지=100.0%
2026-05-27 02:02:34 [ChainSaver] DB 최근5분 rows=11328 | IV커버=100.0% 이론가커버=100.0% | stream=2479 snap=8849 | 최근저장=2026-05-26 13:02:28
2026-05-27 02:03:04 [ChainSaver] 버퍼 엔트리=192 | price_ticks=185898 greeks_ticks=315536 snap_ticks=245051 | 이론가 커버리지=100.0%
2026-05-27 02:03:04 [ChainSaver] DB 최근5분 rows=11328 | IV커버=100.0% 이론가커버=100.0% | stream=2479 snap=8849 | 최근저장=2026-05-26 13:02:58
2026-05-27 02:03:34 [ChainSaver] 버퍼 엔트리=192 | price_ticks=186961 greeks_ticks=317911 snap_ticks=247231 | 이론가 커버리지=100.0%
2026-05-27 02:03:34 [ChainSaver] DB 최근5분 rows=11328 | IV커버=100.0% 이론가커버=100.0% | stream=2479 snap=8849 | 최근저장=2026-05-26 13:03:28
2026-05-27 02:04:04 [ChainSaver] 버퍼 엔트리=192 | price_ticks=188207 greeks_ticks=320287 snap_ticks=248549 | 이론가 커버리지=100.0%
2026-05-27 02:04:04 [ChainSaver] DB 최근5분 rows=11328 | IV커버=100.0% 이론가커버=100.0% | stream=2480 snap=8848 | 최근저장=2026-05-26 13:03:58
2026-05-27 02:04:34 [ChainSaver] 버퍼 엔트리=192 | price_ticks=189373 greeks_ticks=322710 snap_ticks=251208 | 이론가 커버리지=100.0%
2026-05-27 02:04:34 [ChainSaver] DB 최근5분 rows=11328 | IV커버=100.0% 이론가커버=100.0% | stream=2480 snap=8848 | 최근저장=2026-05-26 13:04:28
2026-05-27 02:05:04 [ChainSaver] 버퍼 엔트리=192 | price_ticks=190357 greeks_ticks=325136 snap_ticks=252530 | 이론가 커버리지=100.0%
2026-05-27 02:05:04 [ChainSaver] DB 최근5분 rows=11328 | IV커버=100.0% 이론가커버=100.0% | stream=2480 snap=8848 | 최근저장=2026-05-26 13:04:58
2026-05-27 02:05:34 [ChainSaver] 버퍼 엔트리=192 | price_ticks=191580 greeks_ticks=327553 snap_ticks=254724 | 이론가 커버리지=100.0%
2026-05-27 02:05:34 [ChainSaver] DB 최근5분 rows=11328 | IV커버=100.0% 이론가커버=100.0% | stream=2480 snap=8848 | 최근저장=2026-05-26 13:05:28
2026-05-27 02:06:04 [ChainSaver] 버퍼 엔트리=192 | price_ticks=192645 greeks_ticks=329925 snap_ticks=256014 | 이론가 커버리지=100.0%
2026-05-27 02:06:04 [ChainSaver] DB 최근5분 rows=11328 | IV커버=100.0% 이론가커버=100.0% | stream=2480 snap=8848 | 최근저장=2026-05-26 13:05:58
2026-05-27 02:06:34 [ChainSaver] 버퍼 엔트리=192 | price_ticks=193771 greeks_ticks=332381 snap_ticks=258679 | 이론가 커버리지=100.0%
2026-05-27 02:06:34 [ChainSaver] DB 최근5분 rows=11328 | IV커버=100.0% 이론가커버=100.0% | stream=2480 snap=8848 | 최근저장=2026-05-26 13:06:28
2026-05-27 02:07:04 [ChainSaver] 버퍼 엔트리=192 | price_ticks=194742 greeks_ticks=334610 snap_ticks=259887 | 이론가 커버리지=100.0%
2026-05-27 02:07:04 [ChainSaver] DB 최근5분 rows=11328 | IV커버=100.0% 이론가커버=100.0% | stream=2480 snap=8848 | 최근저장=2026-05-26 13:06:58
2026-05-27 02:07:34 [ChainSaver] 버퍼 엔트리=192 | price_ticks=195700 greeks_ticks=336897 snap_ticks=261987 | 이론가 커버리지=100.0%
2026-05-27 02:07:34 [ChainSaver] DB 최근5분 rows=11328 | IV커버=100.0% 이론가커버=100.0% | stream=2480 snap=8848 | 최근저장=2026-05-26 13:07:28
2026-05-27 02:08:04 [ChainSaver] 버퍼 엔트리=192 | price_ticks=196723 greeks_ticks=339144 snap_ticks=263191 | 이론가 커버리지=100.0%
2026-05-27 02:08:04 [ChainSaver] DB 최근5분 rows=11328 | IV커버=100.0% 이론가커버=100.0% | stream=2480 snap=8848 | 최근저장=2026-05-26 13:07:58
2026-05-27 02:08:34 [ChainSaver] 버퍼 엔트리=192 | price_ticks=197914 greeks_ticks=341569 snap_ticks=265823 | 이론가 커버리지=100.0%
2026-05-27 02:08:34 [ChainSaver] DB 최근5분 rows=11328 | IV커버=100.0% 이론가커버=100.0% | stream=2480 snap=8848 | 최근저장=2026-05-26 13:08:28
2026-05-27 02:09:04 [ChainSaver] 버퍼 엔트리=192 | price_ticks=199026 greeks_ticks=343877 snap_ticks=267083 | 이론가 커버리지=100.0%
2026-05-27 02:09:04 [ChainSaver] DB 최근5분 rows=11328 | IV커버=100.0% 이론가커버=100.0% | stream=2481 snap=8847 | 최근저장=2026-05-26 13:08:58
2026-05-27 02:09:34 [ChainSaver] 버퍼 엔트리=192 | price_ticks=200186 greeks_ticks=346246 snap_ticks=269255 | 이론가 커버리지=100.0%
2026-05-27 02:09:34 [ChainSaver] DB 최근5분 rows=11328 | IV커버=100.0% 이론가커버=100.0% | stream=2484 snap=8844 | 최근저장=2026-05-26 13:09:28
2026-05-27 02:10:04 [ChainSaver] 버퍼 엔트리=192 | price_ticks=201168 greeks_ticks=348729 snap_ticks=270599 | 이론가 커버리지=100.0%
2026-05-27 02:10:04 [ChainSaver] DB 최근5분 rows=11328 | IV커버=100.0% 이론가커버=100.0% | stream=2484 snap=8844 | 최근저장=2026-05-26 13:09:58
2026-05-27 02:10:34 [ChainSaver] 버퍼 엔트리=192 | price_ticks=202197 greeks_ticks=351081 snap_ticks=273202 | 이론가 커버리지=100.0%
2026-05-27 02:10:34 [ChainSaver] DB 최근5분 rows=11328 | IV커버=100.0% 이론가커버=100.0% | stream=2484 snap=8844 | 최근저장=2026-05-26 13:10:28
2026-05-27 02:11:04 [ChainSaver] 버퍼 엔트리=192 | price_ticks=203198 greeks_ticks=353517 snap_ticks=274524 | 이론가 커버리지=100.0%
2026-05-27 02:11:04 [ChainSaver] DB 최근5분 rows=11328 | IV커버=100.0% 이론가커버=100.0% | stream=2484 snap=8844 | 최근저장=2026-05-26 13:10:58
2026-05-27 02:11:34 [ChainSaver] 버퍼 엔트리=192 | price_ticks=204134 greeks_ticks=355885 snap_ticks=276688 | 이론가 커버리지=100.0%
2026-05-27 02:11:34 [ChainSaver] DB 최근5분 rows=11328 | IV커버=100.0% 이론가커버=100.0% | stream=2484 snap=8844 | 최근저장=2026-05-26 13:11:28
2026-05-27 02:12:04 [ChainSaver] 버퍼 엔트리=192 | price_ticks=204813 greeks_ticks=357878 snap_ticks=277768 | 이론가 커버리지=100.0%
2026-05-27 02:12:04 [ChainSaver] DB 최근5분 rows=11328 | IV커버=100.0% 이론가커버=100.0% | stream=2485 snap=8843 | 최근저장=2026-05-26 13:11:58
2026-05-27 02:12:34 [ChainSaver] 버퍼 엔트리=192 | price_ticks=205870 greeks_ticks=360156 snap_ticks=280323 | 이론가 커버리지=100.0%
2026-05-27 02:12:34 [ChainSaver] DB 최근5분 rows=11328 | IV커버=100.0% 이론가커버=100.0% | stream=2486 snap=8842 | 최근저장=2026-05-26 13:12:28
2026-05-27 02:13:04 [ChainSaver] 버퍼 엔트리=192 | price_ticks=206819 greeks_ticks=362529 snap_ticks=281615 | 이론가 커버리지=100.0%
2026-05-27 02:13:04 [ChainSaver] DB 최근5분 rows=11328 | IV커버=100.0% 이론가커버=100.0% | stream=2486 snap=8842 | 최근저장=2026-05-26 13:12:58
2026-05-27 02:13:34 [ChainSaver] 버퍼 엔트리=192 | price_ticks=207618 greeks_ticks=364994 snap_ticks=283833 | 이론가 커버리지=100.0%
2026-05-27 02:13:34 [ChainSaver] DB 최근5분 rows=11328 | IV커버=100.0% 이론가커버=100.0% | stream=2486 snap=8842 | 최근저장=2026-05-26 13:13:28
2026-05-27 02:14:04 [ChainSaver] 버퍼 엔트리=192 | price_ticks=208515 greeks_ticks=367230 snap_ticks=285045 | 이론가 커버리지=100.0%
2026-05-27 02:14:04 [ChainSaver] DB 최근5분 rows=11328 | IV커버=100.0% 이론가커버=100.0% | stream=2482 snap=8846 | 최근저장=2026-05-26 13:13:58
2026-05-27 02:14:34 [ChainSaver] 버퍼 엔트리=192 | price_ticks=209377 greeks_ticks=369644 snap_ticks=287683 | 이론가 커버리지=100.0%
2026-05-27 02:14:34 [ChainSaver] DB 최근5분 rows=11328 | IV커버=100.0% 이론가커버=100.0% | stream=2481 snap=8847 | 최근저장=2026-05-26 13:14:28
2026-05-27 02:15:04 [ChainSaver] 버퍼 엔트리=192 | price_ticks=210230 greeks_ticks=371797 snap_ticks=288831 | 이론가 커버리지=100.0%
2026-05-27 02:15:04 [ChainSaver] DB 최근5분 rows=11328 | IV커버=100.0% 이론가커버=100.0% | stream=2481 snap=8847 | 최근저장=2026-05-26 13:14:58
2026-05-27 02:15:34 [ChainSaver] 버퍼 엔트리=192 | price_ticks=211097 greeks_ticks=374208 snap_ticks=291017 | 이론가 커버리지=100.0%
2026-05-27 02:15:34 [ChainSaver] DB 최근5분 rows=11328 | IV커버=100.0% 이론가커버=100.0% | stream=2481 snap=8847 | 최근저장=2026-05-26 13:15:28
2026-05-27 02:16:04 [ChainSaver] 버퍼 엔트리=192 | price_ticks=211890 greeks_ticks=376583 snap_ticks=292307 | 이론가 커버리지=100.0%
2026-05-27 02:16:04 [ChainSaver] DB 최근5분 rows=11328 | IV커버=100.0% 이론가커버=100.0% | stream=2482 snap=8846 | 최근저장=2026-05-26 13:15:58
2026-05-27 02:16:34 [ChainSaver] 버퍼 엔트리=192 | price_ticks=212920 greeks_ticks=378953 snap_ticks=294913 | 이론가 커버리지=100.0%
2026-05-27 02:16:34 [ChainSaver] DB 최근5분 rows=11328 | IV커버=100.0% 이론가커버=100.0% | stream=2482 snap=8846 | 최근저장=2026-05-26 13:16:28
2026-05-27 02:17:04 [ChainSaver] 버퍼 엔트리=192 | price_ticks=214219 greeks_ticks=381310 snap_ticks=296177 | 이론가 커버리지=100.0%
2026-05-27 02:17:04 [ChainSaver] DB 최근5분 rows=11328 | IV커버=100.0% 이론가커버=100.0% | stream=2480 snap=8848 | 최근저장=2026-05-26 13:16:58
2026-05-27 02:17:34 [ChainSaver] 버퍼 엔트리=192 | price_ticks=214970 greeks_ticks=383663 snap_ticks=298341 | 이론가 커버리지=100.0%
2026-05-27 02:17:34 [ChainSaver] DB 최근5분 rows=11328 | IV커버=100.0% 이론가커버=100.0% | stream=2480 snap=8848 | 최근저장=2026-05-26 13:17:28
2026-05-27 02:18:04 [ChainSaver] 버퍼 엔트리=192 | price_ticks=215939 greeks_ticks=386077 snap_ticks=299633 | 이론가 커버리지=100.0%
2026-05-27 02:18:04 [ChainSaver] DB 최근5분 rows=11328 | IV커버=100.0% 이론가커버=100.0% | stream=2480 snap=8848 | 최근저장=2026-05-26 13:17:58
2026-05-27 02:18:34 [ChainSaver] 버퍼 엔트리=192 | price_ticks=216617 greeks_ticks=388356 snap_ticks=302223 | 이론가 커버리지=100.0%
2026-05-27 02:18:34 [ChainSaver] DB 최근5분 rows=11328 | IV커버=100.0% 이론가커버=100.0% | stream=2482 snap=8846 | 최근저장=2026-05-26 13:18:28
2026-05-27 02:19:04 [ChainSaver] 버퍼 엔트리=192 | price_ticks=217344 greeks_ticks=390623 snap_ticks=303431 | 이론가 커버리지=100.0%
2026-05-27 02:19:04 [ChainSaver] DB 최근5분 rows=11328 | IV커버=100.0% 이론가커버=100.0% | stream=2482 snap=8846 | 최근저장=2026-05-26 13:18:58
2026-05-27 02:19:34 [ChainSaver] 버퍼 엔트리=192 | price_ticks=218544 greeks_ticks=393014 snap_ticks=305623 | 이론가 커버리지=100.0%
2026-05-27 02:19:34 [ChainSaver] DB 최근5분 rows=11328 | IV커버=100.0% 이론가커버=100.0% | stream=2482 snap=8846 | 최근저장=2026-05-26 13:19:28
2026-05-27 02:20:04 [ChainSaver] 버퍼 엔트리=192 | price_ticks=220298 greeks_ticks=395481 snap_ticks=306969 | 이론가 커버리지=100.0%
2026-05-27 02:20:04 [ChainSaver] DB 최근5분 rows=11328 | IV커버=100.0% 이론가커버=100.0% | stream=2482 snap=8846 | 최근저장=2026-05-26 13:19:58
2026-05-27 02:20:34 [ChainSaver] 버퍼 엔트리=192 | price_ticks=222301 greeks_ticks=397860 snap_ticks=309615 | 이론가 커버리지=100.0%
2026-05-27 02:20:34 [ChainSaver] DB 최근5분 rows=11328 | IV커버=100.0% 이론가커버=100.0% | stream=2482 snap=8846 | 최근저장=2026-05-26 13:20:28
2026-05-27 02:21:04 [ChainSaver] 버퍼 엔트리=192 | price_ticks=223543 greeks_ticks=400108 snap_ticks=310799 | 이론가 커버리지=100.0%
2026-05-27 02:21:04 [ChainSaver] DB 최근5분 rows=11328 | IV커버=100.0% 이론가커버=100.0% | stream=2482 snap=8846 | 최근저장=2026-05-26 13:20:58
2026-05-27 02:21:34 [ChainSaver] 버퍼 엔트리=192 | price_ticks=224700 greeks_ticks=402404 snap_ticks=312933 | 이론가 커버리지=100.0%
2026-05-27 02:21:34 [ChainSaver] DB 최근5분 rows=11328 | IV커버=100.0% 이론가커버=100.0% | stream=2482 snap=8846 | 최근저장=2026-05-26 13:21:28
2026-05-27 02:22:04 [ChainSaver] 버퍼 엔트리=192 | price_ticks=225465 greeks_ticks=404814 snap_ticks=314227 | 이론가 커버리지=100.0%
2026-05-27 02:22:04 [ChainSaver] DB 최근5분 rows=11328 | IV커버=100.0% 이론가커버=100.0% | stream=2482 snap=8846 | 최근저장=2026-05-26 13:21:58
2026-05-27 02:22:34 [ChainSaver] 버퍼 엔트리=192 | price_ticks=226661 greeks_ticks=407098 snap_ticks=316843 | 이론가 커버리지=100.0%
2026-05-27 02:22:34 [ChainSaver] DB 최근5분 rows=11328 | IV커버=100.0% 이론가커버=100.0% | stream=2482 snap=8846 | 최근저장=2026-05-26 13:22:28
2026-05-27 02:23:04 [ChainSaver] 버퍼 엔트리=192 | price_ticks=227550 greeks_ticks=409468 snap_ticks=318109 | 이론가 커버리지=100.0%
2026-05-27 02:23:04 [ChainSaver] DB 최근5분 rows=11328 | IV커버=100.0% 이론가커버=100.0% | stream=2483 snap=8845 | 최근저장=2026-05-26 13:22:58
2026-05-27 02:23:34 [ChainSaver] 버퍼 엔트리=192 | price_ticks=228539 greeks_ticks=411940 snap_ticks=320359 | 이론가 커버리지=100.0%
2026-05-27 02:23:34 [ChainSaver] DB 최근5분 rows=11328 | IV커버=100.0% 이론가커버=100.0% | stream=2481 snap=8847 | 최근저장=2026-05-26 13:23:28
2026-05-27 02:24:04 [ChainSaver] 버퍼 엔트리=192 | price_ticks=229583 greeks_ticks=414330 snap_ticks=321623 | 이론가 커버리지=100.0%
2026-05-27 02:24:04 [ChainSaver] DB 최근5분 rows=11328 | IV커버=100.0% 이론가커버=100.0% | stream=2483 snap=8845 | 최근저장=2026-05-26 13:23:58
2026-05-27 02:24:34 [ChainSaver] 버퍼 엔트리=192 | price_ticks=230881 greeks_ticks=416759 snap_ticks=324311 | 이론가 커버리지=100.0%
2026-05-27 02:24:34 [ChainSaver] DB 최근5분 rows=11328 | IV커버=100.0% 이론가커버=100.0% | stream=2482 snap=8846 | 최근저장=2026-05-26 13:24:28
2026-05-27 02:25:04 [ChainSaver] 버퍼 엔트리=192 | price_ticks=232097 greeks_ticks=419176 snap_ticks=325617 | 이론가 커버리지=100.0%
2026-05-27 02:25:04 [ChainSaver] DB 최근5분 rows=11328 | IV커버=100.0% 이론가커버=100.0% | stream=2483 snap=8845 | 최근저장=2026-05-26 13:24:58
2026-05-27 02:25:34 [ChainSaver] 버퍼 엔트리=192 | price_ticks=233460 greeks_ticks=421551 snap_ticks=327813 | 이론가 커버리지=100.0%
2026-05-27 02:25:34 [ChainSaver] DB 최근5분 rows=11328 | IV커버=100.0% 이론가커버=100.0% | stream=2485 snap=8843 | 최근저장=2026-05-26 13:25:28
2026-05-27 02:26:04 [ChainSaver] 버퍼 엔트리=192 | price_ticks=234905 greeks_ticks=423837 snap_ticks=329029 | 이론가 커버리지=100.0%
2026-05-27 02:26:04 [ChainSaver] DB 최근5분 rows=11328 | IV커버=100.0% 이론가커버=100.0% | stream=2485 snap=8843 | 최근저장=2026-05-26 13:25:58
2026-05-27 02:26:34 [ChainSaver] 버퍼 엔트리=192 | price_ticks=236081 greeks_ticks=426090 snap_ticks=331585 | 이론가 커버리지=100.0%
2026-05-27 02:26:34 [ChainSaver] DB 최근5분 rows=11328 | IV커버=100.0% 이론가커버=100.0% | stream=2485 snap=8843 | 최근저장=2026-05-26 13:26:28
2026-05-27 02:27:04 [ChainSaver] 버퍼 엔트리=192 | price_ticks=237039 greeks_ticks=428411 snap_ticks=332821 | 이론가 커버리지=100.0%
2026-05-27 02:27:04 [ChainSaver] DB 최근5분 rows=11328 | IV커버=100.0% 이론가커버=100.0% | stream=2486 snap=8842 | 최근저장=2026-05-26 13:26:58
2026-05-27 02:27:34 [ChainSaver] 버퍼 엔트리=192 | price_ticks=237835 greeks_ticks=430634 snap_ticks=334923 | 이론가 커버리지=100.0%
2026-05-27 02:27:34 [ChainSaver] DB 최근5분 rows=11328 | IV커버=100.0% 이론가커버=100.0% | stream=2486 snap=8842 | 최근저장=2026-05-26 13:27:28
2026-05-27 02:28:04 [ChainSaver] 버퍼 엔트리=192 | price_ticks=238605 greeks_ticks=433045 snap_ticks=336213 | 이론가 커버리지=100.0%
2026-05-27 02:28:04 [ChainSaver] DB 최근5분 rows=11328 | IV커버=100.0% 이론가커버=100.0% | stream=2486 snap=8842 | 최근저장=2026-05-26 13:27:58
2026-05-27 02:28:34 [ChainSaver] 버퍼 엔트리=192 | price_ticks=239689 greeks_ticks=435483 snap_ticks=338873 | 이론가 커버리지=100.0%
2026-05-27 02:28:34 [ChainSaver] DB 최근5분 rows=11328 | IV커버=100.0% 이론가커버=100.0% | stream=2484 snap=8844 | 최근저장=2026-05-26 13:28:28
2026-05-27 02:29:04 [ChainSaver] 버퍼 엔트리=192 | price_ticks=240497 greeks_ticks=437848 snap_ticks=340149 | 이론가 커버리지=100.0%
2026-05-27 02:29:04 [ChainSaver] DB 최근5분 rows=11328 | IV커버=100.0% 이론가커버=100.0% | stream=2486 snap=8842 | 최근저장=2026-05-26 13:28:58
2026-05-27 02:29:34 [ChainSaver] 버퍼 엔트리=192 | price_ticks=241332 greeks_ticks=440134 snap_ticks=342289 | 이론가 커버리지=100.0%
2026-05-27 02:29:34 [ChainSaver] DB 최근5분 rows=11328 | IV커버=100.0% 이론가커버=100.0% | stream=2486 snap=8842 | 최근저장=2026-05-26 13:29:28
2026-05-27 02:30:04 [ChainSaver] 버퍼 엔트리=192 | price_ticks=242217 greeks_ticks=442557 snap_ticks=343581 | 이론가 커버리지=100.0%
2026-05-27 02:30:04 [ChainSaver] DB 최근5분 rows=11328 | IV커버=100.0% 이론가커버=100.0% | stream=2485 snap=8843 | 최근저장=2026-05-26 13:29:58
2026-05-27 02:30:34 [ChainSaver] 버퍼 엔트리=192 | price_ticks=243508 greeks_ticks=444980 snap_ticks=346220 | 이론가 커버리지=100.0%
2026-05-27 02:30:34 [ChainSaver] DB 최근5분 rows=11328 | IV커버=100.0% 이론가커버=100.0% | stream=2483 snap=8845 | 최근저장=2026-05-26 13:30:28
2026-05-27 02:31:04 [ChainSaver] 버퍼 엔트리=192 | price_ticks=244607 greeks_ticks=447343 snap_ticks=347480 | 이론가 커버리지=100.0%
2026-05-27 02:31:04 [ChainSaver] DB 최근5분 rows=11328 | IV커버=100.0% 이론가커버=100.0% | stream=2483 snap=8845 | 최근저장=2026-05-26 13:30:58
2026-05-27 02:31:34 [ChainSaver] 버퍼 엔트리=192 | price_ticks=245558 greeks_ticks=449647 snap_ticks=349622 | 이론가 커버리지=100.0%
2026-05-27 02:31:34 [ChainSaver] DB 최근5분 rows=11328 | IV커버=100.0% 이론가커버=100.0% | stream=2483 snap=8845 | 최근저장=2026-05-26 13:31:28
2026-05-27 02:32:04 [ChainSaver] 버퍼 엔트리=192 | price_ticks=246789 greeks_ticks=451985 snap_ticks=350840 | 이론가 커버리지=100.0%
2026-05-27 02:32:04 [ChainSaver] DB 최근5분 rows=11328 | IV커버=100.0% 이론가커버=100.0% | stream=2484 snap=8844 | 최근저장=2026-05-26 13:31:58
2026-05-27 02:32:34 [ChainSaver] 버퍼 엔트리=192 | price_ticks=248024 greeks_ticks=454357 snap_ticks=353472 | 이론가 커버리지=100.0%
2026-05-27 02:32:34 [ChainSaver] DB 최근5분 rows=11328 | IV커버=100.0% 이론가커버=100.0% | stream=2483 snap=8845 | 최근저장=2026-05-26 13:32:28
2026-05-27 02:33:04 [ChainSaver] 버퍼 엔트리=192 | price_ticks=249357 greeks_ticks=456788 snap_ticks=354768 | 이론가 커버리지=100.0%
2026-05-27 02:33:04 [ChainSaver] DB 최근5분 rows=11328 | IV커버=100.0% 이론가커버=100.0% | stream=2483 snap=8845 | 최근저장=2026-05-26 13:32:58
2026-05-27 02:33:34 [ChainSaver] 버퍼 엔트리=192 | price_ticks=250459 greeks_ticks=459216 snap_ticks=356996 | 이론가 커버리지=100.0%
2026-05-27 02:33:34 [ChainSaver] DB 최근5분 rows=11328 | IV커버=100.0% 이론가커버=100.0% | stream=2484 snap=8844 | 최근저장=2026-05-26 13:33:28
2026-05-27 02:34:04 [ChainSaver] 버퍼 엔트리=192 | price_ticks=251464 greeks_ticks=461630 snap_ticks=358284 | 이론가 커버리지=100.0%
2026-05-27 02:34:04 [ChainSaver] DB 최근5분 rows=11328 | IV커버=100.0% 이론가커버=100.0% | stream=2482 snap=8846 | 최근저장=2026-05-26 13:33:58
2026-05-27 02:34:34 [ChainSaver] 버퍼 엔트리=192 | price_ticks=252364 greeks_ticks=464001 snap_ticks=360920 | 이론가 커버리지=100.0%
2026-05-27 02:34:34 [ChainSaver] DB 최근5분 rows=11328 | IV커버=100.0% 이론가커버=100.0% | stream=2481 snap=8847 | 최근저장=2026-05-26 13:34:28
2026-05-27 02:35:04 [ChainSaver] 버퍼 엔트리=192 | price_ticks=253246 greeks_ticks=466420 snap_ticks=362212 | 이론가 커버리지=100.0%
2026-05-27 02:35:04 [ChainSaver] DB 최근5분 rows=11328 | IV커버=100.0% 이론가커버=100.0% | stream=2481 snap=8847 | 최근저장=2026-05-26 13:34:58
2026-05-27 02:35:34 [ChainSaver] 버퍼 엔트리=192 | price_ticks=254391 greeks_ticks=468854 snap_ticks=364438 | 이론가 커버리지=100.0%
2026-05-27 02:35:34 [ChainSaver] DB 최근5분 rows=11328 | IV커버=100.0% 이론가커버=100.0% | stream=2481 snap=8847 | 최근저장=2026-05-26 13:35:28
2026-05-27 02:36:04 [ChainSaver] 버퍼 엔트리=192 | price_ticks=255395 greeks_ticks=471140 snap_ticks=365670 | 이론가 커버리지=100.0%
2026-05-27 02:36:04 [ChainSaver] DB 최근5분 rows=11328 | IV커버=100.0% 이론가커버=100.0% | stream=2481 snap=8847 | 최근저장=2026-05-26 13:35:58
2026-05-27 02:36:34 [ChainSaver] 버퍼 엔트리=192 | price_ticks=256348 greeks_ticks=473515 snap_ticks=368334 | 이론가 커버리지=100.0%
2026-05-27 02:36:34 [ChainSaver] DB 최근5분 rows=11328 | IV커버=100.0% 이론가커버=100.0% | stream=2480 snap=8848 | 최근저장=2026-05-26 13:36:28
2026-05-27 02:37:04 [ChainSaver] 버퍼 엔트리=192 | price_ticks=257457 greeks_ticks=475951 snap_ticks=369646 | 이론가 커버리지=100.0%
2026-05-27 02:37:04 [ChainSaver] DB 최근5분 rows=11328 | IV커버=100.0% 이론가커버=100.0% | stream=2480 snap=8848 | 최근저장=2026-05-26 13:36:58
2026-05-27 02:37:34 [ChainSaver] 버퍼 엔트리=192 | price_ticks=258463 greeks_ticks=478371 snap_ticks=371864 | 이론가 커버리지=100.0%
2026-05-27 02:37:34 [ChainSaver] DB 최근5분 rows=11328 | IV커버=100.0% 이론가커버=100.0% | stream=2480 snap=8848 | 최근저장=2026-05-26 13:37:28
2026-05-27 02:38:04 [ChainSaver] 버퍼 엔트리=192 | price_ticks=259165 greeks_ticks=480736 snap_ticks=373126 | 이론가 커버리지=100.0%
2026-05-27 02:38:04 [ChainSaver] DB 최근5분 rows=11328 | IV커버=100.0% 이론가커버=100.0% | stream=2480 snap=8848 | 최근저장=2026-05-26 13:37:58
2026-05-27 02:38:34 [ChainSaver] 버퍼 엔트리=192 | price_ticks=259991 greeks_ticks=483205 snap_ticks=375818 | 이론가 커버리지=100.0%
2026-05-27 02:38:34 [ChainSaver] DB 최근5분 rows=11328 | IV커버=100.0% 이론가커버=100.0% | stream=2479 snap=8849 | 최근저장=2026-05-26 13:38:28
2026-05-27 02:39:04 [ChainSaver] 버퍼 엔트리=192 | price_ticks=261023 greeks_ticks=485323 snap_ticks=376914 | 이론가 커버리지=100.0%
2026-05-27 02:39:04 [ChainSaver] DB 최근5분 rows=11328 | IV커버=100.0% 이론가커버=100.0% | stream=2479 snap=8849 | 최근저장=2026-05-26 13:38:58
2026-05-27 02:39:34 [ChainSaver] 버퍼 엔트리=192 | price_ticks=261986 greeks_ticks=487762 snap_ticks=379130 | 이론가 커버리지=100.0%
2026-05-27 02:39:34 [ChainSaver] DB 최근5분 rows=11328 | IV커버=100.0% 이론가커버=100.0% | stream=2479 snap=8849 | 최근저장=2026-05-26 13:39:28
2026-05-27 02:40:04 [ChainSaver] 버퍼 엔트리=192 | price_ticks=262763 greeks_ticks=490125 snap_ticks=380392 | 이론가 커버리지=100.0%
2026-05-27 02:40:04 [ChainSaver] DB 최근5분 rows=11328 | IV커버=100.0% 이론가커버=100.0% | stream=2479 snap=8849 | 최근저장=2026-05-26 13:39:58
2026-05-27 02:40:34 [ChainSaver] 버퍼 엔트리=192 | price_ticks=263963 greeks_ticks=492494 snap_ticks=382974 | 이론가 커버리지=100.0%
2026-05-27 02:40:34 [ChainSaver] DB 최근5분 rows=11328 | IV커버=100.0% 이론가커버=100.0% | stream=2479 snap=8849 | 최근저장=2026-05-26 13:40:28
2026-05-27 02:41:04 [ChainSaver] 버퍼 엔트리=192 | price_ticks=264974 greeks_ticks=494847 snap_ticks=384256 | 이론가 커버리지=100.0%
2026-05-27 02:41:04 [ChainSaver] DB 최근5분 rows=11328 | IV커버=100.0% 이론가커버=100.0% | stream=2479 snap=8849 | 최근저장=2026-05-26 13:40:58
2026-05-27 02:41:34 [ChainSaver] 버퍼 엔트리=192 | price_ticks=265914 greeks_ticks=497243 snap_ticks=386440 | 이론가 커버리지=100.0%
2026-05-27 02:41:34 [ChainSaver] DB 최근5분 rows=11328 | IV커버=100.0% 이론가커버=100.0% | stream=2478 snap=8850 | 최근저장=2026-05-26 13:41:28
2026-05-27 02:42:04 [ChainSaver] 버퍼 엔트리=192 | price_ticks=266451 greeks_ticks=499645 snap_ticks=387728 | 이론가 커버리지=100.0%
2026-05-27 02:42:04 [ChainSaver] DB 최근5분 rows=11328 | IV커버=100.0% 이론가커버=100.0% | stream=2478 snap=8850 | 최근저장=2026-05-26 13:41:58
2026-05-27 02:42:34 [ChainSaver] 버퍼 엔트리=192 | price_ticks=267134 greeks_ticks=502091 snap_ticks=390390 | 이론가 커버리지=100.0%
2026-05-27 02:42:34 [ChainSaver] DB 최근5분 rows=11328 | IV커버=100.0% 이론가커버=100.0% | stream=2478 snap=8850 | 최근저장=2026-05-26 13:42:28
2026-05-27 02:43:04 [ChainSaver] 버퍼 엔트리=192 | price_ticks=267891 greeks_ticks=504500 snap_ticks=391680 | 이론가 커버리지=100.0%
2026-05-27 02:43:04 [ChainSaver] DB 최근5분 rows=11328 | IV커버=100.0% 이론가커버=100.0% | stream=2478 snap=8850 | 최근저장=2026-05-26 13:42:58
2026-05-27 02:43:34 [ChainSaver] 버퍼 엔트리=192 | price_ticks=268548 greeks_ticks=506879 snap_ticks=393868 | 이론가 커버리지=100.0%
2026-05-27 02:43:34 [ChainSaver] DB 최근5분 rows=11328 | IV커버=100.0% 이론가커버=100.0% | stream=2478 snap=8850 | 최근저장=2026-05-26 13:43:28
2026-05-27 02:44:04 [ChainSaver] 버퍼 엔트리=192 | price_ticks=269156 greeks_ticks=509289 snap_ticks=395158 | 이론가 커버리지=100.0%
2026-05-27 02:44:04 [ChainSaver] DB 최근5분 rows=11328 | IV커버=100.0% 이론가커버=100.0% | stream=2478 snap=8850 | 최근저장=2026-05-26 13:43:58
2026-05-27 02:44:34 [ChainSaver] 버퍼 엔트리=192 | price_ticks=269764 greeks_ticks=511715 snap_ticks=397817 | 이론가 커버리지=100.0%
2026-05-27 02:44:34 [ChainSaver] DB 최근5분 rows=11328 | IV커버=100.0% 이론가커버=100.0% | stream=2478 snap=8850 | 최근저장=2026-05-26 13:44:28
2026-05-27 02:45:04 [ChainSaver] 버퍼 엔트리=192 | price_ticks=270511 greeks_ticks=513936 snap_ticks=398995 | 이론가 커버리지=100.0%
2026-05-27 02:45:04 [ChainSaver] DB 최근5분 rows=11328 | IV커버=100.0% 이론가커버=100.0% | stream=2478 snap=8850 | 최근저장=2026-05-26 13:44:58
2026-05-27 02:45:34 [ChainSaver] 버퍼 엔트리=192 | price_ticks=271371 greeks_ticks=516350 snap_ticks=401179 | 이론가 커버리지=100.0%
2026-05-27 02:45:34 [ChainSaver] DB 최근5분 rows=11328 | IV커버=100.0% 이론가커버=100.0% | stream=2478 snap=8850 | 최근저장=2026-05-26 13:45:28
2026-05-27 02:46:04 [ChainSaver] 버퍼 엔트리=192 | price_ticks=272063 greeks_ticks=518708 snap_ticks=402439 | 이론가 커버리지=100.0%
2026-05-27 02:46:04 [ChainSaver] DB 최근5분 rows=11328 | IV커버=100.0% 이론가커버=100.0% | stream=2478 snap=8850 | 최근저장=2026-05-26 13:45:58
2026-05-27 02:46:34 [ChainSaver] 버퍼 엔트리=192 | price_ticks=272650 greeks_ticks=520998 snap_ticks=405017 | 이론가 커버리지=100.0%
2026-05-27 02:46:34 [ChainSaver] DB 최근5분 rows=11328 | IV커버=100.0% 이론가커버=100.0% | stream=2478 snap=8850 | 최근저장=2026-05-26 13:46:28
2026-05-27 02:47:04 [ChainSaver] 버퍼 엔트리=192 | price_ticks=273168 greeks_ticks=523352 snap_ticks=406277 | 이론가 커버리지=100.0%
2026-05-27 02:47:04 [ChainSaver] DB 최근5분 rows=11328 | IV커버=100.0% 이론가커버=100.0% | stream=2478 snap=8850 | 최근저장=2026-05-26 13:46:58
2026-05-27 02:47:34 [ChainSaver] 버퍼 엔트리=192 | price_ticks=273952 greeks_ticks=525837 snap_ticks=408517 | 이론가 커버리지=100.0%
2026-05-27 02:47:34 [ChainSaver] DB 최근5분 rows=11328 | IV커버=100.0% 이론가커버=100.0% | stream=2478 snap=8850 | 최근저장=2026-05-26 13:47:28
2026-05-27 02:48:04 [ChainSaver] 버퍼 엔트리=192 | price_ticks=274520 greeks_ticks=528206 snap_ticks=409783 | 이론가 커버리지=100.0%
2026-05-27 02:48:04 [ChainSaver] DB 최근5분 rows=11328 | IV커버=100.0% 이론가커버=100.0% | stream=2478 snap=8850 | 최근저장=2026-05-26 13:47:58
2026-05-27 02:48:34 [ChainSaver] 버퍼 엔트리=192 | price_ticks=275292 greeks_ticks=530451 snap_ticks=412305 | 이론가 커버리지=100.0%
2026-05-27 02:48:34 [ChainSaver] DB 최근5분 rows=11328 | IV커버=100.0% 이론가커버=100.0% | stream=2478 snap=8850 | 최근저장=2026-05-26 13:48:28
2026-05-27 02:49:04 [ChainSaver] 버퍼 엔트리=192 | price_ticks=276138 greeks_ticks=532919 snap_ticks=413653 | 이론가 커버리지=100.0%
2026-05-27 02:49:04 [ChainSaver] DB 최근5분 rows=11328 | IV커버=100.0% 이론가커버=100.0% | stream=2478 snap=8850 | 최근저장=2026-05-26 13:48:58
2026-05-27 02:49:34 [ChainSaver] 버퍼 엔트리=192 | price_ticks=276872 greeks_ticks=535288 snap_ticks=415819 | 이론가 커버리지=100.0%
2026-05-27 02:49:34 [ChainSaver] DB 최근5분 rows=11328 | IV커버=100.0% 이론가커버=100.0% | stream=2479 snap=8849 | 최근저장=2026-05-26 13:49:28
2026-05-27 02:50:04 [ChainSaver] 버퍼 엔트리=192 | price_ticks=277611 greeks_ticks=537430 snap_ticks=416965 | 이론가 커버리지=100.0%
2026-05-27 02:50:04 [ChainSaver] DB 최근5분 rows=11328 | IV커버=100.0% 이론가커버=100.0% | stream=2479 snap=8849 | 최근저장=2026-05-26 13:49:58
2026-05-27 02:50:34 [ChainSaver] 버퍼 엔트리=192 | price_ticks=278425 greeks_ticks=539722 snap_ticks=419513 | 이론가 커버리지=100.0%
2026-05-27 02:50:34 [ChainSaver] DB 최근5분 rows=11328 | IV커버=100.0% 이론가커버=100.0% | stream=2479 snap=8849 | 최근저장=2026-05-26 13:50:28
2026-05-27 02:51:04 [ChainSaver] 버퍼 엔트리=192 | price_ticks=279207 greeks_ticks=542142 snap_ticks=420827 | 이론가 커버리지=100.0%
2026-05-27 02:51:04 [ChainSaver] DB 최근5분 rows=11328 | IV커버=100.0% 이론가커버=100.0% | stream=2479 snap=8849 | 최근저장=2026-05-26 13:50:58
2026-05-27 02:51:34 [ChainSaver] 버퍼 엔트리=192 | price_ticks=279865 greeks_ticks=544521 snap_ticks=422989 | 이론가 커버리지=100.0%
2026-05-27 02:51:34 [ChainSaver] DB 최근5분 rows=11328 | IV커버=100.0% 이론가커버=100.0% | stream=2479 snap=8849 | 최근저장=2026-05-26 13:51:28
2026-05-27 02:52:04 [ChainSaver] 버퍼 엔트리=192 | price_ticks=280623 greeks_ticks=546945 snap_ticks=424303 | 이론가 커버리지=100.0%
2026-05-27 02:52:04 [ChainSaver] DB 최근5분 rows=11328 | IV커버=100.0% 이론가커버=100.0% | stream=2479 snap=8849 | 최근저장=2026-05-26 13:51:58
2026-05-27 02:52:34 [ChainSaver] 버퍼 엔트리=192 | price_ticks=281126 greeks_ticks=549210 snap_ticks=426861 | 이론가 커버리지=100.0%
2026-05-27 02:52:34 [ChainSaver] DB 최근5분 rows=11328 | IV커버=100.0% 이론가커버=100.0% | stream=2479 snap=8849 | 최근저장=2026-05-26 13:52:28
2026-05-27 02:53:04 [ChainSaver] 버퍼 엔트리=192 | price_ticks=281936 greeks_ticks=551584 snap_ticks=428155 | 이론가 커버리지=100.0%
2026-05-27 02:53:04 [ChainSaver] DB 최근5분 rows=11328 | IV커버=100.0% 이론가커버=100.0% | stream=2479 snap=8849 | 최근저장=2026-05-26 13:52:58
2026-05-27 02:53:34 [ChainSaver] 버퍼 엔트리=192 | price_ticks=282441 greeks_ticks=554005 snap_ticks=430347 | 이론가 커버리지=100.0%
2026-05-27 02:53:34 [ChainSaver] DB 최근5분 rows=11328 | IV커버=100.0% 이론가커버=100.0% | stream=2479 snap=8849 | 최근저장=2026-05-26 13:53:28
2026-05-27 02:54:04 [ChainSaver] 버퍼 엔트리=192 | price_ticks=282900 greeks_ticks=556420 snap_ticks=431665 | 이론가 커버리지=100.0%
2026-05-27 02:54:04 [ChainSaver] DB 최근5분 rows=11328 | IV커버=100.0% 이론가커버=100.0% | stream=2480 snap=8848 | 최근저장=2026-05-26 13:53:58
2026-05-27 02:54:34 [ChainSaver] 버퍼 엔트리=192 | price_ticks=283681 greeks_ticks=558721 snap_ticks=434215 | 이론가 커버리지=100.0%
2026-05-27 02:54:34 [ChainSaver] DB 최근5분 rows=11328 | IV커버=100.0% 이론가커버=100.0% | stream=2479 snap=8849 | 최근저장=2026-05-26 13:54:28
2026-05-27 02:55:04 [ChainSaver] 버퍼 엔트리=192 | price_ticks=284571 greeks_ticks=560978 snap_ticks=435417 | 이론가 커버리지=100.0%
2026-05-27 02:55:04 [ChainSaver] DB 최근5분 rows=11328 | IV커버=100.0% 이론가커버=100.0% | stream=2479 snap=8849 | 최근저장=2026-05-26 13:54:58
2026-05-27 02:55:34 [ChainSaver] 버퍼 엔트리=192 | price_ticks=285375 greeks_ticks=563446 snap_ticks=437633 | 이론가 커버리지=100.0%
2026-05-27 02:55:34 [ChainSaver] DB 최근5분 rows=11328 | IV커버=100.0% 이론가커버=100.0% | stream=2479 snap=8849 | 최근저장=2026-05-26 13:55:28
2026-05-27 02:56:04 [ChainSaver] 버퍼 엔트리=192 | price_ticks=286202 greeks_ticks=565820 snap_ticks=438919 | 이론가 커버리지=100.0%
2026-05-27 02:56:04 [ChainSaver] DB 최근5분 rows=11328 | IV커버=100.0% 이론가커버=100.0% | stream=2479 snap=8849 | 최근저장=2026-05-26 13:55:58
2026-05-27 02:56:34 [ChainSaver] 버퍼 엔트리=192 | price_ticks=286839 greeks_ticks=568234 snap_ticks=441551 | 이론가 커버리지=100.0%
2026-05-27 02:56:34 [ChainSaver] DB 최근5분 rows=11328 | IV커버=100.0% 이론가커버=100.0% | stream=2479 snap=8849 | 최근저장=2026-05-26 13:56:28
2026-05-27 02:57:04 [ChainSaver] 버퍼 엔트리=192 | price_ticks=287526 greeks_ticks=570518 snap_ticks=442783 | 이론가 커버리지=100.0%
2026-05-27 02:57:04 [ChainSaver] DB 최근5분 rows=11328 | IV커버=100.0% 이론가커버=100.0% | stream=2479 snap=8849 | 최근저장=2026-05-26 13:56:58
2026-05-27 02:57:34 [ChainSaver] 버퍼 엔트리=192 | price_ticks=288385 greeks_ticks=572893 snap_ticks=444939 | 이론가 커버리지=100.0%
2026-05-27 02:57:34 [ChainSaver] DB 최근5분 rows=11328 | IV커버=100.0% 이론가커버=100.0% | stream=2479 snap=8849 | 최근저장=2026-05-26 13:57:28
2026-05-27 02:58:04 [ChainSaver] 버퍼 엔트리=192 | price_ticks=289236 greeks_ticks=575327 snap_ticks=446257 | 이론가 커버리지=100.0%
2026-05-27 02:58:04 [ChainSaver] DB 최근5분 rows=11328 | IV커버=100.0% 이론가커버=100.0% | stream=2479 snap=8849 | 최근저장=2026-05-26 13:57:58
2026-05-27 02:58:34 [ChainSaver] 버퍼 엔트리=192 | price_ticks=289901 greeks_ticks=577714 snap_ticks=448860 | 이론가 커버리지=100.0%
2026-05-27 02:58:34 [ChainSaver] DB 최근5분 rows=11328 | IV커버=100.0% 이론가커버=100.0% | stream=2478 snap=8850 | 최근저장=2026-05-26 13:58:28
2026-05-27 02:59:04 [ChainSaver] 버퍼 엔트리=192 | price_ticks=290727 greeks_ticks=579912 snap_ticks=450044 | 이론가 커버리지=100.0%
2026-05-27 02:59:04 [ChainSaver] DB 최근5분 rows=11328 | IV커버=100.0% 이론가커버=100.0% | stream=2478 snap=8850 | 최근저장=2026-05-26 13:58:58
2026-05-27 02:59:34 [ChainSaver] 버퍼 엔트리=192 | price_ticks=291514 greeks_ticks=582279 snap_ticks=452200 | 이론가 커버리지=100.0%
2026-05-27 02:59:34 [ChainSaver] DB 최근5분 rows=11328 | IV커버=100.0% 이론가커버=100.0% | stream=2478 snap=8850 | 최근저장=2026-05-26 13:59:28
2026-05-27 03:00:04 [ChainSaver] 버퍼 엔트리=192 | price_ticks=292480 greeks_ticks=584579 snap_ticks=453436 | 이론가 커버리지=100.0%
2026-05-27 03:00:04 [ChainSaver] DB 최근5분 rows=11328 | IV커버=100.0% 이론가커버=100.0% | stream=2479 snap=8849 | 최근저장=2026-05-26 13:59:58
2026-05-27 03:00:34 [ChainSaver] 버퍼 엔트리=192 | price_ticks=293381 greeks_ticks=586857 snap_ticks=455994 | 이론가 커버리지=100.0%
2026-05-27 03:00:34 [ChainSaver] DB 최근5분 rows=11328 | IV커버=100.0% 이론가커버=100.0% | stream=2479 snap=8849 | 최근저장=2026-05-26 14:00:28
2026-05-27 03:01:04 [ChainSaver] 버퍼 엔트리=192 | price_ticks=294273 greeks_ticks=589237 snap_ticks=457288 | 이론가 커버리지=100.0%
2026-05-27 03:01:04 [ChainSaver] DB 최근5분 rows=11328 | IV커버=100.0% 이론가커버=100.0% | stream=2480 snap=8848 | 최근저장=2026-05-26 14:00:58
2026-05-27 03:01:34 [ChainSaver] 버퍼 엔트리=192 | price_ticks=295115 greeks_ticks=591669 snap_ticks=459472 | 이론가 커버리지=100.0%
2026-05-27 03:01:34 [ChainSaver] DB 최근5분 rows=11328 | IV커버=100.0% 이론가커버=100.0% | stream=2480 snap=8848 | 최근저장=2026-05-26 14:01:28
2026-05-27 03:02:04 [ChainSaver] 버퍼 엔트리=192 | price_ticks=296128 greeks_ticks=594067 snap_ticks=460768 | 이론가 커버리지=100.0%
2026-05-27 03:02:04 [ChainSaver] DB 최근5분 rows=11328 | IV커버=100.0% 이론가커버=100.0% | stream=2481 snap=8847 | 최근저장=2026-05-26 14:01:58
2026-05-27 03:02:34 [ChainSaver] 버퍼 엔트리=192 | price_ticks=296960 greeks_ticks=596537 snap_ticks=463434 | 이론가 커버리지=100.0%
2026-05-27 03:02:34 [ChainSaver] DB 최근5분 rows=11328 | IV커버=100.0% 이론가커버=100.0% | stream=2481 snap=8847 | 최근저장=2026-05-26 14:02:28
2026-05-27 03:03:04 [ChainSaver] 버퍼 엔트리=192 | price_ticks=297857 greeks_ticks=598912 snap_ticks=464724 | 이론가 커버리지=100.0%
2026-05-27 03:03:04 [ChainSaver] DB 최근5분 rows=11328 | IV커버=100.0% 이론가커버=100.0% | stream=2481 snap=8847 | 최근저장=2026-05-26 14:02:58
2026-05-27 03:03:34 [ChainSaver] 버퍼 엔트리=192 | price_ticks=298694 greeks_ticks=601202 snap_ticks=466832 | 이론가 커버리지=100.0%
2026-05-27 03:03:34 [ChainSaver] DB 최근5분 rows=11328 | IV커버=100.0% 이론가커버=100.0% | stream=2482 snap=8846 | 최근저장=2026-05-26 14:03:28
2026-05-27 03:04:04 [ChainSaver] 버퍼 엔트리=192 | price_ticks=299401 greeks_ticks=603488 snap_ticks=468076 | 이론가 커버리지=100.0%
2026-05-27 03:04:04 [ChainSaver] DB 최근5분 rows=11328 | IV커버=100.0% 이론가커버=100.0% | stream=2482 snap=8846 | 최근저장=2026-05-26 14:03:58
2026-05-27 03:04:34 [ChainSaver] 버퍼 엔트리=192 | price_ticks=300192 greeks_ticks=605864 snap_ticks=470681 | 이론가 커버리지=100.0%
2026-05-27 03:04:34 [ChainSaver] DB 최근5분 rows=11328 | IV커버=100.0% 이론가커버=100.0% | stream=2483 snap=8845 | 최근저장=2026-05-26 14:04:28
2026-05-27 03:05:04 [ChainSaver] 버퍼 엔트리=192 | price_ticks=300857 greeks_ticks=608283 snap_ticks=472003 | 이론가 커버리지=100.0%
2026-05-27 03:05:04 [ChainSaver] DB 최근5분 rows=11328 | IV커버=100.0% 이론가커버=100.0% | stream=2482 snap=8846 | 최근저장=2026-05-26 14:04:58
2026-05-27 03:05:34 [ChainSaver] 버퍼 엔트리=192 | price_ticks=301589 greeks_ticks=610566 snap_ticks=474111 | 이론가 커버리지=100.0%
2026-05-27 03:05:34 [ChainSaver] DB 최근5분 rows=11328 | IV커버=100.0% 이론가커버=100.0% | stream=2482 snap=8846 | 최근저장=2026-05-26 14:05:28
2026-05-27 03:06:04 [ChainSaver] 버퍼 엔트리=192 | price_ticks=302295 greeks_ticks=612993 snap_ticks=475429 | 이론가 커버리지=100.0%
2026-05-27 03:06:04 [ChainSaver] DB 최근5분 rows=11328 | IV커버=100.0% 이론가커버=100.0% | stream=2482 snap=8846 | 최근저장=2026-05-26 14:05:58
2026-05-27 03:06:34 [ChainSaver] 버퍼 엔트리=192 | price_ticks=302944 greeks_ticks=615361 snap_ticks=478033 | 이론가 커버리지=100.0%
2026-05-27 03:06:34 [ChainSaver] DB 최근5분 rows=11328 | IV커버=100.0% 이론가커버=100.0% | stream=2482 snap=8846 | 최근저장=2026-05-26 14:06:28
2026-05-27 03:07:04 [ChainSaver] 버퍼 엔트리=192 | price_ticks=303593 greeks_ticks=617524 snap_ticks=479183 | 이론가 커버리지=100.0%
2026-05-27 03:07:04 [ChainSaver] DB 최근5분 rows=11328 | IV커버=100.0% 이론가커버=100.0% | stream=2481 snap=8847 | 최근저장=2026-05-26 14:06:58
2026-05-27 03:07:34 [ChainSaver] 버퍼 엔트리=192 | price_ticks=304300 greeks_ticks=619758 snap_ticks=481255 | 이론가 커버리지=100.0%
2026-05-27 03:07:34 [ChainSaver] DB 최근5분 rows=11328 | IV커버=100.0% 이론가커버=100.0% | stream=2481 snap=8847 | 최근저장=2026-05-26 14:07:28
2026-05-27 03:08:04 [ChainSaver] 버퍼 엔트리=192 | price_ticks=304863 greeks_ticks=622182 snap_ticks=482573 | 이론가 커버리지=100.0%
2026-05-27 03:08:04 [ChainSaver] DB 최근5분 rows=11328 | IV커버=100.0% 이론가커버=100.0% | stream=2481 snap=8847 | 최근저장=2026-05-26 14:07:58
2026-05-27 03:08:34 [ChainSaver] 버퍼 엔트리=192 | price_ticks=305426 greeks_ticks=624398 snap_ticks=485093 | 이론가 커버리지=100.0%
2026-05-27 03:08:34 [ChainSaver] DB 최근5분 rows=11328 | IV커버=100.0% 이론가커버=100.0% | stream=2480 snap=8848 | 최근저장=2026-05-26 14:08:28
2026-05-27 03:09:04 [ChainSaver] 버퍼 엔트리=192 | price_ticks=306083 greeks_ticks=626825 snap_ticks=486413 | 이론가 커버리지=100.0%
2026-05-27 03:09:04 [ChainSaver] DB 최근5분 rows=11328 | IV커버=100.0% 이론가커버=100.0% | stream=2479 snap=8849 | 최근저장=2026-05-26 14:08:58
2026-05-27 03:09:34 [ChainSaver] 버퍼 엔트리=192 | price_ticks=306737 greeks_ticks=629247 snap_ticks=488615 | 이론가 커버리지=100.0%
2026-05-27 03:09:34 [ChainSaver] DB 최근5분 rows=11328 | IV커버=100.0% 이론가커버=100.0% | stream=2479 snap=8849 | 최근저장=2026-05-26 14:09:28
2026-05-27 03:10:04 [ChainSaver] 버퍼 엔트리=192 | price_ticks=307445 greeks_ticks=631616 snap_ticks=489925 | 이론가 커버리지=100.0%
2026-05-27 03:10:04 [ChainSaver] DB 최근5분 rows=11328 | IV커버=100.0% 이론가커버=100.0% | stream=2481 snap=8847 | 최근저장=2026-05-26 14:09:58
2026-05-27 03:10:34 [ChainSaver] 버퍼 엔트리=192 | price_ticks=308307 greeks_ticks=634079 snap_ticks=492585 | 이론가 커버리지=100.0%
2026-05-27 03:10:34 [ChainSaver] DB 최근5분 rows=11328 | IV커버=100.0% 이론가커버=100.0% | stream=2480 snap=8848 | 최근저장=2026-05-26 14:10:28
2026-05-27 03:11:04 [ChainSaver] 버퍼 엔트리=192 | price_ticks=309324 greeks_ticks=636470 snap_ticks=493905 | 이론가 커버리지=100.0%
2026-05-27 03:11:04 [ChainSaver] DB 최근5분 rows=11328 | IV커버=100.0% 이론가커버=100.0% | stream=2480 snap=8848 | 최근저장=2026-05-26 14:10:58
2026-05-27 03:11:34 [ChainSaver] 버퍼 엔트리=192 | price_ticks=310398 greeks_ticks=638892 snap_ticks=496143 | 이론가 커버리지=100.0%
2026-05-27 03:11:34 [ChainSaver] DB 최근5분 rows=11328 | IV커버=100.0% 이론가커버=100.0% | stream=2484 snap=8844 | 최근저장=2026-05-26 14:11:28
2026-05-27 03:12:04 [ChainSaver] 버퍼 엔트리=192 | price_ticks=311035 greeks_ticks=641172 snap_ticks=497381 | 이론가 커버리지=100.0%
2026-05-27 03:12:04 [ChainSaver] DB 최근5분 rows=11328 | IV커버=100.0% 이론가커버=100.0% | stream=2485 snap=8843 | 최근저장=2026-05-26 14:11:58
2026-05-27 03:12:34 [ChainSaver] 버퍼 엔트리=192 | price_ticks=311839 greeks_ticks=643385 snap_ticks=499916 | 이론가 커버리지=100.0%
2026-05-27 03:12:34 [ChainSaver] DB 최근5분 rows=11328 | IV커버=100.0% 이론가커버=100.0% | stream=2486 snap=8842 | 최근저장=2026-05-26 14:12:28
2026-05-27 03:13:04 [ChainSaver] 버퍼 엔트리=192 | price_ticks=312667 greeks_ticks=645681 snap_ticks=501154 | 이론가 커버리지=100.0%
2026-05-27 03:13:04 [ChainSaver] DB 최근5분 rows=11328 | IV커버=100.0% 이론가커버=100.0% | stream=2487 snap=8841 | 최근저장=2026-05-26 14:12:58
2026-05-27 03:13:34 [ChainSaver] 버퍼 엔트리=192 | price_ticks=313235 greeks_ticks=648041 snap_ticks=503310 | 이론가 커버리지=100.0%
2026-05-27 03:13:34 [ChainSaver] DB 최근5분 rows=11328 | IV커버=100.0% 이론가커버=100.0% | stream=2487 snap=8841 | 최근저장=2026-05-26 14:13:28
2026-05-27 03:14:04 [ChainSaver] 버퍼 엔트리=192 | price_ticks=314032 greeks_ticks=650523 snap_ticks=504660 | 이론가 커버리지=100.0%
2026-05-27 03:14:04 [ChainSaver] DB 최근5분 rows=11328 | IV커버=100.0% 이론가커버=100.0% | stream=2487 snap=8841 | 최근저장=2026-05-26 14:13:58
2026-05-27 03:14:34 [ChainSaver] 버퍼 엔트리=192 | price_ticks=314886 greeks_ticks=652743 snap_ticks=507180 | 이론가 커버리지=100.0%
2026-05-27 03:14:34 [ChainSaver] DB 최근5분 rows=11328 | IV커버=100.0% 이론가커버=100.0% | stream=2486 snap=8842 | 최근저장=2026-05-26 14:14:28
2026-05-27 03:15:04 [ChainSaver] 버퍼 엔트리=192 | price_ticks=315690 greeks_ticks=655181 snap_ticks=508498 | 이론가 커버리지=100.0%
2026-05-27 03:15:04 [ChainSaver] DB 최근5분 rows=11328 | IV커버=100.0% 이론가커버=100.0% | stream=2485 snap=8843 | 최근저장=2026-05-26 14:14:58
2026-05-27 03:15:34 [ChainSaver] 버퍼 엔트리=192 | price_ticks=316585 greeks_ticks=657598 snap_ticks=510684 | 이론가 커버리지=100.0%
2026-05-27 03:15:34 [ChainSaver] DB 최근5분 rows=11328 | IV커버=100.0% 이론가커버=100.0% | stream=2485 snap=8843 | 최근저장=2026-05-26 14:15:28
2026-05-27 03:16:04 [ChainSaver] 버퍼 엔트리=192 | price_ticks=317453 greeks_ticks=659987 snap_ticks=511976 | 이론가 커버리지=100.0%
2026-05-27 03:16:04 [ChainSaver] DB 최근5분 rows=11328 | IV커버=100.0% 이론가커버=100.0% | stream=2483 snap=8845 | 최근저장=2026-05-26 14:15:58
2026-05-27 03:16:34 [ChainSaver] 버퍼 엔트리=192 | price_ticks=318113 greeks_ticks=662398 snap_ticks=514610 | 이론가 커버리지=100.0%
2026-05-27 03:16:34 [ChainSaver] DB 최근5분 rows=11328 | IV커버=100.0% 이론가커버=100.0% | stream=2481 snap=8847 | 최근저장=2026-05-26 14:16:28
2026-05-27 03:17:04 [ChainSaver] 버퍼 엔트리=192 | price_ticks=318807 greeks_ticks=664677 snap_ticks=515846 | 이론가 커버리지=100.0%
2026-05-27 03:17:04 [ChainSaver] DB 최근5분 rows=11328 | IV커버=100.0% 이론가커버=100.0% | stream=2480 snap=8848 | 최근저장=2026-05-26 14:16:58
2026-05-27 03:17:34 [ChainSaver] 버퍼 엔트리=192 | price_ticks=319572 greeks_ticks=667087 snap_ticks=518030 | 이론가 커버리지=100.0%
2026-05-27 03:17:34 [ChainSaver] DB 최근5분 rows=11328 | IV커버=100.0% 이론가커버=100.0% | stream=2478 snap=8850 | 최근저장=2026-05-26 14:17:28
2026-05-27 03:18:04 [ChainSaver] 버퍼 엔트리=192 | price_ticks=320191 greeks_ticks=669313 snap_ticks=519210 | 이론가 커버리지=100.0%
2026-05-27 03:18:04 [ChainSaver] DB 최근5분 rows=11328 | IV커버=100.0% 이론가커버=100.0% | stream=2478 snap=8850 | 최근저장=2026-05-26 14:17:58
2026-05-27 03:18:34 [ChainSaver] 버퍼 엔트리=192 | price_ticks=321019 greeks_ticks=671736 snap_ticks=521868 | 이론가 커버리지=100.0%
2026-05-27 03:18:34 [ChainSaver] DB 최근5분 rows=11328 | IV커버=100.0% 이론가커버=100.0% | stream=2478 snap=8850 | 최근저장=2026-05-26 14:18:28
2026-05-27 03:19:04 [ChainSaver] 버퍼 엔트리=192 | price_ticks=321822 greeks_ticks=674020 snap_ticks=523078 | 이론가 커버리지=100.0%
2026-05-27 03:19:04 [ChainSaver] DB 최근5분 rows=11328 | IV커버=100.0% 이론가커버=100.0% | stream=2478 snap=8850 | 최근저장=2026-05-26 14:18:58
2026-05-27 03:19:34 [ChainSaver] 버퍼 엔트리=192 | price_ticks=322714 greeks_ticks=676298 snap_ticks=525204 | 이론가 커버리지=100.0%
2026-05-27 03:19:34 [ChainSaver] DB 최근5분 rows=11328 | IV커버=100.0% 이론가커버=100.0% | stream=2478 snap=8850 | 최근저장=2026-05-26 14:19:28
2026-05-27 03:20:04 [ChainSaver] 버퍼 엔트리=192 | price_ticks=323426 greeks_ticks=678663 snap_ticks=526474 | 이론가 커버리지=100.0%
2026-05-27 03:20:04 [ChainSaver] DB 최근5분 rows=11328 | IV커버=100.0% 이론가커버=100.0% | stream=2480 snap=8848 | 최근저장=2026-05-26 14:19:58
2026-05-27 03:20:34 [ChainSaver] 버퍼 엔트리=192 | price_ticks=324437 greeks_ticks=680897 snap_ticks=529024 | 이론가 커버리지=100.0%
2026-05-27 03:20:34 [ChainSaver] DB 최근5분 rows=11328 | IV커버=100.0% 이론가커버=100.0% | stream=2480 snap=8848 | 최근저장=2026-05-26 14:20:28
2026-05-27 03:21:04 [ChainSaver] 버퍼 엔트리=192 | price_ticks=325366 greeks_ticks=683230 snap_ticks=530258 | 이론가 커버리지=100.0%
2026-05-27 03:21:04 [ChainSaver] DB 최근5분 rows=11328 | IV커버=100.0% 이론가커버=100.0% | stream=2480 snap=8848 | 최근저장=2026-05-26 14:20:58
2026-05-27 03:21:34 [ChainSaver] 버퍼 엔트리=192 | price_ticks=326229 greeks_ticks=685456 snap_ticks=532356 | 이론가 커버리지=100.0%
2026-05-27 03:21:34 [ChainSaver] DB 최근5분 rows=11328 | IV커버=100.0% 이론가커버=100.0% | stream=2480 snap=8848 | 최근저장=2026-05-26 14:21:28
2026-05-27 03:22:04 [ChainSaver] 버퍼 엔트리=192 | price_ticks=326937 greeks_ticks=687866 snap_ticks=533646 | 이론가 커버리지=100.0%
2026-05-27 03:22:04 [ChainSaver] DB 최근5분 rows=11328 | IV커버=100.0% 이론가커버=100.0% | stream=2480 snap=8848 | 최근저장=2026-05-26 14:21:58
2026-05-27 03:22:34 [ChainSaver] 버퍼 엔트리=192 | price_ticks=327672 greeks_ticks=690243 snap_ticks=536279 | 이론가 커버리지=100.0%
2026-05-27 03:22:34 [ChainSaver] DB 최근5분 rows=11328 | IV커버=100.0% 이론가커버=100.0% | stream=2480 snap=8848 | 최근저장=2026-05-26 14:22:28
2026-05-27 03:23:04 [ChainSaver] 버퍼 엔트리=192 | price_ticks=328227 greeks_ticks=692409 snap_ticks=537427 | 이론가 커버리지=100.0%
2026-05-27 03:23:04 [ChainSaver] DB 최근5분 rows=11328 | IV커버=100.0% 이론가커버=100.0% | stream=2480 snap=8848 | 최근저장=2026-05-26 14:22:58
2026-05-27 03:23:34 [ChainSaver] 버퍼 엔트리=192 | price_ticks=328870 greeks_ticks=694781 snap_ticks=539611 | 이론가 커버리지=100.0%
2026-05-27 03:23:34 [ChainSaver] DB 최근5분 rows=11328 | IV커버=100.0% 이론가커버=100.0% | stream=2480 snap=8848 | 최근저장=2026-05-26 14:23:28
2026-05-27 03:24:04 [ChainSaver] 버퍼 엔트리=192 | price_ticks=329746 greeks_ticks=697200 snap_ticks=540899 | 이론가 커버리지=100.0%
2026-05-27 03:24:04 [ChainSaver] DB 최근5분 rows=11328 | IV커버=100.0% 이론가커버=100.0% | stream=2480 snap=8848 | 최근저장=2026-05-26 14:23:58
2026-05-27 03:24:34 [ChainSaver] 버퍼 엔트리=196 | price_ticks=330760 greeks_ticks=699651 snap_ticks=543563 | 이론가 커버리지=100.0%
2026-05-27 03:24:34 [ChainSaver] DB 최근5분 rows=11348 | IV커버=100.0% 이론가커버=100.0% | stream=2479 snap=8869 | 최근저장=2026-05-26 14:24:28
2026-05-27 03:25:04 [ChainSaver] 버퍼 엔트리=196 | price_ticks=331444 greeks_ticks=701720 snap_ticks=544659 | 이론가 커버리지=100.0%
2026-05-27 03:25:04 [ChainSaver] DB 최근5분 rows=11372 | IV커버=100.0% 이론가커버=100.0% | stream=2478 snap=8894 | 최근저장=2026-05-26 14:24:58
2026-05-27 03:25:34 [ChainSaver] 버퍼 엔트리=196 | price_ticks=332070 greeks_ticks=704160 snap_ticks=546873 | 이론가 커버리지=100.0%
2026-05-27 03:25:34 [ChainSaver] DB 최근5분 rows=11396 | IV커버=100.0% 이론가커버=100.0% | stream=2478 snap=8918 | 최근저장=2026-05-26 14:25:28
2026-05-27 03:26:04 [ChainSaver] 버퍼 엔트리=196 | price_ticks=332742 greeks_ticks=706417 snap_ticks=548079 | 이론가 커버리지=100.0%
2026-05-27 03:26:04 [ChainSaver] DB 최근5분 rows=11420 | IV커버=100.0% 이론가커버=100.0% | stream=2478 snap=8942 | 최근저장=2026-05-26 14:25:58
2026-05-27 03:26:34 [ChainSaver] 버퍼 엔트리=196 | price_ticks=333402 greeks_ticks=708855 snap_ticks=550738 | 이론가 커버리지=100.0%
2026-05-27 03:26:34 [ChainSaver] DB 최근5분 rows=11444 | IV커버=100.0% 이론가커버=100.0% | stream=2478 snap=8966 | 최근저장=2026-05-26 14:26:28
2026-05-27 03:27:04 [ChainSaver] 버퍼 엔트리=196 | price_ticks=334143 greeks_ticks=711223 snap_ticks=551998 | 이론가 커버리지=100.0%
2026-05-27 03:27:04 [ChainSaver] DB 최근5분 rows=11468 | IV커버=100.0% 이론가커버=100.0% | stream=2478 snap=8990 | 최근저장=2026-05-26 14:26:58
2026-05-27 03:27:34 [ChainSaver] 버퍼 엔트리=196 | price_ticks=334758 greeks_ticks=713652 snap_ticks=554210 | 이론가 커버리지=100.0%
2026-05-27 03:27:34 [ChainSaver] DB 최근5분 rows=11492 | IV커버=100.0% 이론가커버=100.0% | stream=2478 snap=9014 | 최근저장=2026-05-26 14:27:28
2026-05-27 03:28:04 [ChainSaver] 버퍼 엔트리=196 | price_ticks=335696 greeks_ticks=715752 snap_ticks=555302 | 이론가 커버리지=100.0%
2026-05-27 03:28:04 [ChainSaver] DB 최근5분 rows=11516 | IV커버=100.0% 이론가커버=100.0% | stream=2478 snap=9038 | 최근저장=2026-05-26 14:27:58
2026-05-27 03:28:34 [ChainSaver] 버퍼 엔트리=196 | price_ticks=336607 greeks_ticks=718189 snap_ticks=557968 | 이론가 커버리지=100.0%
2026-05-27 03:28:34 [ChainSaver] DB 최근5분 rows=11540 | IV커버=100.0% 이론가커버=100.0% | stream=2478 snap=9062 | 최근저장=2026-05-26 14:28:28
2026-05-27 03:29:04 [ChainSaver] 버퍼 엔트리=196 | price_ticks=337563 greeks_ticks=720560 snap_ticks=559230 | 이론가 커버리지=100.0%
2026-05-27 03:29:04 [ChainSaver] DB 최근5분 rows=11564 | IV커버=100.0% 이론가커버=100.0% | stream=2478 snap=9086 | 최근저장=2026-05-26 14:28:58
2026-05-27 03:29:34 [ChainSaver] 버퍼 엔트리=196 | price_ticks=338358 greeks_ticks=722986 snap_ticks=561442 | 이론가 커버리지=100.0%
2026-05-27 03:29:34 [ChainSaver] DB 최근5분 rows=11564 | IV커버=100.0% 이론가커버=100.0% | stream=2478 snap=9086 | 최근저장=2026-05-26 14:29:28
2026-05-27 03:30:04 [ChainSaver] 버퍼 엔트리=196 | price_ticks=339048 greeks_ticks=725397 snap_ticks=562732 | 이론가 커버리지=100.0%
2026-05-27 03:30:04 [ChainSaver] DB 최근5분 rows=11564 | IV커버=100.0% 이론가커버=100.0% | stream=2478 snap=9086 | 최근저장=2026-05-26 14:29:58
2026-05-27 03:30:34 [ChainSaver] 버퍼 엔트리=196 | price_ticks=339715 greeks_ticks=727785 snap_ticks=565372 | 이론가 커버리지=100.0%
2026-05-27 03:30:34 [ChainSaver] DB 최근5분 rows=11564 | IV커버=100.0% 이론가커버=100.0% | stream=2478 snap=9086 | 최근저장=2026-05-26 14:30:28
2026-05-27 03:31:04 [ChainSaver] 버퍼 엔트리=196 | price_ticks=340614 greeks_ticks=730071 snap_ticks=566580 | 이론가 커버리지=100.0%
2026-05-27 03:31:04 [ChainSaver] DB 최근5분 rows=11564 | IV커버=100.0% 이론가커버=100.0% | stream=2478 snap=9086 | 최근저장=2026-05-26 14:30:58
2026-05-27 03:31:34 [ChainSaver] 버퍼 엔트리=196 | price_ticks=341450 greeks_ticks=732229 snap_ticks=568624 | 이론가 커버리지=100.0%
2026-05-27 03:31:34 [ChainSaver] DB 최근5분 rows=11564 | IV커버=100.0% 이론가커버=100.0% | stream=2478 snap=9086 | 최근저장=2026-05-26 14:31:28
2026-05-27 03:32:04 [ChainSaver] 버퍼 엔트리=196 | price_ticks=342000 greeks_ticks=734494 snap_ticks=569828 | 이론가 커버리지=100.0%
2026-05-27 03:32:04 [ChainSaver] DB 최근5분 rows=11564 | IV커버=100.0% 이론가커버=100.0% | stream=2478 snap=9086 | 최근저장=2026-05-26 14:31:58
2026-05-27 03:32:34 [ChainSaver] 버퍼 엔트리=196 | price_ticks=342909 greeks_ticks=736870 snap_ticks=572460 | 이론가 커버리지=100.0%
2026-05-27 03:32:34 [ChainSaver] DB 최근5분 rows=11564 | IV커버=100.0% 이론가커버=100.0% | stream=2478 snap=9086 | 최근저장=2026-05-26 14:32:28
2026-05-27 03:33:04 [ChainSaver] 버퍼 엔트리=196 | price_ticks=343566 greeks_ticks=739339 snap_ticks=573776 | 이론가 커버리지=100.0%
2026-05-27 03:33:04 [ChainSaver] DB 최근5분 rows=11564 | IV커버=100.0% 이론가커버=100.0% | stream=2478 snap=9086 | 최근저장=2026-05-26 14:32:58
2026-05-27 03:33:34 [ChainSaver] 버퍼 엔트리=196 | price_ticks=344327 greeks_ticks=741726 snap_ticks=575974 | 이론가 커버리지=100.0%
2026-05-27 03:33:34 [ChainSaver] DB 최근5분 rows=11564 | IV커버=100.0% 이론가커버=100.0% | stream=2480 snap=9084 | 최근저장=2026-05-26 14:33:28
2026-05-27 03:34:04 [ChainSaver] 버퍼 엔트리=196 | price_ticks=344803 greeks_ticks=743939 snap_ticks=577156 | 이론가 커버리지=100.0%
2026-05-27 03:34:04 [ChainSaver] DB 최근5분 rows=11564 | IV커버=100.0% 이론가커버=100.0% | stream=2480 snap=9084 | 최근저장=2026-05-26 14:33:58
2026-05-27 03:34:34 [ChainSaver] 버퍼 엔트리=196 | price_ticks=345331 greeks_ticks=746363 snap_ticks=579816 | 이론가 커버리지=100.0%
2026-05-27 03:34:34 [ChainSaver] DB 최근5분 rows=11564 | IV커버=100.0% 이론가커버=100.0% | stream=2481 snap=9083 | 최근저장=2026-05-26 14:34:28
2026-05-27 03:35:04 [ChainSaver] 버퍼 엔트리=196 | price_ticks=345815 greeks_ticks=748776 snap_ticks=581106 | 이론가 커버리지=100.0%
2026-05-27 03:35:04 [ChainSaver] DB 최근5분 rows=11564 | IV커버=100.0% 이론가커버=100.0% | stream=2481 snap=9083 | 최근저장=2026-05-26 14:34:58
2026-05-27 03:35:34 [ChainSaver] 버퍼 엔트리=196 | price_ticks=346427 greeks_ticks=751210 snap_ticks=583314 | 이론가 커버리지=100.0%
2026-05-27 03:35:34 [ChainSaver] DB 최근5분 rows=11564 | IV커버=100.0% 이론가커버=100.0% | stream=2481 snap=9083 | 최근저장=2026-05-26 14:35:28
2026-05-27 03:36:04 [ChainSaver] 버퍼 엔트리=196 | price_ticks=347042 greeks_ticks=753575 snap_ticks=584582 | 이론가 커버리지=100.0%
2026-05-27 03:36:04 [ChainSaver] DB 최근5분 rows=11564 | IV커버=100.0% 이론가커버=100.0% | stream=2481 snap=9083 | 최근저장=2026-05-26 14:35:58
2026-05-27 03:36:34 [ChainSaver] 버퍼 엔트리=196 | price_ticks=347581 greeks_ticks=756013 snap_ticks=587252 | 이론가 커버리지=100.0%
2026-05-27 03:36:34 [ChainSaver] DB 최근5분 rows=11564 | IV커버=100.0% 이론가커버=100.0% | stream=2481 snap=9083 | 최근저장=2026-05-26 14:36:28
2026-05-27 03:37:04 [ChainSaver] 버퍼 엔트리=196 | price_ticks=348048 greeks_ticks=758421 snap_ticks=588544 | 이론가 커버리지=100.0%
2026-05-27 03:37:04 [ChainSaver] DB 최근5분 rows=11564 | IV커버=100.0% 이론가커버=100.0% | stream=2481 snap=9083 | 최근저장=2026-05-26 14:36:58
2026-05-27 03:37:34 [ChainSaver] 버퍼 엔트리=196 | price_ticks=348701 greeks_ticks=760850 snap_ticks=590760 | 이론가 커버리지=100.0%
2026-05-27 03:37:34 [ChainSaver] DB 최근5분 rows=11564 | IV커버=100.0% 이론가커버=100.0% | stream=2482 snap=9082 | 최근저장=2026-05-26 14:37:28
2026-05-27 03:38:04 [ChainSaver] 버퍼 엔트리=196 | price_ticks=349437 greeks_ticks=763226 snap_ticks=592022 | 이론가 커버리지=100.0%
2026-05-27 03:38:04 [ChainSaver] DB 최근5분 rows=11564 | IV커버=100.0% 이론가커버=100.0% | stream=2482 snap=9082 | 최근저장=2026-05-26 14:37:58
2026-05-27 03:38:34 [ChainSaver] 버퍼 엔트리=196 | price_ticks=350173 greeks_ticks=765653 snap_ticks=594686 | 이론가 커버리지=100.0%
2026-05-27 03:38:34 [ChainSaver] DB 최근5분 rows=11564 | IV커버=100.0% 이론가커버=100.0% | stream=2480 snap=9084 | 최근저장=2026-05-26 14:38:28
2026-05-27 03:39:04 [ChainSaver] 버퍼 엔트리=196 | price_ticks=350890 greeks_ticks=767924 snap_ticks=595890 | 이론가 커버리지=100.0%
2026-05-27 03:39:04 [ChainSaver] DB 최근5분 rows=11564 | IV커버=100.0% 이론가커버=100.0% | stream=2479 snap=9085 | 최근저장=2026-05-26 14:38:58
2026-05-27 03:39:34 [ChainSaver] 버퍼 엔트리=196 | price_ticks=351619 greeks_ticks=770298 snap_ticks=598076 | 이론가 커버리지=100.0%
2026-05-27 03:39:34 [ChainSaver] DB 최근5분 rows=11564 | IV커버=100.0% 이론가커버=100.0% | stream=2479 snap=9085 | 최근저장=2026-05-26 14:39:28
2026-05-27 03:40:04 [ChainSaver] 버퍼 엔트리=196 | price_ticks=352288 greeks_ticks=772723 snap_ticks=599368 | 이론가 커버리지=100.0%
2026-05-27 03:40:04 [ChainSaver] DB 최근5분 rows=11564 | IV커버=100.0% 이론가커버=100.0% | stream=2480 snap=9084 | 최근저장=2026-05-26 14:39:58
2026-05-27 03:40:34 [ChainSaver] 버퍼 엔트리=196 | price_ticks=352992 greeks_ticks=775164 snap_ticks=602040 | 이론가 커버리지=100.0%
2026-05-27 03:40:34 [ChainSaver] DB 최근5분 rows=11564 | IV커버=100.0% 이론가커버=100.0% | stream=2481 snap=9083 | 최근저장=2026-05-26 14:40:28
2026-05-27 03:41:04 [ChainSaver] 버퍼 엔트리=196 | price_ticks=353856 greeks_ticks=777581 snap_ticks=603328 | 이론가 커버리지=100.0%
2026-05-27 03:41:04 [ChainSaver] DB 최근5분 rows=11564 | IV커버=100.0% 이론가커버=100.0% | stream=2481 snap=9083 | 최근저장=2026-05-26 14:40:58
2026-05-27 03:41:34 [ChainSaver] 버퍼 엔트리=196 | price_ticks=354810 greeks_ticks=779976 snap_ticks=605516 | 이론가 커버리지=100.0%
2026-05-27 03:41:34 [ChainSaver] DB 최근5분 rows=11564 | IV커버=100.0% 이론가커버=100.0% | stream=2482 snap=9082 | 최근저장=2026-05-26 14:41:28
2026-05-27 03:42:04 [ChainSaver] 버퍼 엔트리=196 | price_ticks=355529 greeks_ticks=782436 snap_ticks=606840 | 이론가 커버리지=100.0%
2026-05-27 03:42:04 [ChainSaver] DB 최근5분 rows=11564 | IV커버=100.0% 이론가커버=100.0% | stream=2481 snap=9083 | 최근저장=2026-05-26 14:41:58
2026-05-27 03:42:34 [ChainSaver] 버퍼 엔트리=196 | price_ticks=356202 greeks_ticks=784821 snap_ticks=609482 | 이론가 커버리지=100.0%
2026-05-27 03:42:34 [ChainSaver] DB 최근5분 rows=11564 | IV커버=100.0% 이론가커버=100.0% | stream=2481 snap=9083 | 최근저장=2026-05-26 14:42:28
2026-05-27 03:43:04 [ChainSaver] 버퍼 엔트리=196 | price_ticks=356794 greeks_ticks=787182 snap_ticks=610744 | 이론가 커버리지=100.0%
2026-05-27 03:43:04 [ChainSaver] DB 최근5분 rows=11564 | IV커버=100.0% 이론가커버=100.0% | stream=2481 snap=9083 | 최근저장=2026-05-26 14:42:58
2026-05-27 03:43:34 [ChainSaver] 버퍼 엔트리=196 | price_ticks=357384 greeks_ticks=789473 snap_ticks=612872 | 이론가 커버리지=100.0%
2026-05-27 03:43:34 [ChainSaver] DB 최근5분 rows=11564 | IV커버=100.0% 이론가커버=100.0% | stream=2481 snap=9083 | 최근저장=2026-05-26 14:43:28
2026-05-27 03:44:04 [ChainSaver] 버퍼 엔트리=196 | price_ticks=357980 greeks_ticks=791893 snap_ticks=614162 | 이론가 커버리지=100.0%
2026-05-27 03:44:04 [ChainSaver] DB 최근5분 rows=11564 | IV커버=100.0% 이론가커버=100.0% | stream=2481 snap=9083 | 최근저장=2026-05-26 14:43:58
2026-05-27 03:44:34 [ChainSaver] 버퍼 엔트리=196 | price_ticks=358644 greeks_ticks=794324 snap_ticks=616819 | 이론가 커버리지=100.0%
2026-05-27 03:44:34 [ChainSaver] DB 최근5분 rows=11564 | IV커버=100.0% 이론가커버=100.0% | stream=2481 snap=9083 | 최근저장=2026-05-26 14:44:28
2026-05-27 03:45:04 [ChainSaver] 버퍼 엔트리=196 | price_ticks=359245 greeks_ticks=796687 snap_ticks=618079 | 이론가 커버리지=100.0%
2026-05-27 03:45:04 [ChainSaver] DB 최근5분 rows=11564 | IV커버=100.0% 이론가커버=100.0% | stream=2480 snap=9084 | 최근저장=2026-05-26 14:44:58
2026-05-27 03:45:34 [ChainSaver] 버퍼 엔트리=196 | price_ticks=360096 greeks_ticks=799146 snap_ticks=620293 | 이론가 커버리지=100.0%
2026-05-27 03:45:34 [ChainSaver] DB 최근5분 rows=11564 | IV커버=100.0% 이론가커버=100.0% | stream=2479 snap=9085 | 최근저장=2026-05-26 14:45:28
2026-05-27 03:46:04 [ChainSaver] 버퍼 엔트리=196 | price_ticks=360644 greeks_ticks=801204 snap_ticks=621395 | 이론가 커버리지=100.0%
2026-05-27 03:46:04 [ChainSaver] DB 최근5분 rows=11564 | IV커버=100.0% 이론가커버=100.0% | stream=2481 snap=9083 | 최근저장=2026-05-26 14:45:58
2026-05-27 03:46:34 [ChainSaver] 버퍼 엔트리=196 | price_ticks=361322 greeks_ticks=803437 snap_ticks=623921 | 이론가 커버리지=100.0%
2026-05-27 03:46:34 [ChainSaver] DB 최근5분 rows=11564 | IV커버=100.0% 이론가커버=100.0% | stream=2481 snap=9083 | 최근저장=2026-05-26 14:46:28
2026-05-27 03:47:04 [ChainSaver] 버퍼 엔트리=196 | price_ticks=361893 greeks_ticks=805788 snap_ticks=625181 | 이론가 커버리지=100.0%
2026-05-27 03:47:04 [ChainSaver] DB 최근5분 rows=11564 | IV커버=100.0% 이론가커버=100.0% | stream=2482 snap=9082 | 최근저장=2026-05-26 14:46:58
2026-05-27 03:47:34 [ChainSaver] 버퍼 엔트리=196 | price_ticks=362472 greeks_ticks=808144 snap_ticks=627343 | 이론가 커버리지=100.0%
2026-05-27 03:47:34 [ChainSaver] DB 최근5분 rows=11564 | IV커버=100.0% 이론가커버=100.0% | stream=2483 snap=9081 | 최근저장=2026-05-26 14:47:28
2026-05-27 03:48:04 [ChainSaver] 버퍼 엔트리=196 | price_ticks=363032 greeks_ticks=810430 snap_ticks=628581 | 이론가 커버리지=100.0%
2026-05-27 03:48:04 [ChainSaver] DB 최근5분 rows=11564 | IV커버=100.0% 이론가커버=100.0% | stream=2483 snap=9081 | 최근저장=2026-05-26 14:47:58
2026-05-27 03:48:34 [ChainSaver] 버퍼 엔트리=196 | price_ticks=363522 greeks_ticks=812852 snap_ticks=631217 | 이론가 커버리지=100.0%
2026-05-27 03:48:34 [ChainSaver] DB 최근5분 rows=11564 | IV커버=100.0% 이론가커버=100.0% | stream=2483 snap=9081 | 최근저장=2026-05-26 14:48:28
2026-05-27 03:49:04 [ChainSaver] 버퍼 엔트리=196 | price_ticks=364041 greeks_ticks=815286 snap_ticks=632533 | 이론가 커버리지=100.0%
2026-05-27 03:49:04 [ChainSaver] DB 최근5분 rows=11564 | IV커버=100.0% 이론가커버=100.0% | stream=2483 snap=9081 | 최근저장=2026-05-26 14:48:58
2026-05-27 03:49:34 [ChainSaver] 버퍼 엔트리=196 | price_ticks=364708 greeks_ticks=817514 snap_ticks=634611 | 이론가 커버리지=100.0%
2026-05-27 03:49:34 [ChainSaver] DB 최근5분 rows=11564 | IV커버=100.0% 이론가커버=100.0% | stream=2483 snap=9081 | 최근저장=2026-05-26 14:49:28
2026-05-27 03:50:04 [ChainSaver] 버퍼 엔트리=196 | price_ticks=365539 greeks_ticks=819789 snap_ticks=635853 | 이론가 커버리지=100.0%
2026-05-27 03:50:04 [ChainSaver] DB 최근5분 rows=11564 | IV커버=100.0% 이론가커버=100.0% | stream=2483 snap=9081 | 최근저장=2026-05-26 14:49:58
2026-05-27 03:50:34 [ChainSaver] 버퍼 엔트리=196 | price_ticks=366205 greeks_ticks=822055 snap_ticks=638421 | 이론가 커버리지=100.0%
2026-05-27 03:50:34 [ChainSaver] DB 최근5분 rows=11564 | IV커버=100.0% 이론가커버=100.0% | stream=2483 snap=9081 | 최근저장=2026-05-26 14:50:28
2026-05-27 03:51:04 [ChainSaver] 버퍼 엔트리=196 | price_ticks=367178 greeks_ticks=824443 snap_ticks=639711 | 이론가 커버리지=100.0%
2026-05-27 03:51:04 [ChainSaver] DB 최근5분 rows=11564 | IV커버=100.0% 이론가커버=100.0% | stream=2481 snap=9083 | 최근저장=2026-05-26 14:50:58
2026-05-27 03:51:34 [ChainSaver] 버퍼 엔트리=196 | price_ticks=367876 greeks_ticks=826724 snap_ticks=641819 | 이론가 커버리지=100.0%
2026-05-27 03:51:34 [ChainSaver] DB 최근5분 rows=11564 | IV커버=100.0% 이론가커버=100.0% | stream=2480 snap=9084 | 최근저장=2026-05-26 14:51:28
2026-05-27 03:52:04 [ChainSaver] 버퍼 엔트리=196 | price_ticks=368531 greeks_ticks=829037 snap_ticks=643057 | 이론가 커버리지=100.0%
2026-05-27 03:52:04 [ChainSaver] DB 최근5분 rows=11564 | IV커버=100.0% 이론가커버=100.0% | stream=2479 snap=9085 | 최근저장=2026-05-26 14:51:58
2026-05-27 03:52:34 [ChainSaver] 버퍼 엔트리=196 | price_ticks=369163 greeks_ticks=831187 snap_ticks=645521 | 이론가 커버리지=100.0%
2026-05-27 03:52:34 [ChainSaver] DB 최근5분 rows=11564 | IV커버=100.0% 이론가커버=100.0% | stream=2478 snap=9086 | 최근저장=2026-05-26 14:52:28
2026-05-27 03:53:04 [ChainSaver] 버퍼 엔트리=196 | price_ticks=369733 greeks_ticks=833429 snap_ticks=646727 | 이론가 커버리지=100.0%
2026-05-27 03:53:04 [ChainSaver] DB 최근5분 rows=11564 | IV커버=100.0% 이론가커버=100.0% | stream=2478 snap=9086 | 최근저장=2026-05-26 14:52:58
2026-05-27 03:53:34 [ChainSaver] 버퍼 엔트리=196 | price_ticks=370431 greeks_ticks=835858 snap_ticks=648915 | 이론가 커버리지=100.0%
2026-05-27 03:53:34 [ChainSaver] DB 최근5분 rows=11564 | IV커버=100.0% 이론가커버=100.0% | stream=2478 snap=9086 | 최근저장=2026-05-26 14:53:28
2026-05-27 03:54:04 [ChainSaver] 버퍼 엔트리=196 | price_ticks=370835 greeks_ticks=837830 snap_ticks=649985 | 이론가 커버리지=100.0%
2026-05-27 03:54:04 [ChainSaver] DB 최근5분 rows=11564 | IV커버=100.0% 이론가커버=100.0% | stream=2478 snap=9086 | 최근저장=2026-05-26 14:53:58
2026-05-27 03:54:34 [ChainSaver] 버퍼 엔트리=196 | price_ticks=371391 greeks_ticks=840246 snap_ticks=652620 | 이론가 커버리지=100.0%
2026-05-27 03:54:34 [ChainSaver] DB 최근5분 rows=11564 | IV커버=100.0% 이론가커버=100.0% | stream=2479 snap=9085 | 최근저장=2026-05-26 14:54:28
2026-05-27 03:55:04 [ChainSaver] 버퍼 엔트리=196 | price_ticks=371926 greeks_ticks=842619 snap_ticks=653912 | 이론가 커버리지=100.0%
2026-05-27 03:55:04 [ChainSaver] DB 최근5분 rows=11564 | IV커버=100.0% 이론가커버=100.0% | stream=2479 snap=9085 | 최근저장=2026-05-26 14:54:58
2026-05-27 03:55:34 [ChainSaver] 버퍼 엔트리=196 | price_ticks=372447 greeks_ticks=844935 snap_ticks=656038 | 이론가 커버리지=100.0%
2026-05-27 03:55:34 [ChainSaver] DB 최근5분 rows=11564 | IV커버=100.0% 이론가커버=100.0% | stream=2479 snap=9085 | 최근저장=2026-05-26 14:55:28
2026-05-27 03:56:04 [ChainSaver] 버퍼 엔트리=196 | price_ticks=372965 greeks_ticks=847321 snap_ticks=657330 | 이론가 커버리지=100.0%
2026-05-27 03:56:04 [ChainSaver] DB 최근5분 rows=11564 | IV커버=100.0% 이론가커버=100.0% | stream=2479 snap=9085 | 최근저장=2026-05-26 14:55:58
2026-05-27 03:56:34 [ChainSaver] 버퍼 엔트리=196 | price_ticks=373736 greeks_ticks=849556 snap_ticks=659851 | 이론가 커버리지=100.0%
2026-05-27 03:56:34 [ChainSaver] DB 최근5분 rows=11564 | IV커버=100.0% 이론가커버=100.0% | stream=2479 snap=9085 | 최근저장=2026-05-26 14:56:28
2026-05-27 03:57:04 [ChainSaver] 버퍼 엔트리=196 | price_ticks=374502 greeks_ticks=851761 snap_ticks=661031 | 이론가 커버리지=100.0%
2026-05-27 03:57:04 [ChainSaver] DB 최근5분 rows=11564 | IV커버=100.0% 이론가커버=100.0% | stream=2480 snap=9084 | 최근저장=2026-05-26 14:56:58
2026-05-27 03:57:34 [ChainSaver] 버퍼 엔트리=196 | price_ticks=375270 greeks_ticks=854124 snap_ticks=663185 | 이론가 커버리지=100.0%
2026-05-27 03:57:34 [ChainSaver] DB 최근5분 rows=11564 | IV커버=100.0% 이론가커버=100.0% | stream=2480 snap=9084 | 최근저장=2026-05-26 14:57:28
2026-05-27 03:58:04 [ChainSaver] 버퍼 엔트리=196 | price_ticks=375996 greeks_ticks=856420 snap_ticks=664417 | 이론가 커버리지=100.0%
2026-05-27 03:58:04 [ChainSaver] DB 최근5분 rows=11564 | IV커버=100.0% 이론가커버=100.0% | stream=2480 snap=9084 | 최근저장=2026-05-26 14:57:58
2026-05-27 03:58:34 [ChainSaver] 버퍼 엔트리=196 | price_ticks=376728 greeks_ticks=858783 snap_ticks=667023 | 이론가 커버리지=100.0%
2026-05-27 03:58:34 [ChainSaver] DB 최근5분 rows=11564 | IV커버=100.0% 이론가커버=100.0% | stream=2480 snap=9084 | 최근저장=2026-05-26 14:58:28
2026-05-27 03:59:04 [ChainSaver] 버퍼 엔트리=196 | price_ticks=377255 greeks_ticks=861258 snap_ticks=668367 | 이론가 커버리지=100.0%
2026-05-27 03:59:04 [ChainSaver] DB 최근5분 rows=11564 | IV커버=100.0% 이론가커버=100.0% | stream=2480 snap=9084 | 최근저장=2026-05-26 14:58:58
2026-05-27 03:59:34 [ChainSaver] 버퍼 엔트리=196 | price_ticks=377994 greeks_ticks=863633 snap_ticks=670523 | 이론가 커버리지=100.0%
2026-05-27 03:59:34 [ChainSaver] DB 최근5분 rows=11564 | IV커버=100.0% 이론가커버=100.0% | stream=2479 snap=9085 | 최근저장=2026-05-26 14:59:28
2026-05-27 04:00:04 [ChainSaver] 버퍼 엔트리=196 | price_ticks=379293 greeks_ticks=866045 snap_ticks=671819 | 이론가 커버리지=100.0%
2026-05-27 04:00:04 [ChainSaver] DB 최근5분 rows=11564 | IV커버=100.0% 이론가커버=100.0% | stream=2479 snap=9085 | 최근저장=2026-05-26 14:59:58
2026-05-27 04:00:34 [ChainSaver] 버퍼 엔트리=196 | price_ticks=380728 greeks_ticks=868390 snap_ticks=674423 | 이론가 커버리지=100.0%
2026-05-27 04:00:34 [ChainSaver] DB 최근5분 rows=11564 | IV커버=100.0% 이론가커버=100.0% | stream=2480 snap=9084 | 최근저장=2026-05-26 15:00:28
2026-05-27 04:01:04 [ChainSaver] 버퍼 엔트리=196 | price_ticks=382218 greeks_ticks=870660 snap_ticks=675647 | 이론가 커버리지=100.0%
2026-05-27 04:01:04 [ChainSaver] DB 최근5분 rows=11564 | IV커버=100.0% 이론가커버=100.0% | stream=2481 snap=9083 | 최근저장=2026-05-26 15:00:58
2026-05-27 04:01:34 [ChainSaver] 버퍼 엔트리=196 | price_ticks=383223 greeks_ticks=873075 snap_ticks=677837 | 이론가 커버리지=100.0%
2026-05-27 04:01:34 [ChainSaver] DB 최근5분 rows=11564 | IV커버=100.0% 이론가커버=100.0% | stream=2481 snap=9083 | 최근저장=2026-05-26 15:01:28
2026-05-27 04:02:04 [ChainSaver] 버퍼 엔트리=196 | price_ticks=384088 greeks_ticks=875327 snap_ticks=679047 | 이론가 커버리지=100.0%
2026-05-27 04:02:04 [ChainSaver] DB 최근5분 rows=11564 | IV커버=100.0% 이론가커버=100.0% | stream=2480 snap=9084 | 최근저장=2026-05-26 15:01:58
2026-05-27 04:02:34 [ChainSaver] 버퍼 엔트리=196 | price_ticks=385043 greeks_ticks=877804 snap_ticks=681707 | 이론가 커버리지=100.0%
2026-05-27 04:02:34 [ChainSaver] DB 최근5분 rows=11564 | IV커버=100.0% 이론가커버=100.0% | stream=2480 snap=9084 | 최근저장=2026-05-26 15:02:28
2026-05-27 04:03:04 [ChainSaver] 버퍼 엔트리=196 | price_ticks=385707 greeks_ticks=880179 snap_ticks=682995 | 이론가 커버리지=100.0%
2026-05-27 04:03:04 [ChainSaver] DB 최근5분 rows=11564 | IV커버=100.0% 이론가커버=100.0% | stream=2480 snap=9084 | 최근저장=2026-05-26 15:02:58
2026-05-27 04:03:34 [ChainSaver] 버퍼 엔트리=196 | price_ticks=386434 greeks_ticks=882551 snap_ticks=685151 | 이론가 커버리지=100.0%
2026-05-27 04:03:34 [ChainSaver] DB 최근5분 rows=11564 | IV커버=100.0% 이론가커버=100.0% | stream=2480 snap=9084 | 최근저장=2026-05-26 15:03:28
2026-05-27 04:04:04 [ChainSaver] 버퍼 엔트리=196 | price_ticks=387107 greeks_ticks=885029 snap_ticks=686499 | 이론가 커버리지=100.0%
2026-05-27 04:04:04 [ChainSaver] DB 최근5분 rows=11564 | IV커버=100.0% 이론가커버=100.0% | stream=2480 snap=9084 | 최근저장=2026-05-26 15:03:58
2026-05-27 04:04:34 [ChainSaver] 버퍼 엔트리=196 | price_ticks=388042 greeks_ticks=887261 snap_ticks=689019 | 이론가 커버리지=100.0%
2026-05-27 04:04:34 [ChainSaver] DB 최근5분 rows=11564 | IV커버=100.0% 이론가커버=100.0% | stream=2480 snap=9084 | 최근저장=2026-05-26 15:04:28
2026-05-27 04:05:04 [ChainSaver] 버퍼 엔트리=196 | price_ticks=388642 greeks_ticks=889712 snap_ticks=690335 | 이론가 커버리지=100.0%
2026-05-27 04:05:04 [ChainSaver] DB 최근5분 rows=11564 | IV커버=100.0% 이론가커버=100.0% | stream=2480 snap=9084 | 최근저장=2026-05-26 15:04:58
2026-05-27 04:05:34 [ChainSaver] 버퍼 엔트리=196 | price_ticks=389288 greeks_ticks=892082 snap_ticks=692501 | 이론가 커버리지=100.0%
2026-05-27 04:05:34 [ChainSaver] DB 최근5분 rows=11564 | IV커버=100.0% 이론가커버=100.0% | stream=2480 snap=9084 | 최근저장=2026-05-26 15:05:28
2026-05-27 04:06:04 [ChainSaver] 버퍼 엔트리=196 | price_ticks=389931 greeks_ticks=894562 snap_ticks=693847 | 이론가 커버리지=100.0%
2026-05-27 04:06:04 [ChainSaver] DB 최근5분 rows=11564 | IV커버=100.0% 이론가커버=100.0% | stream=2479 snap=9085 | 최근저장=2026-05-26 15:05:58
2026-05-27 04:06:34 [ChainSaver] 버퍼 엔트리=196 | price_ticks=390587 greeks_ticks=896929 snap_ticks=696451 | 이론가 커버리지=100.0%
2026-05-27 04:06:34 [ChainSaver] DB 최근5분 rows=11564 | IV커버=100.0% 이론가커버=100.0% | stream=2479 snap=9085 | 최근저장=2026-05-26 15:06:28
2026-05-27 04:07:04 [ChainSaver] 버퍼 엔트리=196 | price_ticks=391528 greeks_ticks=899342 snap_ticks=697741 | 이론가 커버리지=100.0%
2026-05-27 04:07:04 [ChainSaver] DB 최근5분 rows=11564 | IV커버=100.0% 이론가커버=100.0% | stream=2479 snap=9085 | 최근저장=2026-05-26 15:06:58
2026-05-27 04:07:34 [ChainSaver] 버퍼 엔트리=196 | price_ticks=392156 greeks_ticks=901804 snap_ticks=699951 | 이론가 커버리지=100.0%
2026-05-27 04:07:34 [ChainSaver] DB 최근5분 rows=11564 | IV커버=100.0% 이론가커버=100.0% | stream=2479 snap=9085 | 최근저장=2026-05-26 15:07:28
2026-05-27 04:08:04 [ChainSaver] 버퍼 엔트리=196 | price_ticks=392759 greeks_ticks=904190 snap_ticks=701239 | 이론가 커버리지=100.0%
2026-05-27 04:08:04 [ChainSaver] DB 최근5분 rows=11564 | IV커버=100.0% 이론가커버=100.0% | stream=2479 snap=9085 | 최근저장=2026-05-26 15:07:58
2026-05-27 04:08:34 [ChainSaver] 버퍼 엔트리=196 | price_ticks=393367 greeks_ticks=906609 snap_ticks=703871 | 이론가 커버리지=100.0%
2026-05-27 04:08:34 [ChainSaver] DB 최근5분 rows=11564 | IV커버=100.0% 이론가커버=100.0% | stream=2479 snap=9085 | 최근저장=2026-05-26 15:08:28
2026-05-27 04:09:04 [ChainSaver] 버퍼 엔트리=196 | price_ticks=393850 greeks_ticks=909001 snap_ticks=705159 | 이론가 커버리지=100.0%
2026-05-27 04:09:04 [ChainSaver] DB 최근5분 rows=11564 | IV커버=100.0% 이론가커버=100.0% | stream=2479 snap=9085 | 최근저장=2026-05-26 15:08:58
2026-05-27 04:09:34 [ChainSaver] 버퍼 엔트리=196 | price_ticks=394576 greeks_ticks=911486 snap_ticks=707371 | 이론가 커버리지=100.0%
2026-05-27 04:09:34 [ChainSaver] DB 최근5분 rows=11564 | IV커버=100.0% 이론가커버=100.0% | stream=2479 snap=9085 | 최근저장=2026-05-26 15:09:28
2026-05-27 04:10:04 [ChainSaver] 버퍼 엔트리=196 | price_ticks=395053 greeks_ticks=913874 snap_ticks=708661 | 이론가 커버리지=100.0%
2026-05-27 04:10:04 [ChainSaver] DB 최근5분 rows=11564 | IV커버=100.0% 이론가커버=100.0% | stream=2479 snap=9085 | 최근저장=2026-05-26 15:09:58
2026-05-27 04:10:34 [ChainSaver] 버퍼 엔트리=196 | price_ticks=395505 greeks_ticks=916240 snap_ticks=711265 | 이론가 커버리지=100.0%
2026-05-27 04:10:34 [ChainSaver] DB 최근5분 rows=11564 | IV커버=100.0% 이론가커버=100.0% | stream=2478 snap=9086 | 최근저장=2026-05-26 15:10:28
2026-05-27 04:11:04 [ChainSaver] 버퍼 엔트리=196 | price_ticks=396005 greeks_ticks=918671 snap_ticks=712581 | 이론가 커버리지=100.0%
2026-05-27 04:11:04 [ChainSaver] DB 최근5분 rows=11564 | IV커버=100.0% 이론가커버=100.0% | stream=2478 snap=9086 | 최근저장=2026-05-26 15:10:58
2026-05-27 04:11:34 [ChainSaver] 버퍼 엔트리=196 | price_ticks=396531 greeks_ticks=921081 snap_ticks=714769 | 이론가 커버리지=100.0%
2026-05-27 04:11:34 [ChainSaver] DB 최근5분 rows=11564 | IV커버=100.0% 이론가커버=100.0% | stream=2478 snap=9086 | 최근저장=2026-05-26 15:11:28
2026-05-27 04:12:04 [ChainSaver] 버퍼 엔트리=196 | price_ticks=397073 greeks_ticks=923512 snap_ticks=716085 | 이론가 커버리지=100.0%
2026-05-27 04:12:04 [ChainSaver] DB 최근5분 rows=11564 | IV커버=100.0% 이론가커버=100.0% | stream=2478 snap=9086 | 최근저장=2026-05-26 15:11:58
2026-05-27 04:12:34 [ChainSaver] 버퍼 엔트리=196 | price_ticks=397848 greeks_ticks=925738 snap_ticks=718621 | 이론가 커버리지=100.0%
2026-05-27 04:12:34 [ChainSaver] DB 최근5분 rows=11564 | IV커버=100.0% 이론가커버=100.0% | stream=2478 snap=9086 | 최근저장=2026-05-26 15:12:28
2026-05-27 04:13:05 [ChainSaver] 버퍼 엔트리=196 | price_ticks=398488 greeks_ticks=928235 snap_ticks=719973 | 이론가 커버리지=100.0%
2026-05-27 04:13:05 [ChainSaver] DB 최근5분 rows=11564 | IV커버=100.0% 이론가커버=100.0% | stream=2478 snap=9086 | 최근저장=2026-05-26 15:12:58
2026-05-27 04:13:34 [ChainSaver] 버퍼 엔트리=196 | price_ticks=399122 greeks_ticks=930602 snap_ticks=722129 | 이론가 커버리지=100.0%
2026-05-27 04:13:34 [ChainSaver] DB 최근5분 rows=11564 | IV커버=100.0% 이론가커버=100.0% | stream=2478 snap=9086 | 최근저장=2026-05-26 15:13:28
2026-05-27 04:14:04 [ChainSaver] 버퍼 엔트리=196 | price_ticks=399566 greeks_ticks=933046 snap_ticks=723445 | 이론가 커버리지=100.0%
2026-05-27 04:14:04 [ChainSaver] DB 최근5분 rows=11564 | IV커버=100.0% 이론가커버=100.0% | stream=2478 snap=9086 | 최근저장=2026-05-26 15:13:58
2026-05-27 04:14:34 [ChainSaver] 버퍼 엔트리=196 | price_ticks=400130 greeks_ticks=935473 snap_ticks=726077 | 이론가 커버리지=100.0%
2026-05-27 04:14:34 [ChainSaver] DB 최근5분 rows=11564 | IV커버=100.0% 이론가커버=100.0% | stream=2478 snap=9086 | 최근저장=2026-05-26 15:14:28
2026-05-27 04:15:04 [ChainSaver] 버퍼 엔트리=196 | price_ticks=400729 greeks_ticks=937860 snap_ticks=727367 | 이론가 커버리지=100.0%
2026-05-27 04:15:04 [ChainSaver] DB 최근5분 rows=11564 | IV커버=100.0% 이론가커버=100.0% | stream=2478 snap=9086 | 최근저장=2026-05-26 15:14:58
2026-05-27 04:15:34 [ChainSaver] 버퍼 엔트리=196 | price_ticks=401282 greeks_ticks=940286 snap_ticks=729551 | 이론가 커버리지=100.0%
2026-05-27 04:15:34 [ChainSaver] DB 최근5분 rows=11564 | IV커버=100.0% 이론가커버=100.0% | stream=2478 snap=9086 | 최근저장=2026-05-26 15:15:28
2026-05-27 04:16:04 [ChainSaver] 버퍼 엔트리=196 | price_ticks=401760 greeks_ticks=942578 snap_ticks=730783 | 이론가 커버리지=100.0%
2026-05-27 04:16:04 [ChainSaver] DB 최근5분 rows=11564 | IV커버=100.0% 이론가커버=100.0% | stream=2478 snap=9086 | 최근저장=2026-05-26 15:15:58
2026-05-27 04:16:34 [ChainSaver] 버퍼 엔트리=196 | price_ticks=402335 greeks_ticks=944998 snap_ticks=733414 | 이론가 커버리지=100.0%
2026-05-27 04:16:34 [ChainSaver] DB 최근5분 rows=11564 | IV커버=100.0% 이론가커버=100.0% | stream=2478 snap=9086 | 최근저장=2026-05-26 15:16:28
2026-05-27 04:17:04 [ChainSaver] 버퍼 엔트리=196 | price_ticks=403021 greeks_ticks=947392 snap_ticks=734676 | 이론가 커버리지=100.0%
2026-05-27 04:17:04 [ChainSaver] DB 최근5분 rows=11564 | IV커버=100.0% 이론가커버=100.0% | stream=2478 snap=9086 | 최근저장=2026-05-26 15:16:58
2026-05-27 04:17:34 [ChainSaver] 버퍼 엔트리=196 | price_ticks=403590 greeks_ticks=949682 snap_ticks=736802 | 이론가 커버리지=100.0%
2026-05-27 04:17:34 [ChainSaver] DB 최근5분 rows=11564 | IV커버=100.0% 이론가커버=100.0% | stream=2478 snap=9086 | 최근저장=2026-05-26 15:17:28
2026-05-27 04:18:04 [ChainSaver] 버퍼 엔트리=196 | price_ticks=404138 greeks_ticks=952125 snap_ticks=738094 | 이론가 커버리지=100.0%
2026-05-27 04:18:04 [ChainSaver] DB 최근5분 rows=11564 | IV커버=100.0% 이론가커버=100.0% | stream=2478 snap=9086 | 최근저장=2026-05-26 15:17:58
2026-05-27 04:18:34 [ChainSaver] 버퍼 엔트리=196 | price_ticks=404626 greeks_ticks=954503 snap_ticks=740723 | 이론가 커버리지=100.0%
2026-05-27 04:18:34 [ChainSaver] DB 최근5분 rows=11564 | IV커버=100.0% 이론가커버=100.0% | stream=2478 snap=9086 | 최근저장=2026-05-26 15:18:28
2026-05-27 04:19:04 [ChainSaver] 버퍼 엔트리=196 | price_ticks=405133 greeks_ticks=956493 snap_ticks=741761 | 이론가 커버리지=100.0%
2026-05-27 04:19:04 [ChainSaver] DB 최근5분 rows=11564 | IV커버=100.0% 이론가커버=100.0% | stream=2478 snap=9086 | 최근저장=2026-05-26 15:18:58
2026-05-27 04:19:34 [ChainSaver] 버퍼 엔트리=196 | price_ticks=405567 greeks_ticks=958919 snap_ticks=743971 | 이론가 커버리지=100.0%
2026-05-27 04:19:34 [ChainSaver] DB 최근5분 rows=11564 | IV커버=100.0% 이론가커버=100.0% | stream=2478 snap=9086 | 최근저장=2026-05-26 15:19:28
2026-05-27 04:20:04 [ChainSaver] 버퍼 엔트리=196 | price_ticks=406106 greeks_ticks=960883 snap_ticks=745009 | 이론가 커버리지=100.0%
2026-05-27 04:20:04 [ChainSaver] DB 최근5분 rows=11564 | IV커버=100.0% 이론가커버=100.0% | stream=2478 snap=9086 | 최근저장=2026-05-26 15:19:58
2026-05-27 04:20:34 [ChainSaver] 버퍼 엔트리=196 | price_ticks=406579 greeks_ticks=963257 snap_ticks=747639 | 이론가 커버리지=100.0%
2026-05-27 04:20:34 [ChainSaver] DB 최근5분 rows=11564 | IV커버=100.0% 이론가커버=100.0% | stream=2478 snap=9086 | 최근저장=2026-05-26 15:20:28
2026-05-27 04:21:04 [ChainSaver] 버퍼 엔트리=196 | price_ticks=406965 greeks_ticks=965670 snap_ticks=748927 | 이론가 커버리지=100.0%
2026-05-27 04:21:04 [ChainSaver] DB 최근5분 rows=11564 | IV커버=100.0% 이론가커버=100.0% | stream=2478 snap=9086 | 최근저장=2026-05-26 15:20:58
2026-05-27 04:21:34 [ChainSaver] 버퍼 엔트리=196 | price_ticks=407594 greeks_ticks=968121 snap_ticks=751137 | 이론가 커버리지=100.0%
2026-05-27 04:21:34 [ChainSaver] DB 최근5분 rows=11564 | IV커버=100.0% 이론가커버=100.0% | stream=2478 snap=9086 | 최근저장=2026-05-26 15:21:28
2026-05-27 04:22:04 [ChainSaver] 버퍼 엔트리=196 | price_ticks=408003 greeks_ticks=970485 snap_ticks=752399 | 이론가 커버리지=100.0%
2026-05-27 04:22:04 [ChainSaver] DB 최근5분 rows=11564 | IV커버=100.0% 이론가커버=100.0% | stream=2478 snap=9086 | 최근저장=2026-05-26 15:21:58
2026-05-27 04:22:34 [ChainSaver] 버퍼 엔트리=196 | price_ticks=408551 greeks_ticks=972920 snap_ticks=755059 | 이론가 커버리지=100.0%
2026-05-27 04:22:34 [ChainSaver] DB 최근5분 rows=11564 | IV커버=100.0% 이론가커버=100.0% | stream=2478 snap=9086 | 최근저장=2026-05-26 15:22:28
2026-05-27 04:23:04 [ChainSaver] 버퍼 엔트리=196 | price_ticks=408969 greeks_ticks=975185 snap_ticks=756263 | 이론가 커버리지=100.0%
2026-05-27 04:23:04 [ChainSaver] DB 최근5분 rows=11564 | IV커버=100.0% 이론가커버=100.0% | stream=2478 snap=9086 | 최근저장=2026-05-26 15:22:58
2026-05-27 04:23:34 [ChainSaver] 버퍼 엔트리=196 | price_ticks=409452 greeks_ticks=977619 snap_ticks=758475 | 이론가 커버리지=100.0%
2026-05-27 04:23:34 [ChainSaver] DB 최근5분 rows=11564 | IV커버=100.0% 이론가커버=100.0% | stream=2478 snap=9086 | 최근저장=2026-05-26 15:23:28
2026-05-27 04:24:04 [ChainSaver] 버퍼 엔트리=196 | price_ticks=409973 greeks_ticks=979990 snap_ticks=759735 | 이론가 커버리지=100.0%
2026-05-27 04:24:04 [ChainSaver] DB 최근5분 rows=11564 | IV커버=100.0% 이론가커버=100.0% | stream=2478 snap=9086 | 최근저장=2026-05-26 15:23:58
2026-05-27 04:24:34 [ChainSaver] 버퍼 엔트리=196 | price_ticks=410406 greeks_ticks=982325 snap_ticks=762337 | 이론가 커버리지=100.0%
2026-05-27 04:24:34 [ChainSaver] DB 최근5분 rows=11564 | IV커버=100.0% 이론가커버=100.0% | stream=2478 snap=9086 | 최근저장=2026-05-26 15:24:28
2026-05-27 04:25:04 [ChainSaver] 버퍼 엔트리=196 | price_ticks=410984 greeks_ticks=984700 snap_ticks=763597 | 이론가 커버리지=100.0%
2026-05-27 04:25:04 [ChainSaver] DB 최근5분 rows=11564 | IV커버=100.0% 이론가커버=100.0% | stream=2478 snap=9086 | 최근저장=2026-05-26 15:24:58
2026-05-27 04:25:34 [ChainSaver] 버퍼 엔트리=196 | price_ticks=411457 greeks_ticks=986928 snap_ticks=765697 | 이론가 커버리지=100.0%
2026-05-27 04:25:34 [ChainSaver] DB 최근5분 rows=11564 | IV커버=100.0% 이론가커버=100.0% | stream=2478 snap=9086 | 최근저장=2026-05-26 15:25:28
2026-05-27 04:26:04 [ChainSaver] 버퍼 엔트리=196 | price_ticks=411856 greeks_ticks=989397 snap_ticks=767013 | 이론가 커버리지=100.0%
2026-05-27 04:26:04 [ChainSaver] DB 최근5분 rows=11564 | IV커버=100.0% 이론가커버=100.0% | stream=2478 snap=9086 | 최근저장=2026-05-26 15:25:58
2026-05-27 04:26:34 [ChainSaver] 버퍼 엔트리=196 | price_ticks=412225 greeks_ticks=991621 snap_ticks=769561 | 이론가 커버리지=100.0%
2026-05-27 04:26:34 [ChainSaver] DB 최근5분 rows=11564 | IV커버=100.0% 이론가커버=100.0% | stream=2478 snap=9086 | 최근저장=2026-05-26 15:26:28
2026-05-27 04:27:04 [ChainSaver] 버퍼 엔트리=196 | price_ticks=412551 greeks_ticks=994032 snap_ticks=770849 | 이론가 커버리지=100.0%
2026-05-27 04:27:04 [ChainSaver] DB 최근5분 rows=11564 | IV커버=100.0% 이론가커버=100.0% | stream=2478 snap=9086 | 최근저장=2026-05-26 15:26:58
2026-05-27 04:27:34 [ChainSaver] 버퍼 엔트리=196 | price_ticks=413082 greeks_ticks=996263 snap_ticks=772949 | 이론가 커버리지=100.0%
2026-05-27 04:27:34 [ChainSaver] DB 최근5분 rows=11564 | IV커버=100.0% 이론가커버=100.0% | stream=2478 snap=9086 | 최근저장=2026-05-26 15:27:28
2026-05-27 04:28:04 [ChainSaver] 버퍼 엔트리=196 | price_ticks=413520 greeks_ticks=998740 snap_ticks=774265 | 이론가 커버리지=100.0%
2026-05-27 04:28:04 [ChainSaver] DB 최근5분 rows=11564 | IV커버=100.0% 이론가커버=100.0% | stream=2478 snap=9086 | 최근저장=2026-05-26 15:27:58
2026-05-27 04:28:34 [ChainSaver] 버퍼 엔트리=197 | price_ticks=413920 greeks_ticks=1000823 snap_ticks=776729 | 이론가 커버리지=100.0%
2026-05-27 04:28:34 [ChainSaver] DB 최근5분 rows=11564 | IV커버=100.0% 이론가커버=100.0% | stream=2478 snap=9086 | 최근저장=2026-05-26 15:28:28
2026-05-27 04:29:04 [ChainSaver] 버퍼 엔트리=197 | price_ticks=414925 greeks_ticks=1003064 snap_ticks=778155 | 이론가 커버리지=100.0%
2026-05-27 04:29:04 [ChainSaver] DB 최근5분 rows=11569 | IV커버=100.0% 이론가커버=100.0% | stream=2677 snap=8892 | 최근저장=2026-05-26 15:28:58
2026-05-27 04:29:34 [ChainSaver] 버퍼 엔트리=197 | price_ticks=415814 greeks_ticks=1005499 snap_ticks=780453 | 이론가 커버리지=100.0%
2026-05-27 04:29:34 [ChainSaver] DB 최근5분 rows=11575 | IV커버=100.0% 이론가커버=100.0% | stream=2944 snap=8631 | 최근저장=2026-05-26 15:29:28
2026-05-27 04:30:04 [ChainSaver] 버퍼 엔트리=197 | price_ticks=416813 greeks_ticks=1007900 snap_ticks=781841 | 이론가 커버리지=100.0%
2026-05-27 04:30:04 [ChainSaver] DB 최근5분 rows=11581 | IV커버=100.0% 이론가커버=100.0% | stream=3210 snap=8371 | 최근저장=2026-05-26 15:29:58
2026-05-27 04:30:34 [ChainSaver] 버퍼 엔트리=197 | price_ticks=418187 greeks_ticks=1010331 snap_ticks=784689 | 이론가 커버리지=100.0%
2026-05-27 04:30:34 [ChainSaver] DB 최근5분 rows=11587 | IV커버=100.0% 이론가커버=100.0% | stream=3454 snap=8133 | 최근저장=2026-05-26 15:30:28
2026-05-27 04:31:04 [ChainSaver] 버퍼 엔트리=197 | price_ticks=419512 greeks_ticks=1012547 snap_ticks=785991 | 이론가 커버리지=100.0%
2026-05-27 04:31:04 [ChainSaver] DB 최근5분 rows=11593 | IV커버=100.0% 이론가커버=100.0% | stream=3725 snap=7868 | 최근저장=2026-05-26 15:30:58
2026-05-27 04:31:34 [ChainSaver] 버퍼 엔트리=197 | price_ticks=420541 greeks_ticks=1014856 snap_ticks=788225 | 이론가 커버리지=100.0%
2026-05-27 04:31:34 [ChainSaver] DB 최근5분 rows=11599 | IV커버=100.0% 이론가커버=100.0% | stream=3996 snap=7603 | 최근저장=2026-05-26 15:31:28
2026-05-27 04:32:04 [ChainSaver] 버퍼 엔트리=197 | price_ticks=421535 greeks_ticks=1017267 snap_ticks=789697 | 이론가 커버리지=100.0%
2026-05-27 04:32:04 [ChainSaver] DB 최근5분 rows=11605 | IV커버=100.0% 이론가커버=100.0% | stream=4271 snap=7334 | 최근저장=2026-05-26 15:31:58
2026-05-27 04:32:34 [ChainSaver] 버퍼 엔트리=197 | price_ticks=422614 greeks_ticks=1019642 snap_ticks=792515 | 이론가 커버리지=100.0%
2026-05-27 04:32:34 [ChainSaver] DB 최근5분 rows=11611 | IV커버=100.0% 이론가커버=100.0% | stream=4517 snap=7094 | 최근저장=2026-05-26 15:32:28
2026-05-27 04:33:04 [ChainSaver] 버퍼 엔트리=197 | price_ticks=423557 greeks_ticks=1021635 snap_ticks=793685 | 이론가 커버리지=100.0%
2026-05-27 04:33:04 [ChainSaver] DB 최근5분 rows=11617 | IV커버=100.0% 이론가커버=100.0% | stream=4786 snap=6831 | 최근저장=2026-05-26 15:32:58
2026-05-27 04:33:34 [ChainSaver] 버퍼 엔트리=197 | price_ticks=424308 greeks_ticks=1024055 snap_ticks=795961 | 이론가 커버리지=100.0%
2026-05-27 04:33:34 [ChainSaver] DB 최근5분 rows=11623 | IV커버=100.0% 이론가커버=100.0% | stream=5051 snap=6572 | 최근저장=2026-05-26 15:33:28
2026-05-27 04:34:04 [ChainSaver] 버퍼 엔트리=197 | price_ticks=424966 greeks_ticks=1026466 snap_ticks=797335 | 이론가 커버리지=100.0%
2026-05-27 04:34:04 [ChainSaver] DB 최근5분 rows=11623 | IV커버=100.0% 이론가커버=100.0% | stream=5076 snap=6547 | 최근저장=2026-05-26 15:33:58
2026-05-27 04:34:34 [ChainSaver] 버퍼 엔트리=197 | price_ticks=426264 greeks_ticks=1028689 snap_ticks=800137 | 이론가 커버리지=100.0%
2026-05-27 04:34:34 [ChainSaver] DB 최근5분 rows=11623 | IV커버=100.0% 이론가커버=100.0% | stream=5046 snap=6577 | 최근저장=2026-05-26 15:34:28
2026-05-27 04:35:04 [ChainSaver] 버퍼 엔트리=197 | price_ticks=427707 greeks_ticks=1031154 snap_ticks=801679 | 이론가 커버리지=100.0%
2026-05-27 04:35:04 [ChainSaver] DB 최근5분 rows=11623 | IV커버=100.0% 이론가커버=100.0% | stream=5043 snap=6580 | 최근저장=2026-05-26 15:34:58
2026-05-27 04:35:34 [ChainSaver] 버퍼 엔트리=197 | price_ticks=428748 greeks_ticks=1033519 snap_ticks=803975 | 이론가 커버리지=100.0%
2026-05-27 04:35:34 [ChainSaver] DB 최근5분 rows=11623 | IV커버=100.0% 이론가커버=100.0% | stream=5066 snap=6557 | 최근저장=2026-05-26 15:35:28
2026-05-27 04:36:04 [ChainSaver] 버퍼 엔트리=197 | price_ticks=429602 greeks_ticks=1035929 snap_ticks=805381 | 이론가 커버리지=100.0%
2026-05-27 04:36:04 [ChainSaver] DB 최근5분 rows=11623 | IV커버=100.0% 이론가커버=100.0% | stream=5063 snap=6560 | 최근저장=2026-05-26 15:35:58
2026-05-27 04:36:34 [ChainSaver] 버퍼 엔트리=197 | price_ticks=431869 greeks_ticks=1038305 snap_ticks=808361 | 이론가 커버리지=100.0%
2026-05-27 04:36:34 [ChainSaver] DB 최근5분 rows=11623 | IV커버=100.0% 이론가커버=100.0% | stream=5053 snap=6570 | 최근저장=2026-05-26 15:36:28
2026-05-27 04:37:04 [ChainSaver] 버퍼 엔트리=197 | price_ticks=432880 greeks_ticks=1040635 snap_ticks=809729 | 이론가 커버리지=100.0%
2026-05-27 04:37:04 [ChainSaver] DB 최근5분 rows=11623 | IV커버=100.0% 이론가커버=100.0% | stream=5049 snap=6574 | 최근저장=2026-05-26 15:36:58
2026-05-27 04:37:34 [ChainSaver] 버퍼 엔트리=197 | price_ticks=433977 greeks_ticks=1042968 snap_ticks=811955 | 이론가 커버리지=100.0%
2026-05-27 04:37:34 [ChainSaver] DB 최근5분 rows=11623 | IV커버=100.0% 이론가커버=100.0% | stream=5075 snap=6548 | 최근저장=2026-05-26 15:37:28
2026-05-27 04:38:04 [ChainSaver] 버퍼 엔트리=197 | price_ticks=435032 greeks_ticks=1045324 snap_ticks=813335 | 이론가 커버리지=100.0%
2026-05-27 04:38:04 [ChainSaver] DB 최근5분 rows=11623 | IV커버=100.0% 이론가커버=100.0% | stream=5074 snap=6549 | 최근저장=2026-05-26 15:37:58
2026-05-27 04:38:34 [ChainSaver] 버퍼 엔트리=197 | price_ticks=436242 greeks_ticks=1047753 snap_ticks=816217 | 이론가 커버리지=100.0%
2026-05-27 04:38:34 [ChainSaver] DB 최근5분 rows=11623 | IV커버=100.0% 이론가커버=100.0% | stream=5064 snap=6559 | 최근저장=2026-05-26 15:38:28
2026-05-27 04:39:04 [ChainSaver] 버퍼 엔트리=197 | price_ticks=437590 greeks_ticks=1050162 snap_ticks=817755 | 이론가 커버리지=100.0%
2026-05-27 04:39:04 [ChainSaver] DB 최근5분 rows=11623 | IV커버=100.0% 이론가커버=100.0% | stream=5062 snap=6561 | 최근저장=2026-05-26 15:38:58
2026-05-27 04:39:34 [ChainSaver] 버퍼 엔트리=197 | price_ticks=438572 greeks_ticks=1052589 snap_ticks=820113 | 이론가 커버리지=100.0%
2026-05-27 04:39:34 [ChainSaver] DB 최근5분 rows=11623 | IV커버=100.0% 이론가커버=100.0% | stream=5095 snap=6528 | 최근저장=2026-05-26 15:39:28
2026-05-27 04:40:04 [ChainSaver] 버퍼 엔트리=197 | price_ticks=439923 greeks_ticks=1054945 snap_ticks=821609 | 이론가 커버리지=100.0%
2026-05-27 04:40:04 [ChainSaver] DB 최근5분 rows=11623 | IV커버=100.0% 이론가커버=100.0% | stream=5097 snap=6526 | 최근저장=2026-05-26 15:39:58
2026-05-27 04:40:34 [ChainSaver] 버퍼 엔트리=197 | price_ticks=441331 greeks_ticks=1057332 snap_ticks=824485 | 이론가 커버리지=100.0%
2026-05-27 04:40:34 [ChainSaver] DB 최근5분 rows=11623 | IV커버=100.0% 이론가커버=100.0% | stream=5055 snap=6568 | 최근저장=2026-05-26 15:40:28
2026-05-27 04:41:04 [ChainSaver] 버퍼 엔트리=197 | price_ticks=442426 greeks_ticks=1059739 snap_ticks=825885 | 이론가 커버리지=100.0%
2026-05-27 04:41:04 [ChainSaver] DB 최근5분 rows=11623 | IV커버=100.0% 이론가커버=100.0% | stream=5057 snap=6566 | 최근저장=2026-05-26 15:40:58
2026-05-27 04:41:34 [ChainSaver] 버퍼 엔트리=197 | price_ticks=443688 greeks_ticks=1062116 snap_ticks=828223 | 이론가 커버리지=100.0%
2026-05-27 04:41:34 [ChainSaver] DB 최근5분 rows=11623 | IV커버=100.0% 이론가커버=100.0% | stream=5065 snap=6558 | 최근저장=2026-05-26 15:41:28
2026-05-27 04:42:04 [ChainSaver] 버퍼 엔트리=197 | price_ticks=444854 greeks_ticks=1064523 snap_ticks=829603 | 이론가 커버리지=100.0%
2026-05-27 04:42:04 [ChainSaver] DB 최근5분 rows=11623 | IV커버=100.0% 이론가커버=100.0% | stream=5065 snap=6558 | 최근저장=2026-05-26 15:41:58
2026-05-27 04:42:34 [ChainSaver] 버퍼 엔트리=197 | price_ticks=446262 greeks_ticks=1066842 snap_ticks=832381 | 이론가 커버리지=100.0%
2026-05-27 04:42:34 [ChainSaver] DB 최근5분 rows=11623 | IV커버=100.0% 이론가커버=100.0% | stream=5042 snap=6581 | 최근저장=2026-05-26 15:42:28
2026-05-27 04:43:04 [ChainSaver] 버퍼 엔트리=197 | price_ticks=447397 greeks_ticks=1069096 snap_ticks=833727 | 이론가 커버리지=100.0%
2026-05-27 04:43:04 [ChainSaver] DB 최근5분 rows=11623 | IV커버=100.0% 이론가커버=100.0% | stream=5042 snap=6581 | 최근저장=2026-05-26 15:42:58
2026-05-27 04:43:34 [ChainSaver] 버퍼 엔트리=197 | price_ticks=448286 greeks_ticks=1071336 snap_ticks=835929 | 이론가 커버리지=100.0%
2026-05-27 04:43:34 [ChainSaver] DB 최근5분 rows=11623 | IV커버=100.0% 이론가커버=100.0% | stream=5056 snap=6567 | 최근저장=2026-05-26 15:43:28
2026-05-27 04:44:04 [ChainSaver] 버퍼 엔트리=197 | price_ticks=449099 greeks_ticks=1073797 snap_ticks=837313 | 이론가 커버리지=100.0%
2026-05-27 04:44:04 [ChainSaver] DB 최근5분 rows=11623 | IV커버=100.0% 이론가커버=100.0% | stream=5056 snap=6567 | 최근저장=2026-05-26 15:43:58
2026-05-27 04:44:34 [ChainSaver] 버퍼 엔트리=197 | price_ticks=450472 greeks_ticks=1076172 snap_ticks=840219 | 이론가 커버리지=100.0%
2026-05-27 04:44:34 [ChainSaver] DB 최근5분 rows=11623 | IV커버=100.0% 이론가커버=100.0% | stream=5051 snap=6572 | 최근저장=2026-05-26 15:44:28
2026-05-27 04:45:04 [ChainSaver] 버퍼 엔트리=197 | price_ticks=451538 greeks_ticks=1078530 snap_ticks=841689 | 이론가 커버리지=100.0%
2026-05-27 04:45:04 [ChainSaver] DB 최근5분 rows=11623 | IV커버=100.0% 이론가커버=100.0% | stream=5049 snap=6574 | 최근저장=2026-05-26 15:44:58
2026-05-27 04:45:34 [ChainSaver] 버퍼 엔트리=197 | price_ticks=453471 greeks_ticks=1080955 snap_ticks=844149 | 이론가 커버리지=100.0%
2026-05-27 04:45:34 [ChainSaver] DB 최근5분 rows=11623 | IV커버=100.0% 이론가커버=100.0% | stream=5104 snap=6519 | 최근저장=2026-05-26 15:45:28
2026-05-27 04:46:04 [ChainSaver] 버퍼 엔트리=197 | price_ticks=454588 greeks_ticks=1083366 snap_ticks=845597 | 이론가 커버리지=100.0%
2026-05-27 04:46:04 [ChainSaver] DB 최근5분 rows=11623 | IV커버=100.0% 이론가커버=100.0% | stream=5107 snap=6516 | 최근저장=2026-05-26 15:45:58
2026-05-27 04:46:34 [ChainSaver] 버퍼 엔트리=201 | price_ticks=455987 greeks_ticks=1085787 snap_ticks=848523 | 이론가 커버리지=100.0%
2026-05-27 04:46:34 [ChainSaver] DB 최근5분 rows=11643 | IV커버=100.0% 이론가커버=100.0% | stream=5102 snap=6541 | 최근저장=2026-05-26 15:46:28
2026-05-27 04:47:04 [ChainSaver] 버퍼 엔트리=201 | price_ticks=457440 greeks_ticks=1088150 snap_ticks=849985 | 이론가 커버리지=100.0%
2026-05-27 04:47:04 [ChainSaver] DB 최근5분 rows=11667 | IV커버=100.0% 이론가커버=100.0% | stream=5104 snap=6563 | 최근저장=2026-05-26 15:46:58
2026-05-27 04:47:34 [ChainSaver] 버퍼 엔트리=201 | price_ticks=458245 greeks_ticks=1090278 snap_ticks=852137 | 이론가 커버리지=100.0%
2026-05-27 04:47:34 [ChainSaver] DB 최근5분 rows=11691 | IV커버=100.0% 이론가커버=100.0% | stream=5122 snap=6569 | 최근저장=2026-05-26 15:47:28
2026-05-27 04:48:04 [ChainSaver] 버퍼 엔트리=201 | price_ticks=458964 greeks_ticks=1092703 snap_ticks=853547 | 이론가 커버리지=100.0%
2026-05-27 04:48:04 [ChainSaver] DB 최근5분 rows=11715 | IV커버=100.0% 이론가커버=100.0% | stream=5122 snap=6593 | 최근저장=2026-05-26 15:47:58
2026-05-27 04:48:34 [ChainSaver] 버퍼 엔트리=201 | price_ticks=459939 greeks_ticks=1095063 snap_ticks=856355 | 이론가 커버리지=100.0%
2026-05-27 04:48:34 [ChainSaver] DB 최근5분 rows=11739 | IV커버=100.0% 이론가커버=100.0% | stream=5099 snap=6640 | 최근저장=2026-05-26 15:48:28
2026-05-27 04:49:04 [ChainSaver] 버퍼 엔트리=201 | price_ticks=461145 greeks_ticks=1097485 snap_ticks=857829 | 이론가 커버리지=100.0%
2026-05-27 04:49:04 [ChainSaver] DB 최근5분 rows=11763 | IV커버=100.0% 이론가커버=100.0% | stream=5101 snap=6662 | 최근저장=2026-05-26 15:48:58
2026-05-27 04:49:34 [ChainSaver] 버퍼 엔트리=201 | price_ticks=462260 greeks_ticks=1099894 snap_ticks=860167 | 이론가 커버리지=100.0%
2026-05-27 04:49:34 [ChainSaver] DB 최근5분 rows=11787 | IV커버=100.0% 이론가커버=100.0% | stream=5108 snap=6679 | 최근저장=2026-05-26 15:49:28
2026-05-27 04:50:04 [ChainSaver] 버퍼 엔트리=201 | price_ticks=465076 greeks_ticks=1102274 snap_ticks=861973 | 이론가 커버리지=100.0%
2026-05-27 04:50:04 [ChainSaver] DB 최근5분 rows=11811 | IV커버=100.0% 이론가커버=100.0% | stream=5107 snap=6704 | 최근저장=2026-05-26 15:49:58
2026-05-27 04:50:34 [ChainSaver] 버퍼 엔트리=201 | price_ticks=468251 greeks_ticks=1104583 snap_ticks=865133 | 이론가 커버리지=100.0%
2026-05-27 04:50:34 [ChainSaver] DB 최근5분 rows=11835 | IV커버=100.0% 이론가커버=100.0% | stream=5100 snap=6735 | 최근저장=2026-05-26 15:50:28
2026-05-27 04:51:04 [ChainSaver] 버퍼 엔트리=201 | price_ticks=470461 greeks_ticks=1107011 snap_ticks=866823 | 이론가 커버리지=100.0%
2026-05-27 04:51:04 [ChainSaver] DB 최근5분 rows=11859 | IV커버=100.0% 이론가커버=100.0% | stream=5106 snap=6753 | 최근저장=2026-05-26 15:50:58
2026-05-27 04:51:34 [ChainSaver] 버퍼 엔트리=201 | price_ticks=472124 greeks_ticks=1109413 snap_ticks=869211 | 이론가 커버리지=100.0%
2026-05-27 04:51:34 [ChainSaver] DB 최근5분 rows=11859 | IV커버=100.0% 이론가커버=100.0% | stream=5114 snap=6745 | 최근저장=2026-05-26 15:51:28
2026-05-27 04:52:04 [ChainSaver] 버퍼 엔트리=201 | price_ticks=473280 greeks_ticks=1111697 snap_ticks=870583 | 이론가 커버리지=100.0%
2026-05-27 04:52:04 [ChainSaver] DB 최근5분 rows=11859 | IV커버=100.0% 이론가커버=100.0% | stream=5116 snap=6743 | 최근저장=2026-05-26 15:51:58
2026-05-27 04:52:34 [ChainSaver] 버퍼 엔트리=201 | price_ticks=474724 greeks_ticks=1114053 snap_ticks=873475 | 이론가 커버리지=100.0%
2026-05-27 04:52:34 [ChainSaver] DB 최근5분 rows=11859 | IV커버=100.0% 이론가커버=100.0% | stream=5111 snap=6748 | 최근저장=2026-05-26 15:52:28
2026-05-27 04:53:04 [ChainSaver] 버퍼 엔트리=201 | price_ticks=475972 greeks_ticks=1116538 snap_ticks=875011 | 이론가 커버리지=100.0%
2026-05-27 04:53:04 [ChainSaver] DB 최근5분 rows=11859 | IV커버=100.0% 이론가커버=100.0% | stream=5110 snap=6749 | 최근저장=2026-05-26 15:52:58
2026-05-27 04:53:34 [ChainSaver] 버퍼 엔트리=201 | price_ticks=477513 greeks_ticks=1118891 snap_ticks=877443 | 이론가 커버리지=100.0%
2026-05-27 04:53:34 [ChainSaver] DB 최근5분 rows=11859 | IV커버=100.0% 이론가커버=100.0% | stream=5137 snap=6722 | 최근저장=2026-05-26 15:53:28
2026-05-27 04:54:04 [ChainSaver] 버퍼 엔트리=201 | price_ticks=478803 greeks_ticks=1121323 snap_ticks=878899 | 이론가 커버리지=100.0%
2026-05-27 04:54:04 [ChainSaver] DB 최근5분 rows=11859 | IV커버=100.0% 이론가커버=100.0% | stream=5135 snap=6724 | 최근저장=2026-05-26 15:53:58
2026-05-27 04:54:34 [ChainSaver] 버퍼 엔트리=201 | price_ticks=480784 greeks_ticks=1123739 snap_ticks=881983 | 이론가 커버리지=100.0%
2026-05-27 04:54:34 [ChainSaver] DB 최근5분 rows=11859 | IV커버=100.0% 이론가커버=100.0% | stream=5104 snap=6755 | 최근저장=2026-05-26 15:54:28
2026-05-27 04:55:04 [ChainSaver] 버퍼 엔트리=201 | price_ticks=483202 greeks_ticks=1126156 snap_ticks=883709 | 이론가 커버리지=100.0%
2026-05-27 04:55:04 [ChainSaver] DB 최근5분 rows=11859 | IV커버=100.0% 이론가커버=100.0% | stream=5098 snap=6761 | 최근저장=2026-05-26 15:54:58
2026-05-27 04:55:34 [ChainSaver] 버퍼 엔트리=201 | price_ticks=485526 greeks_ticks=1128514 snap_ticks=886233 | 이론가 커버리지=100.0%
2026-05-27 04:55:34 [ChainSaver] DB 최근5분 rows=11859 | IV커버=100.0% 이론가커버=100.0% | stream=5095 snap=6764 | 최근저장=2026-05-26 15:55:28
2026-05-27 04:56:04 [ChainSaver] 버퍼 엔트리=201 | price_ticks=487086 greeks_ticks=1130940 snap_ticks=887751 | 이론가 커버리지=100.0%
2026-05-27 04:56:04 [ChainSaver] DB 최근5분 rows=11859 | IV커버=100.0% 이론가커버=100.0% | stream=5092 snap=6767 | 최근저장=2026-05-26 15:55:58
2026-05-27 04:56:34 [ChainSaver] 버퍼 엔트리=201 | price_ticks=488852 greeks_ticks=1133351 snap_ticks=890705 | 이론가 커버리지=100.0%
2026-05-27 04:56:34 [ChainSaver] DB 최근5분 rows=11859 | IV커버=100.0% 이론가커버=100.0% | stream=5084 snap=6775 | 최근저장=2026-05-26 15:56:28
2026-05-27 04:57:04 [ChainSaver] 버퍼 엔트리=201 | price_ticks=490557 greeks_ticks=1135579 snap_ticks=892247 | 이론가 커버리지=100.0%
2026-05-27 04:57:04 [ChainSaver] DB 최근5분 rows=11859 | IV커버=100.0% 이론가커버=100.0% | stream=5085 snap=6774 | 최근저장=2026-05-26 15:56:58
2026-05-27 04:57:34 [ChainSaver] 버퍼 엔트리=201 | price_ticks=492025 greeks_ticks=1137987 snap_ticks=894615 | 이론가 커버리지=100.0%
2026-05-27 04:57:34 [ChainSaver] DB 최근5분 rows=11859 | IV커버=100.0% 이론가커버=100.0% | stream=5095 snap=6764 | 최근저장=2026-05-26 15:57:28
2026-05-27 04:58:04 [ChainSaver] 버퍼 엔트리=201 | price_ticks=493550 greeks_ticks=1140267 snap_ticks=896177 | 이론가 커버리지=100.0%
2026-05-27 04:58:04 [ChainSaver] DB 최근5분 rows=11859 | IV커버=100.0% 이론가커버=100.0% | stream=5097 snap=6762 | 최근저장=2026-05-26 15:57:58
2026-05-27 04:58:34 [ChainSaver] 버퍼 엔트리=201 | price_ticks=496222 greeks_ticks=1142488 snap_ticks=899221 | 이론가 커버리지=100.0%
2026-05-27 04:58:34 [ChainSaver] DB 최근5분 rows=11859 | IV커버=100.0% 이론가커버=100.0% | stream=5092 snap=6767 | 최근저장=2026-05-26 15:58:28
2026-05-27 04:59:04 [ChainSaver] 버퍼 엔트리=201 | price_ticks=498846 greeks_ticks=1144839 snap_ticks=900913 | 이론가 커버리지=100.0%
2026-05-27 04:59:04 [ChainSaver] DB 최근5분 rows=11859 | IV커버=100.0% 이론가커버=100.0% | stream=5109 snap=6750 | 최근저장=2026-05-26 15:58:58
2026-05-27 04:59:34 [ChainSaver] 버퍼 엔트리=201 | price_ticks=502792 greeks_ticks=1147085 snap_ticks=903603 | 이론가 커버리지=100.0%
2026-05-27 04:59:34 [ChainSaver] DB 최근5분 rows=11859 | IV커버=100.0% 이론가커버=100.0% | stream=5145 snap=6714 | 최근저장=2026-05-26 15:59:28
2026-05-27 05:00:04 [ChainSaver] 버퍼 엔트리=201 | price_ticks=508882 greeks_ticks=1149391 snap_ticks=905763 | 이론가 커버리지=100.0%
2026-05-27 05:00:04 [ChainSaver] DB 최근5분 rows=11859 | IV커버=100.0% 이론가커버=100.0% | stream=5146 snap=6713 | 최근저장=2026-05-26 15:59:58
2026-05-27 05:00:34 [ChainSaver] 버퍼 엔트리=201 | price_ticks=512281 greeks_ticks=1151539 snap_ticks=907381 | 이론가 커버리지=100.0%
2026-05-27 05:00:34 [ChainSaver] DB 최근5분 rows=10653 | IV커버=100.0% 이론가커버=100.0% | stream=4623 snap=6030 | 최근저장=2026-05-26 15:59:58
2026-05-27 05:01:04 [ChainSaver] 버퍼 엔트리=201 | price_ticks=514315 greeks_ticks=1153539 snap_ticks=908705 | 이론가 커버리지=100.0%
2026-05-27 05:01:04 [ChainSaver] DB 최근5분 rows=9447 | IV커버=100.0% 이론가커버=100.0% | stream=4100 snap=5347 | 최근저장=2026-05-26 15:59:58
2026-05-27 05:01:34 [ChainSaver] 버퍼 엔트리=201 | price_ticks=515705 greeks_ticks=1155202 snap_ticks=909769 | 이론가 커버리지=100.0%
2026-05-27 05:01:34 [ChainSaver] DB 최근5분 rows=8241 | IV커버=100.0% 이론가커버=100.0% | stream=3590 snap=4651 | 최근저장=2026-05-26 15:59:58
2026-05-27 05:02:04 [ChainSaver] 버퍼 엔트리=201 | price_ticks=517098 greeks_ticks=1157096 snap_ticks=910903 | 이론가 커버리지=100.0%
2026-05-27 05:02:04 [ChainSaver] DB 최근5분 rows=7035 | IV커버=100.0% 이론가커버=100.0% | stream=3062 snap=3973 | 최근저장=2026-05-26 15:59:58
2026-05-27 05:02:34 [ChainSaver] 버퍼 엔트리=201 | price_ticks=518052 greeks_ticks=1158133 snap_ticks=911549 | 이론가 커버리지=100.0%
2026-05-27 05:02:34 [ChainSaver] DB 최근5분 rows=5829 | IV커버=100.0% 이론가커버=100.0% | stream=2543 snap=3286 | 최근저장=2026-05-26 15:59:58
2026-05-27 05:03:04 [ChainSaver] 버퍼 엔트리=201 | price_ticks=519038 greeks_ticks=1159745 snap_ticks=912453 | 이론가 커버리지=100.0%
2026-05-27 05:03:04 [ChainSaver] DB 최근5분 rows=4623 | IV커버=100.0% 이론가커버=100.0% | stream=2016 snap=2607 | 최근저장=2026-05-26 15:59:58
2026-05-27 05:03:34 [ChainSaver] 버퍼 엔트리=201 | price_ticks=519692 greeks_ticks=1161123 snap_ticks=913259 | 이론가 커버리지=100.0%
2026-05-27 05:03:34 [ChainSaver] DB 최근5분 rows=3417 | IV커버=100.0% 이론가커버=100.0% | stream=1496 snap=1921 | 최근저장=2026-05-26 15:59:58
2026-05-27 05:04:04 [ChainSaver] 버퍼 엔트리=201 | price_ticks=520686 greeks_ticks=1162660 snap_ticks=914127 | 이론가 커버리지=100.0%
2026-05-27 05:04:04 [ChainSaver] DB 최근5분 rows=2211 | IV커버=100.0% 이론가커버=100.0% | stream=966 snap=1245 | 최근저장=2026-05-26 15:59:58
2026-05-27 05:04:34 [ChainSaver] 버퍼 엔트리=201 | price_ticks=521821 greeks_ticks=1164196 snap_ticks=915021 | 이론가 커버리지=100.0%
2026-05-27 05:04:34 [ChainSaver] DB 최근5분 rows=1005 | IV커버=100.0% 이론가커버=100.0% | stream=434 snap=571 | 최근저장=2026-05-26 15:59:58
2026-05-27 05:05:04 [ChainSaver] 버퍼 엔트리=201 | price_ticks=522947 greeks_ticks=1165645 snap_ticks=915935 | 이론가 커버리지=100.0%
2026-05-27 05:05:04 [ChainSaver] DB 최근5분 rows=0 | IV커버=N/A    이론가커버=N/A | stream=0 snap=0 | 최근저장=2026-05-26 15:59:58
2026-05-27 05:05:34 [ChainSaver] 버퍼 엔트리=201 | price_ticks=523986 greeks_ticks=1167756 snap_ticks=917167 | 이론가 커버리지=100.0%
2026-05-27 05:05:34 [ChainSaver] DB 최근5분 rows=0 | IV커버=N/A    이론가커버=N/A | stream=0 snap=0 | 최근저장=2026-05-26 15:59:58
2026-05-27 05:06:04 [ChainSaver] 버퍼 엔트리=201 | price_ticks=524953 greeks_ticks=1169435 snap_ticks=918149 | 이론가 커버리지=100.0%
2026-05-27 05:06:04 [ChainSaver] DB 최근5분 rows=0 | IV커버=N/A    이론가커버=N/A | stream=0 snap=0 | 최근저장=2026-05-26 15:59:58
2026-05-27 05:06:34 [ChainSaver] 버퍼 엔트리=201 | price_ticks=525621 greeks_ticks=1170671 snap_ticks=918851 | 이론가 커버리지=100.0%
2026-05-27 05:06:34 [ChainSaver] DB 최근5분 rows=0 | IV커버=N/A    이론가커버=N/A | stream=0 snap=0 | 최근저장=2026-05-26 15:59:58
2026-05-27 05:07:04 [ChainSaver] 버퍼 엔트리=201 | price_ticks=526406 greeks_ticks=1171839 snap_ticks=919543 | 이론가 커버리지=100.0%
2026-05-27 05:07:04 [ChainSaver] DB 최근5분 rows=0 | IV커버=N/A    이론가커버=N/A | stream=0 snap=0 | 최근저장=2026-05-26 15:59:58
2026-05-27 05:07:34 [ChainSaver] 버퍼 엔트리=201 | price_ticks=526962 greeks_ticks=1173183 snap_ticks=920273 | 이론가 커버리지=100.0%
2026-05-27 05:07:34 [ChainSaver] DB 최근5분 rows=0 | IV커버=N/A    이론가커버=N/A | stream=0 snap=0 | 최근저장=2026-05-26 15:59:58
2026-05-27 05:08:04 [ChainSaver] 버퍼 엔트리=201 | price_ticks=527575 greeks_ticks=1175034 snap_ticks=921357 | 이론가 커버리지=100.0%
2026-05-27 05:08:04 [ChainSaver] DB 최근5분 rows=0 | IV커버=N/A    이론가커버=N/A | stream=0 snap=0 | 최근저장=2026-05-26 15:59:58
2026-05-27 05:08:34 [ChainSaver] 버퍼 엔트리=201 | price_ticks=527917 greeks_ticks=1175653 snap_ticks=921691 | 이론가 커버리지=100.0%
2026-05-27 05:08:34 [ChainSaver] DB 최근5분 rows=0 | IV커버=N/A    이론가커버=N/A | stream=0 snap=0 | 최근저장=2026-05-26 15:59:58
2026-05-27 05:09:04 [ChainSaver] 버퍼 엔트리=201 | price_ticks=528320 greeks_ticks=1176468 snap_ticks=922115 | 이론가 커버리지=100.0%
2026-05-27 05:09:04 [ChainSaver] DB 최근5분 rows=0 | IV커버=N/A    이론가커버=N/A | stream=0 snap=0 | 최근저장=2026-05-26 15:59:58
2026-05-27 05:09:34 [ChainSaver] 버퍼 엔트리=201 | price_ticks=528737 greeks_ticks=1177172 snap_ticks=922447 | 이론가 커버리지=100.0%
2026-05-27 05:09:34 [ChainSaver] DB 최근5분 rows=0 | IV커버=N/A    이론가커버=N/A | stream=0 snap=0 | 최근저장=2026-05-26 15:59:58
2026-05-27 05:10:04 [ChainSaver] 버퍼 엔트리=201 | price_ticks=529486 greeks_ticks=1178632 snap_ticks=923269 | 이론가 커버리지=100.0%
2026-05-27 05:10:04 [ChainSaver] DB 최근5분 rows=0 | IV커버=N/A    이론가커버=N/A | stream=0 snap=0 | 최근저장=2026-05-26 15:59:58
2026-05-27 05:10:34 [ChainSaver] 버퍼 엔트리=201 | price_ticks=529928 greeks_ticks=1179336 snap_ticks=923583 | 이론가 커버리지=100.0%
2026-05-27 05:10:34 [ChainSaver] DB 최근5분 rows=0 | IV커버=N/A    이론가커버=N/A | stream=0 snap=0 | 최근저장=2026-05-26 15:59:58
2026-05-27 05:11:04 [ChainSaver] 버퍼 엔트리=201 | price_ticks=530544 greeks_ticks=1181003 snap_ticks=924573 | 이론가 커버리지=100.0%
2026-05-27 05:11:04 [ChainSaver] DB 최근5분 rows=0 | IV커버=N/A    이론가커버=N/A | stream=0 snap=0 | 최근저장=2026-05-26 15:59:58
2026-05-27 05:11:34 [ChainSaver] 버퍼 엔트리=201 | price_ticks=530895 greeks_ticks=1181750 snap_ticks=924951 | 이론가 커버리지=100.0%
2026-05-27 05:11:34 [ChainSaver] DB 최근5분 rows=0 | IV커버=N/A    이론가커버=N/A | stream=0 snap=0 | 최근저장=2026-05-26 15:59:58
2026-05-27 05:12:04 [ChainSaver] 버퍼 엔트리=201 | price_ticks=531308 greeks_ticks=1183053 snap_ticks=925655 | 이론가 커버리지=100.0%
2026-05-27 05:12:04 [ChainSaver] DB 최근5분 rows=0 | IV커버=N/A    이론가커버=N/A | stream=0 snap=0 | 최근저장=2026-05-26 15:59:58
2026-05-27 05:12:34 [ChainSaver] 버퍼 엔트리=201 | price_ticks=531802 greeks_ticks=1183818 snap_ticks=926037 | 이론가 커버리지=100.0%
2026-05-27 05:12:34 [ChainSaver] DB 최근5분 rows=0 | IV커버=N/A    이론가커버=N/A | stream=0 snap=0 | 최근저장=2026-05-26 15:59:58
2026-05-27 05:13:04 [ChainSaver] 버퍼 엔트리=201 | price_ticks=532283 greeks_ticks=1185378 snap_ticks=926943 | 이론가 커버리지=100.0%
2026-05-27 05:13:04 [ChainSaver] DB 최근5분 rows=0 | IV커버=N/A    이론가커버=N/A | stream=0 snap=0 | 최근저장=2026-05-26 15:59:58
2026-05-27 05:13:34 [ChainSaver] 버퍼 엔트리=201 | price_ticks=532641 greeks_ticks=1186549 snap_ticks=927579 | 이론가 커버리지=100.0%
2026-05-27 05:13:34 [ChainSaver] DB 최근5분 rows=0 | IV커버=N/A    이론가커버=N/A | stream=0 snap=0 | 최근저장=2026-05-26 15:59:58
2026-05-27 05:14:04 [ChainSaver] 버퍼 엔트리=201 | price_ticks=533277 greeks_ticks=1187948 snap_ticks=928337 | 이론가 커버리지=100.0%
2026-05-27 05:14:04 [ChainSaver] DB 최근5분 rows=0 | IV커버=N/A    이론가커버=N/A | stream=0 snap=0 | 최근저장=2026-05-26 15:59:58
2026-05-27 05:14:34 [ChainSaver] 버퍼 엔트리=201 | price_ticks=533938 greeks_ticks=1188933 snap_ticks=928855 | 이론가 커버리지=100.0%
2026-05-27 05:14:34 [ChainSaver] DB 최근5분 rows=0 | IV커버=N/A    이론가커버=N/A | stream=0 snap=0 | 최근저장=2026-05-26 15:59:58
2026-05-27 05:15:04 [ChainSaver] 버퍼 엔트리=201 | price_ticks=534604 greeks_ticks=1190247 snap_ticks=929609 | 이론가 커버리지=100.0%
2026-05-27 05:15:04 [ChainSaver] DB 최근5분 rows=0 | IV커버=N/A    이론가커버=N/A | stream=0 snap=0 | 최근저장=2026-05-26 15:59:58
2026-05-27 05:15:34 [ChainSaver] 버퍼 엔트리=201 | price_ticks=535188 greeks_ticks=1191614 snap_ticks=930359 | 이론가 커버리지=100.0%
2026-05-27 05:15:34 [ChainSaver] DB 최근5분 rows=0 | IV커버=N/A    이론가커버=N/A | stream=0 snap=0 | 최근저장=2026-05-26 15:59:58
2026-05-27 05:16:04 [ChainSaver] 버퍼 엔트리=201 | price_ticks=535566 greeks_ticks=1193062 snap_ticks=931165 | 이론가 커버리지=100.0%
2026-05-27 05:16:04 [ChainSaver] DB 최근5분 rows=0 | IV커버=N/A    이론가커버=N/A | stream=0 snap=0 | 최근저장=2026-05-26 15:59:58
2026-05-27 05:16:34 [ChainSaver] 버퍼 엔트리=201 | price_ticks=535909 greeks_ticks=1193391 snap_ticks=931293 | 이론가 커버리지=100.0%
2026-05-27 05:16:34 [ChainSaver] DB 최근5분 rows=0 | IV커버=N/A    이론가커버=N/A | stream=0 snap=0 | 최근저장=2026-05-26 15:59:58
2026-05-27 05:17:04 [ChainSaver] 버퍼 엔트리=201 | price_ticks=536417 greeks_ticks=1194970 snap_ticks=932173 | 이론가 커버리지=100.0%
2026-05-27 05:17:04 [ChainSaver] DB 최근5분 rows=0 | IV커버=N/A    이론가커버=N/A | stream=0 snap=0 | 최근저장=2026-05-26 15:59:58
2026-05-27 05:17:34 [ChainSaver] 버퍼 엔트리=201 | price_ticks=536911 greeks_ticks=1196083 snap_ticks=932759 | 이론가 커버리지=100.0%
2026-05-27 05:17:34 [ChainSaver] DB 최근5분 rows=0 | IV커버=N/A    이론가커버=N/A | stream=0 snap=0 | 최근저장=2026-05-26 15:59:58
2026-05-27 05:18:04 [ChainSaver] 버퍼 엔트리=201 | price_ticks=537139 greeks_ticks=1197055 snap_ticks=933253 | 이론가 커버리지=100.0%
2026-05-27 05:18:04 [ChainSaver] DB 최근5분 rows=0 | IV커버=N/A    이론가커버=N/A | stream=0 snap=0 | 최근저장=2026-05-26 15:59:58
2026-05-27 05:18:34 [ChainSaver] 버퍼 엔트리=201 | price_ticks=537521 greeks_ticks=1198094 snap_ticks=933821 | 이론가 커버리지=100.0%
2026-05-27 05:18:34 [ChainSaver] DB 최근5분 rows=0 | IV커버=N/A    이론가커버=N/A | stream=0 snap=0 | 최근저장=2026-05-26 15:59:58
2026-05-27 05:19:04 [ChainSaver] 버퍼 엔트리=201 | price_ticks=538003 greeks_ticks=1199616 snap_ticks=934699 | 이론가 커버리지=100.0%
2026-05-27 05:19:04 [ChainSaver] DB 최근5분 rows=0 | IV커버=N/A    이론가커버=N/A | stream=0 snap=0 | 최근저장=2026-05-26 15:59:58
2026-05-27 05:19:34 [ChainSaver] 버퍼 엔트리=201 | price_ticks=538093 greeks_ticks=1200160 snap_ticks=934965 | 이론가 커버리지=100.0%
2026-05-27 05:19:34 [ChainSaver] DB 최근5분 rows=0 | IV커버=N/A    이론가커버=N/A | stream=0 snap=0 | 최근저장=2026-05-26 15:59:58
2026-05-27 05:20:04 [ChainSaver] 버퍼 엔트리=201 | price_ticks=538357 greeks_ticks=1201306 snap_ticks=935553 | 이론가 커버리지=100.0%
2026-05-27 05:20:04 [ChainSaver] DB 최근5분 rows=0 | IV커버=N/A    이론가커버=N/A | stream=0 snap=0 | 최근저장=2026-05-26 15:59:58
2026-05-27 05:20:34 [ChainSaver] 버퍼 엔트리=201 | price_ticks=538761 greeks_ticks=1202107 snap_ticks=935957 | 이론가 커버리지=100.0%
2026-05-27 05:20:34 [ChainSaver] DB 최근5분 rows=0 | IV커버=N/A    이론가커버=N/A | stream=0 snap=0 | 최근저장=2026-05-26 15:59:58
2026-05-27 05:21:04 [ChainSaver] 버퍼 엔트리=201 | price_ticks=538875 greeks_ticks=1202872 snap_ticks=936357 | 이론가 커버리지=100.0%
2026-05-27 05:21:04 [ChainSaver] DB 최근5분 rows=0 | IV커버=N/A    이론가커버=N/A | stream=0 snap=0 | 최근저장=2026-05-26 15:59:58
2026-05-27 05:21:34 [ChainSaver] 버퍼 엔트리=201 | price_ticks=539233 greeks_ticks=1203605 snap_ticks=936743 | 이론가 커버리지=100.0%
2026-05-27 05:21:34 [ChainSaver] DB 최근5분 rows=0 | IV커버=N/A    이론가커버=N/A | stream=0 snap=0 | 최근저장=2026-05-26 15:59:58
2026-05-27 05:22:04 [ChainSaver] 버퍼 엔트리=201 | price_ticks=539386 greeks_ticks=1204209 snap_ticks=937071 | 이론가 커버리지=100.0%
2026-05-27 05:22:04 [ChainSaver] DB 최근5분 rows=0 | IV커버=N/A    이론가커버=N/A | stream=0 snap=0 | 최근저장=2026-05-26 15:59:58
2026-05-27 05:22:34 [ChainSaver] 버퍼 엔트리=201 | price_ticks=539638 greeks_ticks=1205086 snap_ticks=937549 | 이론가 커버리지=100.0%
2026-05-27 05:22:34 [ChainSaver] DB 최근5분 rows=0 | IV커버=N/A    이론가커버=N/A | stream=0 snap=0 | 최근저장=2026-05-26 15:59:58
2026-05-27 05:23:04 [ChainSaver] 버퍼 엔트리=201 | price_ticks=539820 greeks_ticks=1205858 snap_ticks=937965 | 이론가 커버리지=100.0%
2026-05-27 05:23:04 [ChainSaver] DB 최근5분 rows=0 | IV커버=N/A    이론가커버=N/A | stream=0 snap=0 | 최근저장=2026-05-26 15:59:58
2026-05-27 05:23:34 [ChainSaver] 버퍼 엔트리=201 | price_ticks=539949 greeks_ticks=1206610 snap_ticks=938325 | 이론가 커버리지=100.0%
2026-05-27 05:23:34 [ChainSaver] DB 최근5분 rows=0 | IV커버=N/A    이론가커버=N/A | stream=0 snap=0 | 최근저장=2026-05-26 15:59:58
2026-05-27 05:24:04 [ChainSaver] 버퍼 엔트리=201 | price_ticks=540537 greeks_ticks=1208123 snap_ticks=939207 | 이론가 커버리지=100.0%
2026-05-27 05:24:04 [ChainSaver] DB 최근5분 rows=0 | IV커버=N/A    이론가커버=N/A | stream=0 snap=0 | 최근저장=2026-05-26 15:59:58
2026-05-27 05:24:34 [ChainSaver] 버퍼 엔트리=201 | price_ticks=540977 greeks_ticks=1209189 snap_ticks=939857 | 이론가 커버리지=100.0%
2026-05-27 05:24:34 [ChainSaver] DB 최근5분 rows=0 | IV커버=N/A    이론가커버=N/A | stream=0 snap=0 | 최근저장=2026-05-26 15:59:58
2026-05-27 05:25:04 [ChainSaver] 버퍼 엔트리=201 | price_ticks=541145 greeks_ticks=1209704 snap_ticks=940143 | 이론가 커버리지=100.0%
2026-05-27 05:25:04 [ChainSaver] DB 최근5분 rows=0 | IV커버=N/A    이론가커버=N/A | stream=0 snap=0 | 최근저장=2026-05-26 15:59:58
2026-05-27 05:25:34 [ChainSaver] 버퍼 엔트리=201 | price_ticks=541649 greeks_ticks=1210509 snap_ticks=940619 | 이론가 커버리지=100.0%
2026-05-27 05:25:34 [ChainSaver] DB 최근5분 rows=0 | IV커버=N/A    이론가커버=N/A | stream=0 snap=0 | 최근저장=2026-05-26 15:59:58
2026-05-27 05:26:04 [ChainSaver] 버퍼 엔트리=201 | price_ticks=541894 greeks_ticks=1211543 snap_ticks=941199 | 이론가 커버리지=100.0%
2026-05-27 05:26:04 [ChainSaver] DB 최근5분 rows=0 | IV커버=N/A    이론가커버=N/A | stream=0 snap=0 | 최근저장=2026-05-26 15:59:58
2026-05-27 05:26:34 [ChainSaver] 버퍼 엔트리=201 | price_ticks=542065 greeks_ticks=1212095 snap_ticks=941499 | 이론가 커버리지=100.0%
2026-05-27 05:26:34 [ChainSaver] DB 최근5분 rows=0 | IV커버=N/A    이론가커버=N/A | stream=0 snap=0 | 최근저장=2026-05-26 15:59:58
2026-05-27 05:27:04 [ChainSaver] 버퍼 엔트리=201 | price_ticks=542228 greeks_ticks=1212676 snap_ticks=941831 | 이론가 커버리지=100.0%
2026-05-27 05:27:04 [ChainSaver] DB 최근5분 rows=0 | IV커버=N/A    이론가커버=N/A | stream=0 snap=0 | 최근저장=2026-05-26 15:59:58
2026-05-27 05:27:34 [ChainSaver] 버퍼 엔트리=201 | price_ticks=542438 greeks_ticks=1213151 snap_ticks=942051 | 이론가 커버리지=100.0%
2026-05-27 05:27:34 [ChainSaver] DB 최근5분 rows=0 | IV커버=N/A    이론가커버=N/A | stream=0 snap=0 | 최근저장=2026-05-26 15:59:58
2026-05-27 05:28:04 [ChainSaver] 버퍼 엔트리=201 | price_ticks=542579 greeks_ticks=1213904 snap_ticks=942463 | 이론가 커버리지=100.0%
2026-05-27 05:28:04 [ChainSaver] DB 최근5분 rows=0 | IV커버=N/A    이론가커버=N/A | stream=0 snap=0 | 최근저장=2026-05-26 15:59:58
2026-05-27 05:28:34 [ChainSaver] 버퍼 엔트리=201 | price_ticks=542981 greeks_ticks=1214601 snap_ticks=942781 | 이론가 커버리지=100.0%
2026-05-27 05:28:34 [ChainSaver] DB 최근5분 rows=0 | IV커버=N/A    이론가커버=N/A | stream=0 snap=0 | 최근저장=2026-05-26 15:59:58
2026-05-27 05:29:04 [ChainSaver] 버퍼 엔트리=201 | price_ticks=543225 greeks_ticks=1215668 snap_ticks=943395 | 이론가 커버리지=100.0%
2026-05-27 05:29:04 [ChainSaver] DB 최근5분 rows=0 | IV커버=N/A    이론가커버=N/A | stream=0 snap=0 | 최근저장=2026-05-26 15:59:58
2026-05-27 05:29:34 [ChainSaver] 버퍼 엔트리=201 | price_ticks=543335 greeks_ticks=1216057 snap_ticks=943581 | 이론가 커버리지=100.0%
2026-05-27 05:29:34 [ChainSaver] DB 최근5분 rows=0 | IV커버=N/A    이론가커버=N/A | stream=0 snap=0 | 최근저장=2026-05-26 15:59:58
2026-05-27 05:30:04 [ChainSaver] 버퍼 엔트리=201 | price_ticks=543475 greeks_ticks=1216661 snap_ticks=943873 | 이론가 커버리지=100.0%
2026-05-27 05:30:04 [ChainSaver] DB 최근5분 rows=0 | IV커버=N/A    이론가커버=N/A | stream=0 snap=0 | 최근저장=2026-05-26 15:59:58
2026-05-27 05:30:34 [ChainSaver] 버퍼 엔트리=201 | price_ticks=543650 greeks_ticks=1217382 snap_ticks=944247 | 이론가 커버리지=100.0%
2026-05-27 05:30:34 [ChainSaver] DB 최근5분 rows=0 | IV커버=N/A    이론가커버=N/A | stream=0 snap=0 | 최근저장=2026-05-26 15:59:58
2026-05-27 05:31:04 [ChainSaver] 버퍼 엔트리=201 | price_ticks=543875 greeks_ticks=1218320 snap_ticks=944715 | 이론가 커버리지=100.0%
2026-05-27 05:31:04 [ChainSaver] DB 최근5분 rows=0 | IV커버=N/A    이론가커버=N/A | stream=0 snap=0 | 최근저장=2026-05-26 15:59:58
2026-05-27 05:31:34 [ChainSaver] 버퍼 엔트리=201 | price_ticks=544087 greeks_ticks=1218926 snap_ticks=945015 | 이론가 커버리지=100.0%
2026-05-27 05:31:34 [ChainSaver] DB 최근5분 rows=0 | IV커버=N/A    이론가커버=N/A | stream=0 snap=0 | 최근저장=2026-05-26 15:59:58
2026-05-27 05:32:04 [ChainSaver] 버퍼 엔트리=201 | price_ticks=544158 greeks_ticks=1219821 snap_ticks=945475 | 이론가 커버리지=100.0%
2026-05-27 05:32:04 [ChainSaver] DB 최근5분 rows=0 | IV커버=N/A    이론가커버=N/A | stream=0 snap=0 | 최근저장=2026-05-26 15:59:58
2026-05-27 05:32:34 [ChainSaver] 버퍼 엔트리=201 | price_ticks=544304 greeks_ticks=1219939 snap_ticks=945507 | 이론가 커버리지=100.0%
2026-05-27 05:32:34 [ChainSaver] DB 최근5분 rows=0 | IV커버=N/A    이론가커버=N/A | stream=0 snap=0 | 최근저장=2026-05-26 15:59:58
2026-05-27 05:33:04 [ChainSaver] 버퍼 엔트리=201 | price_ticks=544468 greeks_ticks=1220853 snap_ticks=945973 | 이론가 커버리지=100.0%
2026-05-27 05:33:04 [ChainSaver] DB 최근5분 rows=0 | IV커버=N/A    이론가커버=N/A | stream=0 snap=0 | 최근저장=2026-05-26 15:59:58
2026-05-27 05:33:34 [ChainSaver] 버퍼 엔트리=201 | price_ticks=544628 greeks_ticks=1221539 snap_ticks=946345 | 이론가 커버리지=100.0%
2026-05-27 05:33:34 [ChainSaver] DB 최근5분 rows=0 | IV커버=N/A    이론가커버=N/A | stream=0 snap=0 | 최근저장=2026-05-26 15:59:58
2026-05-27 05:34:04 [ChainSaver] 버퍼 엔트리=201 | price_ticks=544813 greeks_ticks=1222671 snap_ticks=946947 | 이론가 커버리지=100.0%
2026-05-27 05:34:04 [ChainSaver] DB 최근5분 rows=0 | IV커버=N/A    이론가커버=N/A | stream=0 snap=0 | 최근저장=2026-05-26 15:59:58
2026-05-27 05:34:34 [ChainSaver] 버퍼 엔트리=201 | price_ticks=545013 greeks_ticks=1223377 snap_ticks=947329 | 이론가 커버리지=100.0%
2026-05-27 05:34:34 [ChainSaver] DB 최근5분 rows=0 | IV커버=N/A    이론가커버=N/A | stream=0 snap=0 | 최근저장=2026-05-26 15:59:58
2026-05-27 05:35:04 [ChainSaver] 버퍼 엔트리=201 | price_ticks=545162 greeks_ticks=1224193 snap_ticks=947729 | 이론가 커버리지=100.0%
2026-05-27 05:35:04 [ChainSaver] DB 최근5분 rows=0 | IV커버=N/A    이론가커버=N/A | stream=0 snap=0 | 최근저장=2026-05-26 15:59:58
2026-05-27 05:35:34 [ChainSaver] 버퍼 엔트리=201 | price_ticks=545533 greeks_ticks=1224885 snap_ticks=948043 | 이론가 커버리지=100.0%
2026-05-27 05:35:34 [ChainSaver] DB 최근5분 rows=0 | IV커버=N/A    이론가커버=N/A | stream=0 snap=0 | 최근저장=2026-05-26 15:59:58
2026-05-27 05:36:04 [ChainSaver] 버퍼 엔트리=201 | price_ticks=545605 greeks_ticks=1225307 snap_ticks=948227 | 이론가 커버리지=100.0%
2026-05-27 05:36:04 [ChainSaver] DB 최근5분 rows=0 | IV커버=N/A    이론가커버=N/A | stream=0 snap=0 | 최근저장=2026-05-26 15:59:58
2026-05-27 05:36:34 [ChainSaver] 버퍼 엔트리=201 | price_ticks=545627 greeks_ticks=1225541 snap_ticks=948363 | 이론가 커버리지=100.0%
2026-05-27 05:36:34 [ChainSaver] DB 최근5분 rows=0 | IV커버=N/A    이론가커버=N/A | stream=0 snap=0 | 최근저장=2026-05-26 15:59:58
2026-05-27 05:37:04 [ChainSaver] 버퍼 엔트리=201 | price_ticks=545748 greeks_ticks=1226288 snap_ticks=948745 | 이론가 커버리지=100.0%
2026-05-27 05:37:04 [ChainSaver] DB 최근5분 rows=0 | IV커버=N/A    이론가커버=N/A | stream=0 snap=0 | 최근저장=2026-05-26 15:59:58
2026-05-27 05:37:34 [ChainSaver] 버퍼 엔트리=201 | price_ticks=545827 greeks_ticks=1226827 snap_ticks=949031 | 이론가 커버리지=100.0%
2026-05-27 05:37:34 [ChainSaver] DB 최근5분 rows=0 | IV커버=N/A    이론가커버=N/A | stream=0 snap=0 | 최근저장=2026-05-26 15:59:58
2026-05-27 05:38:04 [ChainSaver] 버퍼 엔트리=201 | price_ticks=545978 greeks_ticks=1227595 snap_ticks=949419 | 이론가 커버리지=100.0%
2026-05-27 05:38:04 [ChainSaver] DB 최근5분 rows=0 | IV커버=N/A    이론가커버=N/A | stream=0 snap=0 | 최근저장=2026-05-26 15:59:58
2026-05-27 05:38:34 [ChainSaver] 버퍼 엔트리=201 | price_ticks=546091 greeks_ticks=1227857 snap_ticks=949559 | 이론가 커버리지=100.0%
2026-05-27 05:38:34 [ChainSaver] DB 최근5분 rows=0 | IV커버=N/A    이론가커버=N/A | stream=0 snap=0 | 최근저장=2026-05-26 15:59:58
2026-05-27 05:39:04 [ChainSaver] 버퍼 엔트리=201 | price_ticks=546188 greeks_ticks=1228478 snap_ticks=949865 | 이론가 커버리지=100.0%
2026-05-27 05:39:04 [ChainSaver] DB 최근5분 rows=0 | IV커버=N/A    이론가커버=N/A | stream=0 snap=0 | 최근저장=2026-05-26 15:59:58
2026-05-27 05:39:34 [ChainSaver] 버퍼 엔트리=201 | price_ticks=546200 greeks_ticks=1228508 snap_ticks=949887 | 이론가 커버리지=100.0%
2026-05-27 05:39:34 [ChainSaver] DB 최근5분 rows=0 | IV커버=N/A    이론가커버=N/A | stream=0 snap=0 | 최근저장=2026-05-26 15:59:58
2026-05-27 10:40:30 [ChainSaver] 버퍼 엔트리=0 | price_ticks=0 greeks_ticks=0 snap_ticks=0 | 이론가 커버리지=N/A
2026-05-27 10:40:30 [ChainSaver] DB 최근5분 rows=0 | IV커버=N/A    이론가커버=N/A | stream=0 snap=0 | 최근저장=2026-05-26 15:59:58
