2026-04-22 21:53:19 [ChainSaver] 버퍼 엔트리=0 | price_ticks=0 greeks_ticks=0 snap_ticks=0 | 이론가 커버리지=N/A
2026-04-22 21:53:19 [ChainSaver] DB 최근5분 rows=0 | IV커버=N/A    이론가커버=N/A | stream=0 snap=0 | 최근저장=없음
2026-04-22 21:53:49 [ChainSaver] 버퍼 엔트리=0 | price_ticks=0 greeks_ticks=0 snap_ticks=0 | 이론가 커버리지=N/A
2026-04-22 21:53:49 [ChainSaver] DB 최근5분 rows=0 | IV커버=N/A    이론가커버=N/A | stream=0 snap=0 | 최근저장=없음
2026-04-22 21:54:19 [ChainSaver] 버퍼 엔트리=0 | price_ticks=0 greeks_ticks=0 snap_ticks=0 | 이론가 커버리지=N/A
2026-04-22 21:54:19 [ChainSaver] DB 최근5분 rows=0 | IV커버=N/A    이론가커버=N/A | stream=0 snap=0 | 최근저장=없음
2026-04-22 21:54:49 [ChainSaver] 버퍼 엔트리=0 | price_ticks=0 greeks_ticks=0 snap_ticks=0 | 이론가 커버리지=N/A
2026-04-22 21:54:49 [ChainSaver] DB 최근5분 rows=0 | IV커버=N/A    이론가커버=N/A | stream=0 snap=0 | 최근저장=없음
2026-04-22 21:55:19 [ChainSaver] 버퍼 엔트리=0 | price_ticks=0 greeks_ticks=0 snap_ticks=0 | 이론가 커버리지=N/A
2026-04-22 21:55:19 [ChainSaver] DB 최근5분 rows=0 | IV커버=N/A    이론가커버=N/A | stream=0 snap=0 | 최근저장=없음
2026-04-22 21:55:49 [ChainSaver] 버퍼 엔트리=0 | price_ticks=0 greeks_ticks=0 snap_ticks=0 | 이론가 커버리지=N/A
2026-04-22 21:55:49 [ChainSaver] DB 최근5분 rows=0 | IV커버=N/A    이론가커버=N/A | stream=0 snap=0 | 최근저장=없음
2026-04-22 21:56:19 [ChainSaver] 버퍼 엔트리=0 | price_ticks=0 greeks_ticks=0 snap_ticks=0 | 이론가 커버리지=N/A
2026-04-22 21:56:19 [ChainSaver] DB 최근5분 rows=0 | IV커버=N/A    이론가커버=N/A | stream=0 snap=0 | 최근저장=없음
2026-04-22 21:56:49 [ChainSaver] 버퍼 엔트리=0 | price_ticks=0 greeks_ticks=0 snap_ticks=0 | 이론가 커버리지=N/A
2026-04-22 21:56:49 [ChainSaver] DB 최근5분 rows=0 | IV커버=N/A    이론가커버=N/A | stream=0 snap=0 | 최근저장=없음
2026-04-22 21:57:19 [ChainSaver] 버퍼 엔트리=0 | price_ticks=0 greeks_ticks=0 snap_ticks=0 | 이론가 커버리지=N/A
2026-04-22 21:57:19 [ChainSaver] DB 최근5분 rows=0 | IV커버=N/A    이론가커버=N/A | stream=0 snap=0 | 최근저장=없음
2026-04-22 21:57:49 [ChainSaver] 버퍼 엔트리=0 | price_ticks=0 greeks_ticks=0 snap_ticks=0 | 이론가 커버리지=N/A
2026-04-22 21:57:49 [ChainSaver] DB 최근5분 rows=0 | IV커버=N/A    이론가커버=N/A | stream=0 snap=0 | 최근저장=없음
2026-04-22 21:58:19 [ChainSaver] 버퍼 엔트리=0 | price_ticks=0 greeks_ticks=0 snap_ticks=0 | 이론가 커버리지=N/A
2026-04-22 21:58:19 [ChainSaver] DB 최근5분 rows=0 | IV커버=N/A    이론가커버=N/A | stream=0 snap=0 | 최근저장=없음
2026-04-22 21:58:49 [ChainSaver] 버퍼 엔트리=0 | price_ticks=0 greeks_ticks=0 snap_ticks=0 | 이론가 커버리지=N/A
2026-04-22 21:58:49 [ChainSaver] DB 최근5분 rows=0 | IV커버=N/A    이론가커버=N/A | stream=0 snap=0 | 최근저장=없음
2026-04-22 21:59:19 [ChainSaver] 버퍼 엔트리=0 | price_ticks=0 greeks_ticks=0 snap_ticks=0 | 이론가 커버리지=N/A
2026-04-22 21:59:19 [ChainSaver] DB 최근5분 rows=0 | IV커버=N/A    이론가커버=N/A | stream=0 snap=0 | 최근저장=없음
2026-04-22 21:59:49 [ChainSaver] 버퍼 엔트리=0 | price_ticks=0 greeks_ticks=0 snap_ticks=0 | 이론가 커버리지=N/A
2026-04-22 21:59:49 [ChainSaver] DB 최근5분 rows=0 | IV커버=N/A    이론가커버=N/A | stream=0 snap=0 | 최근저장=없음
2026-04-22 22:00:19 [ChainSaver] 버퍼 엔트리=0 | price_ticks=0 greeks_ticks=0 snap_ticks=0 | 이론가 커버리지=N/A
2026-04-22 22:00:19 [ChainSaver] DB 최근5분 rows=0 | IV커버=N/A    이론가커버=N/A | stream=0 snap=0 | 최근저장=없음
2026-04-22 22:00:49 [ChainSaver] 버퍼 엔트리=0 | price_ticks=0 greeks_ticks=0 snap_ticks=0 | 이론가 커버리지=N/A
2026-04-22 22:00:49 [ChainSaver] DB 최근5분 rows=0 | IV커버=N/A    이론가커버=N/A | stream=0 snap=0 | 최근저장=없음
2026-04-22 22:01:19 [ChainSaver] 버퍼 엔트리=0 | price_ticks=0 greeks_ticks=0 snap_ticks=0 | 이론가 커버리지=N/A
2026-04-22 22:01:19 [ChainSaver] DB 최근5분 rows=0 | IV커버=N/A    이론가커버=N/A | stream=0 snap=0 | 최근저장=없음
2026-04-22 22:01:49 [ChainSaver] 버퍼 엔트리=0 | price_ticks=0 greeks_ticks=0 snap_ticks=0 | 이론가 커버리지=N/A
2026-04-22 22:01:49 [ChainSaver] DB 최근5분 rows=0 | IV커버=N/A    이론가커버=N/A | stream=0 snap=0 | 최근저장=없음
2026-04-22 22:02:19 [ChainSaver] 버퍼 엔트리=0 | price_ticks=0 greeks_ticks=0 snap_ticks=0 | 이론가 커버리지=N/A
2026-04-22 22:02:19 [ChainSaver] DB 최근5분 rows=0 | IV커버=N/A    이론가커버=N/A | stream=0 snap=0 | 최근저장=없음
2026-04-22 22:02:49 [ChainSaver] 버퍼 엔트리=0 | price_ticks=0 greeks_ticks=0 snap_ticks=0 | 이론가 커버리지=N/A
2026-04-22 22:02:49 [ChainSaver] DB 최근5분 rows=0 | IV커버=N/A    이론가커버=N/A | stream=0 snap=0 | 최근저장=없음
2026-04-22 22:03:19 [ChainSaver] 버퍼 엔트리=0 | price_ticks=0 greeks_ticks=0 snap_ticks=0 | 이론가 커버리지=N/A
2026-04-22 22:03:19 [ChainSaver] DB 최근5분 rows=0 | IV커버=N/A    이론가커버=N/A | stream=0 snap=0 | 최근저장=없음
2026-04-22 22:03:49 [ChainSaver] 버퍼 엔트리=0 | price_ticks=0 greeks_ticks=0 snap_ticks=0 | 이론가 커버리지=N/A
2026-04-22 22:03:49 [ChainSaver] DB 최근5분 rows=0 | IV커버=N/A    이론가커버=N/A | stream=0 snap=0 | 최근저장=없음
2026-04-22 22:04:19 [ChainSaver] 버퍼 엔트리=0 | price_ticks=0 greeks_ticks=0 snap_ticks=0 | 이론가 커버리지=N/A
2026-04-22 22:04:19 [ChainSaver] DB 최근5분 rows=0 | IV커버=N/A    이론가커버=N/A | stream=0 snap=0 | 최근저장=없음
2026-04-22 22:04:49 [ChainSaver] 버퍼 엔트리=0 | price_ticks=0 greeks_ticks=0 snap_ticks=0 | 이론가 커버리지=N/A
2026-04-22 22:04:49 [ChainSaver] DB 최근5분 rows=0 | IV커버=N/A    이론가커버=N/A | stream=0 snap=0 | 최근저장=없음
2026-04-22 22:05:19 [ChainSaver] 버퍼 엔트리=0 | price_ticks=0 greeks_ticks=0 snap_ticks=0 | 이론가 커버리지=N/A
2026-04-22 22:05:19 [ChainSaver] DB 최근5분 rows=0 | IV커버=N/A    이론가커버=N/A | stream=0 snap=0 | 최근저장=없음
2026-04-22 22:05:49 [ChainSaver] 버퍼 엔트리=0 | price_ticks=0 greeks_ticks=0 snap_ticks=0 | 이론가 커버리지=N/A
2026-04-22 22:05:49 [ChainSaver] DB 최근5분 rows=0 | IV커버=N/A    이론가커버=N/A | stream=0 snap=0 | 최근저장=없음
2026-04-22 22:06:19 [ChainSaver] 버퍼 엔트리=0 | price_ticks=0 greeks_ticks=0 snap_ticks=0 | 이론가 커버리지=N/A
2026-04-22 22:06:19 [ChainSaver] DB 최근5분 rows=0 | IV커버=N/A    이론가커버=N/A | stream=0 snap=0 | 최근저장=없음
2026-04-22 22:06:49 [ChainSaver] 버퍼 엔트리=0 | price_ticks=0 greeks_ticks=0 snap_ticks=0 | 이론가 커버리지=N/A
2026-04-22 22:06:49 [ChainSaver] DB 최근5분 rows=0 | IV커버=N/A    이론가커버=N/A | stream=0 snap=0 | 최근저장=없음
2026-04-22 22:07:19 [ChainSaver] 버퍼 엔트리=0 | price_ticks=0 greeks_ticks=0 snap_ticks=0 | 이론가 커버리지=N/A
2026-04-22 22:07:19 [ChainSaver] DB 최근5분 rows=0 | IV커버=N/A    이론가커버=N/A | stream=0 snap=0 | 최근저장=없음
2026-04-22 22:07:49 [ChainSaver] 버퍼 엔트리=0 | price_ticks=0 greeks_ticks=0 snap_ticks=0 | 이론가 커버리지=N/A
2026-04-22 22:07:49 [ChainSaver] DB 최근5분 rows=0 | IV커버=N/A    이론가커버=N/A | stream=0 snap=0 | 최근저장=없음
2026-04-22 22:08:19 [ChainSaver] 버퍼 엔트리=0 | price_ticks=0 greeks_ticks=0 snap_ticks=0 | 이론가 커버리지=N/A
2026-04-22 22:08:19 [ChainSaver] DB 최근5분 rows=0 | IV커버=N/A    이론가커버=N/A | stream=0 snap=0 | 최근저장=없음
2026-04-22 22:08:49 [ChainSaver] 버퍼 엔트리=0 | price_ticks=0 greeks_ticks=0 snap_ticks=0 | 이론가 커버리지=N/A
2026-04-22 22:08:49 [ChainSaver] DB 최근5분 rows=0 | IV커버=N/A    이론가커버=N/A | stream=0 snap=0 | 최근저장=없음
2026-04-22 22:09:19 [ChainSaver] 버퍼 엔트리=0 | price_ticks=0 greeks_ticks=0 snap_ticks=0 | 이론가 커버리지=N/A
2026-04-22 22:09:19 [ChainSaver] DB 최근5분 rows=0 | IV커버=N/A    이론가커버=N/A | stream=0 snap=0 | 최근저장=없음
2026-04-22 22:09:49 [ChainSaver] 버퍼 엔트리=0 | price_ticks=0 greeks_ticks=0 snap_ticks=0 | 이론가 커버리지=N/A
2026-04-22 22:09:49 [ChainSaver] DB 최근5분 rows=0 | IV커버=N/A    이론가커버=N/A | stream=0 snap=0 | 최근저장=없음
2026-04-22 22:10:19 [ChainSaver] 버퍼 엔트리=0 | price_ticks=0 greeks_ticks=0 snap_ticks=0 | 이론가 커버리지=N/A
2026-04-22 22:10:19 [ChainSaver] DB 최근5분 rows=0 | IV커버=N/A    이론가커버=N/A | stream=0 snap=0 | 최근저장=없음
2026-04-22 22:10:49 [ChainSaver] 버퍼 엔트리=0 | price_ticks=0 greeks_ticks=0 snap_ticks=0 | 이론가 커버리지=N/A
2026-04-22 22:10:49 [ChainSaver] DB 최근5분 rows=0 | IV커버=N/A    이론가커버=N/A | stream=0 snap=0 | 최근저장=없음
2026-04-22 22:11:19 [ChainSaver] 버퍼 엔트리=0 | price_ticks=0 greeks_ticks=0 snap_ticks=0 | 이론가 커버리지=N/A
2026-04-22 22:11:19 [ChainSaver] DB 최근5분 rows=0 | IV커버=N/A    이론가커버=N/A | stream=0 snap=0 | 최근저장=없음
2026-04-22 22:11:49 [ChainSaver] 버퍼 엔트리=0 | price_ticks=0 greeks_ticks=0 snap_ticks=0 | 이론가 커버리지=N/A
2026-04-22 22:11:49 [ChainSaver] DB 최근5분 rows=0 | IV커버=N/A    이론가커버=N/A | stream=0 snap=0 | 최근저장=없음
2026-04-22 22:12:19 [ChainSaver] 버퍼 엔트리=0 | price_ticks=0 greeks_ticks=0 snap_ticks=0 | 이론가 커버리지=N/A
2026-04-22 22:12:19 [ChainSaver] DB 최근5분 rows=0 | IV커버=N/A    이론가커버=N/A | stream=0 snap=0 | 최근저장=없음
2026-04-22 22:12:49 [ChainSaver] 버퍼 엔트리=0 | price_ticks=0 greeks_ticks=0 snap_ticks=0 | 이론가 커버리지=N/A
2026-04-22 22:12:49 [ChainSaver] DB 최근5분 rows=0 | IV커버=N/A    이론가커버=N/A | stream=0 snap=0 | 최근저장=없음
2026-04-22 22:13:19 [ChainSaver] 버퍼 엔트리=0 | price_ticks=0 greeks_ticks=0 snap_ticks=0 | 이론가 커버리지=N/A
2026-04-22 22:13:19 [ChainSaver] DB 최근5분 rows=0 | IV커버=N/A    이론가커버=N/A | stream=0 snap=0 | 최근저장=없음
2026-04-22 22:13:49 [ChainSaver] 버퍼 엔트리=0 | price_ticks=0 greeks_ticks=0 snap_ticks=0 | 이론가 커버리지=N/A
2026-04-22 22:13:49 [ChainSaver] DB 최근5분 rows=0 | IV커버=N/A    이론가커버=N/A | stream=0 snap=0 | 최근저장=없음
2026-04-22 22:14:19 [ChainSaver] 버퍼 엔트리=0 | price_ticks=0 greeks_ticks=0 snap_ticks=0 | 이론가 커버리지=N/A
2026-04-22 22:14:19 [ChainSaver] DB 최근5분 rows=0 | IV커버=N/A    이론가커버=N/A | stream=0 snap=0 | 최근저장=없음
2026-04-22 22:14:49 [ChainSaver] 버퍼 엔트리=0 | price_ticks=0 greeks_ticks=0 snap_ticks=0 | 이론가 커버리지=N/A
2026-04-22 22:14:49 [ChainSaver] DB 최근5분 rows=0 | IV커버=N/A    이론가커버=N/A | stream=0 snap=0 | 최근저장=없음
2026-04-22 22:15:19 [ChainSaver] 버퍼 엔트리=0 | price_ticks=0 greeks_ticks=0 snap_ticks=0 | 이론가 커버리지=N/A
2026-04-22 22:15:19 [ChainSaver] DB 최근5분 rows=0 | IV커버=N/A    이론가커버=N/A | stream=0 snap=0 | 최근저장=없음
2026-04-22 22:15:49 [ChainSaver] 버퍼 엔트리=0 | price_ticks=0 greeks_ticks=0 snap_ticks=0 | 이론가 커버리지=N/A
2026-04-22 22:15:49 [ChainSaver] DB 최근5분 rows=0 | IV커버=N/A    이론가커버=N/A | stream=0 snap=0 | 최근저장=없음
2026-04-22 22:18:36 [ChainSaver] 버퍼 엔트리=0 | price_ticks=0 greeks_ticks=0 snap_ticks=0 | 이론가 커버리지=N/A
2026-04-22 22:18:36 [ChainSaver] DB 최근5분 rows=0 | IV커버=N/A    이론가커버=N/A | stream=0 snap=0 | 최근저장=없음
2026-04-22 22:19:06 [ChainSaver] 버퍼 엔트리=0 | price_ticks=0 greeks_ticks=0 snap_ticks=0 | 이론가 커버리지=N/A
2026-04-22 22:19:06 [ChainSaver] DB 최근5분 rows=0 | IV커버=N/A    이론가커버=N/A | stream=0 snap=0 | 최근저장=없음
2026-04-22 22:19:36 [ChainSaver] 버퍼 엔트리=0 | price_ticks=0 greeks_ticks=0 snap_ticks=0 | 이론가 커버리지=N/A
2026-04-22 22:19:36 [ChainSaver] DB 최근5분 rows=0 | IV커버=N/A    이론가커버=N/A | stream=0 snap=0 | 최근저장=없음
2026-04-22 22:20:06 [ChainSaver] 버퍼 엔트리=0 | price_ticks=0 greeks_ticks=0 snap_ticks=0 | 이론가 커버리지=N/A
2026-04-22 22:20:06 [ChainSaver] DB 최근5분 rows=0 | IV커버=N/A    이론가커버=N/A | stream=0 snap=0 | 최근저장=없음
2026-04-22 22:20:36 [ChainSaver] 버퍼 엔트리=0 | price_ticks=0 greeks_ticks=0 snap_ticks=0 | 이론가 커버리지=N/A
2026-04-22 22:20:36 [ChainSaver] DB 최근5분 rows=0 | IV커버=N/A    이론가커버=N/A | stream=0 snap=0 | 최근저장=없음
2026-04-22 22:21:06 [ChainSaver] 버퍼 엔트리=0 | price_ticks=0 greeks_ticks=0 snap_ticks=0 | 이론가 커버리지=N/A
2026-04-22 22:21:06 [ChainSaver] DB 최근5분 rows=0 | IV커버=N/A    이론가커버=N/A | stream=0 snap=0 | 최근저장=없음
2026-04-22 22:21:36 [ChainSaver] 버퍼 엔트리=0 | price_ticks=0 greeks_ticks=0 snap_ticks=0 | 이론가 커버리지=N/A
2026-04-22 22:21:36 [ChainSaver] DB 최근5분 rows=0 | IV커버=N/A    이론가커버=N/A | stream=0 snap=0 | 최근저장=없음
2026-04-22 22:22:06 [ChainSaver] 버퍼 엔트리=0 | price_ticks=0 greeks_ticks=0 snap_ticks=0 | 이론가 커버리지=N/A
2026-04-22 22:22:06 [ChainSaver] DB 최근5분 rows=0 | IV커버=N/A    이론가커버=N/A | stream=0 snap=0 | 최근저장=없음
2026-04-22 22:22:36 [ChainSaver] 버퍼 엔트리=0 | price_ticks=0 greeks_ticks=0 snap_ticks=0 | 이론가 커버리지=N/A
2026-04-22 22:22:36 [ChainSaver] DB 최근5분 rows=0 | IV커버=N/A    이론가커버=N/A | stream=0 snap=0 | 최근저장=없음
2026-04-22 22:23:06 [ChainSaver] 버퍼 엔트리=0 | price_ticks=0 greeks_ticks=0 snap_ticks=0 | 이론가 커버리지=N/A
2026-04-22 22:23:06 [ChainSaver] DB 최근5분 rows=0 | IV커버=N/A    이론가커버=N/A | stream=0 snap=0 | 최근저장=없음
2026-04-22 22:23:36 [ChainSaver] 버퍼 엔트리=0 | price_ticks=0 greeks_ticks=0 snap_ticks=0 | 이론가 커버리지=N/A
2026-04-22 22:23:36 [ChainSaver] DB 최근5분 rows=0 | IV커버=N/A    이론가커버=N/A | stream=0 snap=0 | 최근저장=없음
2026-04-22 22:24:06 [ChainSaver] 버퍼 엔트리=0 | price_ticks=0 greeks_ticks=0 snap_ticks=0 | 이론가 커버리지=N/A
2026-04-22 22:24:06 [ChainSaver] DB 최근5분 rows=0 | IV커버=N/A    이론가커버=N/A | stream=0 snap=0 | 최근저장=없음
2026-04-22 22:24:36 [ChainSaver] 버퍼 엔트리=0 | price_ticks=0 greeks_ticks=0 snap_ticks=0 | 이론가 커버리지=N/A
2026-04-22 22:24:36 [ChainSaver] DB 최근5분 rows=0 | IV커버=N/A    이론가커버=N/A | stream=0 snap=0 | 최근저장=없음
2026-04-22 22:25:06 [ChainSaver] 버퍼 엔트리=0 | price_ticks=0 greeks_ticks=0 snap_ticks=0 | 이론가 커버리지=N/A
2026-04-22 22:25:06 [ChainSaver] DB 최근5분 rows=0 | IV커버=N/A    이론가커버=N/A | stream=0 snap=0 | 최근저장=없음
2026-04-22 22:25:36 [ChainSaver] 버퍼 엔트리=0 | price_ticks=0 greeks_ticks=0 snap_ticks=0 | 이론가 커버리지=N/A
2026-04-22 22:25:36 [ChainSaver] DB 최근5분 rows=0 | IV커버=N/A    이론가커버=N/A | stream=0 snap=0 | 최근저장=없음
2026-04-22 22:26:06 [ChainSaver] 버퍼 엔트리=0 | price_ticks=0 greeks_ticks=0 snap_ticks=0 | 이론가 커버리지=N/A
2026-04-22 22:26:06 [ChainSaver] DB 최근5분 rows=0 | IV커버=N/A    이론가커버=N/A | stream=0 snap=0 | 최근저장=없음
2026-04-22 22:26:36 [ChainSaver] 버퍼 엔트리=0 | price_ticks=0 greeks_ticks=0 snap_ticks=0 | 이론가 커버리지=N/A
2026-04-22 22:26:36 [ChainSaver] DB 최근5분 rows=0 | IV커버=N/A    이론가커버=N/A | stream=0 snap=0 | 최근저장=없음
2026-04-22 22:27:06 [ChainSaver] 버퍼 엔트리=0 | price_ticks=0 greeks_ticks=0 snap_ticks=0 | 이론가 커버리지=N/A
2026-04-22 22:27:06 [ChainSaver] DB 최근5분 rows=0 | IV커버=N/A    이론가커버=N/A | stream=0 snap=0 | 최근저장=없음
2026-04-22 22:27:36 [ChainSaver] 버퍼 엔트리=0 | price_ticks=0 greeks_ticks=0 snap_ticks=0 | 이론가 커버리지=N/A
2026-04-22 22:27:36 [ChainSaver] DB 최근5분 rows=0 | IV커버=N/A    이론가커버=N/A | stream=0 snap=0 | 최근저장=없음
2026-04-22 22:28:06 [ChainSaver] 버퍼 엔트리=0 | price_ticks=0 greeks_ticks=0 snap_ticks=0 | 이론가 커버리지=N/A
2026-04-22 22:28:06 [ChainSaver] DB 최근5분 rows=0 | IV커버=N/A    이론가커버=N/A | stream=0 snap=0 | 최근저장=없음
2026-04-22 22:28:36 [ChainSaver] 버퍼 엔트리=0 | price_ticks=0 greeks_ticks=0 snap_ticks=0 | 이론가 커버리지=N/A
2026-04-22 22:28:36 [ChainSaver] DB 최근5분 rows=0 | IV커버=N/A    이론가커버=N/A | stream=0 snap=0 | 최근저장=없음
2026-04-22 22:29:06 [ChainSaver] 버퍼 엔트리=0 | price_ticks=0 greeks_ticks=0 snap_ticks=0 | 이론가 커버리지=N/A
2026-04-22 22:29:06 [ChainSaver] DB 최근5분 rows=0 | IV커버=N/A    이론가커버=N/A | stream=0 snap=0 | 최근저장=없음
2026-04-22 22:29:36 [ChainSaver] 버퍼 엔트리=0 | price_ticks=0 greeks_ticks=0 snap_ticks=0 | 이론가 커버리지=N/A
2026-04-22 22:29:36 [ChainSaver] DB 최근5분 rows=0 | IV커버=N/A    이론가커버=N/A | stream=0 snap=0 | 최근저장=없음
2026-04-22 22:30:06 [ChainSaver] 버퍼 엔트리=30 | price_ticks=0 greeks_ticks=0 snap_ticks=80 | 이론가 커버리지=N/A
2026-04-22 22:30:06 [ChainSaver] DB 최근5분 rows=0 | IV커버=N/A    이론가커버=N/A | stream=0 snap=0 | 최근저장=없음
2026-04-22 22:30:36 [ChainSaver] 버퍼 엔트리=45 | price_ticks=0 greeks_ticks=0 snap_ticks=838 | 이론가 커버리지=100.0%
2026-04-22 22:30:36 [ChainSaver] DB 최근5분 rows=174 | IV커버=90.8%  이론가커버=57.5% | stream=0 snap=174 | 최근저장=2026-04-22 09:30:30
2026-04-22 22:31:06 [ChainSaver] 버퍼 엔트리=45 | price_ticks=0 greeks_ticks=0 snap_ticks=2030 | 이론가 커버리지=100.0%
2026-04-22 22:31:06 [ChainSaver] DB 최근5분 rows=444 | IV커버=93.7%  이론가커버=64.4% | stream=0 snap=444 | 최근저장=2026-04-22 09:31:00
2026-04-22 22:31:36 [ChainSaver] 버퍼 엔트리=87 | price_ticks=0 greeks_ticks=0 snap_ticks=3387 | 이론가 커버리지=100.0%
2026-04-22 22:31:36 [ChainSaver] DB 최근5분 rows=924 | IV커버=73.5%  이론가커버=51.6% | stream=0 snap=924 | 최근저장=2026-04-22 09:31:30
2026-04-22 22:32:06 [ChainSaver] 버퍼 엔트리=87 | price_ticks=0 greeks_ticks=0 snap_ticks=4633 | 이론가 커버리지=100.0%
2026-04-22 22:32:06 [ChainSaver] DB 최근5분 rows=1446 | IV커버=65.2%  이론가커버=46.3% | stream=0 snap=1446 | 최근저장=2026-04-22 09:32:00
2026-04-22 22:32:36 [ChainSaver] 버퍼 엔트리=90 | price_ticks=0 greeks_ticks=0 snap_ticks=6012 | 이론가 커버리지=100.0%
2026-04-22 22:32:36 [ChainSaver] DB 최근5분 rows=1983 | IV커버=71.5%  이론가커버=54.0% | stream=0 snap=1983 | 최근저장=2026-04-22 09:32:30
2026-04-22 22:33:06 [ChainSaver] 버퍼 엔트리=90 | price_ticks=0 greeks_ticks=0 snap_ticks=7245 | 이론가 커버리지=100.0%
2026-04-22 22:33:06 [ChainSaver] DB 최근5분 rows=2523 | IV커버=76.6%  이론가커버=60.0% | stream=0 snap=2523 | 최근저장=2026-04-22 09:33:00
2026-04-22 22:33:36 [ChainSaver] 버퍼 엔트리=90 | price_ticks=0 greeks_ticks=0 snap_ticks=8669 | 이론가 커버리지=100.0%
2026-04-22 22:33:37 [ChainSaver] DB 최근5분 rows=3063 | IV커버=80.3%  이론가커버=64.3% | stream=0 snap=3063 | 최근저장=2026-04-22 09:33:30
2026-04-22 22:34:06 [ChainSaver] 버퍼 엔트리=90 | price_ticks=0 greeks_ticks=0 snap_ticks=9903 | 이론가 커버리지=100.0%
2026-04-22 22:34:06 [ChainSaver] DB 최근5분 rows=3603 | IV커버=82.9%  이론가커버=67.3% | stream=0 snap=3603 | 최근저장=2026-04-22 09:34:00
2026-04-22 22:34:36 [ChainSaver] 버퍼 엔트리=90 | price_ticks=0 greeks_ticks=0 snap_ticks=11339 | 이론가 커버리지=100.0%
2026-04-22 22:34:36 [ChainSaver] DB 최근5분 rows=4143 | IV커버=84.8%  이론가커버=69.5% | stream=0 snap=4143 | 최근저장=2026-04-22 09:34:30
2026-04-22 22:35:06 [ChainSaver] 버퍼 엔트리=90 | price_ticks=0 greeks_ticks=0 snap_ticks=12599 | 이론가 커버리지=100.0%
2026-04-22 22:35:06 [ChainSaver] DB 최근5분 rows=4683 | IV커버=86.3%  이론가커버=71.3% | stream=0 snap=4683 | 최근저장=2026-04-22 09:35:00
2026-04-22 22:35:36 [ChainSaver] 버퍼 엔트리=92 | price_ticks=0 greeks_ticks=0 snap_ticks=14027 | 이론가 커버리지=100.0%
2026-04-22 22:35:36 [ChainSaver] DB 최근5분 rows=5006 | IV커버=87.3%  이론가커버=73.2% | stream=0 snap=5006 | 최근저장=2026-04-22 09:35:30
2026-04-22 22:36:06 [ChainSaver] 버퍼 엔트리=92 | price_ticks=0 greeks_ticks=0 snap_ticks=15281 | 이론가 커버리지=100.0%
2026-04-22 22:36:06 [ChainSaver] DB 최근5분 rows=5288 | IV커버=88.0%  이론가커버=74.6% | stream=0 snap=5288 | 최근저장=2026-04-22 09:36:00
2026-04-22 22:36:36 [ChainSaver] 버퍼 엔트리=92 | price_ticks=0 greeks_ticks=0 snap_ticks=16562 | 이론가 커버리지=100.0%
2026-04-22 22:36:36 [ChainSaver] DB 최근5분 rows=5318 | IV커버=92.7%  이론가커버=79.4% | stream=0 snap=5318 | 최근저장=2026-04-22 09:36:30
2026-04-22 22:37:06 [ChainSaver] 버퍼 엔트리=92 | price_ticks=0 greeks_ticks=0 snap_ticks=17822 | 이론가 커버리지=100.0%
2026-04-22 22:37:06 [ChainSaver] DB 최근5분 rows=5348 | IV커버=97.3%  이론가커버=84.1% | stream=0 snap=5348 | 최근저장=2026-04-22 09:37:00
2026-04-22 22:37:36 [ChainSaver] 버퍼 엔트리=92 | price_ticks=0 greeks_ticks=0 snap_ticks=19241 | 이론가 커버리지=100.0%
2026-04-22 22:37:36 [ChainSaver] DB 최근5분 rows=5360 | IV커버=97.6%  이론가커버=84.4% | stream=0 snap=5360 | 최근저장=2026-04-22 09:37:30
2026-04-22 22:38:06 [ChainSaver] 버퍼 엔트리=92 | price_ticks=0 greeks_ticks=0 snap_ticks=19451 | 이론가 커버리지=100.0%
2026-04-22 22:38:06 [ChainSaver] DB 최근5분 rows=5372 | IV커버=97.8%  이론가커버=84.6% | stream=0 snap=5372 | 최근저장=2026-04-22 09:38:05
2026-04-22 22:38:36 [ChainSaver] 버퍼 엔트리=92 | price_ticks=0 greeks_ticks=0 snap_ticks=19631 | 이론가 커버리지=100.0%
2026-04-22 22:38:36 [ChainSaver] DB 최근5분 rows=5384 | IV커버=97.8%  이론가커버=84.7% | stream=0 snap=5384 | 최근저장=2026-04-22 09:38:35
2026-04-22 22:39:06 [ChainSaver] 버퍼 엔트리=92 | price_ticks=0 greeks_ticks=0 snap_ticks=19631 | 이론가 커버리지=100.0%
2026-04-22 22:39:06 [ChainSaver] DB 최근5분 rows=5396 | IV커버=97.8%  이론가커버=84.7% | stream=0 snap=5396 | 최근저장=2026-04-22 09:39:05
2026-04-22 22:39:36 [ChainSaver] 버퍼 엔트리=92 | price_ticks=0 greeks_ticks=0 snap_ticks=19796 | 이론가 커버리지=100.0%
2026-04-22 22:39:36 [ChainSaver] DB 최근5분 rows=5408 | IV커버=97.8%  이론가커버=84.7% | stream=0 snap=5408 | 최근저장=2026-04-22 09:39:35
2026-04-22 22:40:06 [ChainSaver] 버퍼 엔트리=92 | price_ticks=0 greeks_ticks=0 snap_ticks=19796 | 이론가 커버리지=100.0%
2026-04-22 22:40:06 [ChainSaver] DB 최근5분 rows=5420 | IV커버=97.8%  이론가커버=84.8% | stream=0 snap=5420 | 최근저장=2026-04-22 09:40:05
2026-04-22 22:40:36 [ChainSaver] 버퍼 엔트리=92 | price_ticks=0 greeks_ticks=0 snap_ticks=19971 | 이론가 커버리지=100.0%
2026-04-22 22:40:36 [ChainSaver] DB 최근5분 rows=5428 | IV커버=97.8%  이론가커버=84.8% | stream=0 snap=5428 | 최근저장=2026-04-22 09:40:35
2026-04-22 22:41:06 [ChainSaver] 버퍼 엔트리=92 | price_ticks=0 greeks_ticks=0 snap_ticks=19971 | 이론가 커버리지=100.0%
2026-04-22 22:41:06 [ChainSaver] DB 최근5분 rows=5428 | IV커버=97.8%  이론가커버=84.8% | stream=0 snap=5428 | 최근저장=2026-04-22 09:41:05
2026-04-22 22:41:36 [ChainSaver] 버퍼 엔트리=92 | price_ticks=0 greeks_ticks=0 snap_ticks=20146 | 이론가 커버리지=100.0%
2026-04-22 22:41:36 [ChainSaver] DB 최근5분 rows=5428 | IV커버=97.8%  이론가커버=84.8% | stream=0 snap=5428 | 최근저장=2026-04-22 09:41:35
2026-04-22 22:42:06 [ChainSaver] 버퍼 엔트리=92 | price_ticks=0 greeks_ticks=0 snap_ticks=20146 | 이론가 커버리지=100.0%
2026-04-22 22:42:06 [ChainSaver] DB 최근5분 rows=5428 | IV커버=97.8%  이론가커버=84.8% | stream=0 snap=5428 | 최근저장=2026-04-22 09:42:05
2026-04-22 22:42:36 [ChainSaver] 버퍼 엔트리=92 | price_ticks=0 greeks_ticks=0 snap_ticks=20314 | 이론가 커버리지=100.0%
2026-04-22 22:42:36 [ChainSaver] DB 최근5분 rows=5428 | IV커버=97.8%  이론가커버=84.8% | stream=0 snap=5428 | 최근저장=2026-04-22 09:42:35
2026-04-22 22:43:06 [ChainSaver] 버퍼 엔트리=92 | price_ticks=0 greeks_ticks=0 snap_ticks=20314 | 이론가 커버리지=100.0%
2026-04-22 22:43:06 [ChainSaver] DB 최근5분 rows=5520 | IV커버=97.8%  이론가커버=84.8% | stream=0 snap=5520 | 최근저장=2026-04-22 09:43:05
2026-04-22 22:43:36 [ChainSaver] 버퍼 엔트리=92 | price_ticks=0 greeks_ticks=0 snap_ticks=20471 | 이론가 커버리지=100.0%
2026-04-22 22:43:36 [ChainSaver] DB 최근5분 rows=5520 | IV커버=97.8%  이론가커버=84.8% | stream=0 snap=5520 | 최근저장=2026-04-22 09:43:35
2026-04-22 22:44:06 [ChainSaver] 버퍼 엔트리=92 | price_ticks=0 greeks_ticks=0 snap_ticks=20471 | 이론가 커버리지=100.0%
2026-04-22 22:44:06 [ChainSaver] DB 최근5분 rows=5520 | IV커버=97.8%  이론가커버=84.8% | stream=0 snap=5520 | 최근저장=2026-04-22 09:44:05
2026-04-22 22:44:36 [ChainSaver] 버퍼 엔트리=92 | price_ticks=0 greeks_ticks=0 snap_ticks=20651 | 이론가 커버리지=100.0%
2026-04-22 22:44:36 [ChainSaver] DB 최근5분 rows=5520 | IV커버=97.8%  이론가커버=84.8% | stream=0 snap=5520 | 최근저장=2026-04-22 09:44:35
2026-04-22 22:45:06 [ChainSaver] 버퍼 엔트리=92 | price_ticks=0 greeks_ticks=0 snap_ticks=20651 | 이론가 커버리지=100.0%
2026-04-22 22:45:06 [ChainSaver] DB 최근5분 rows=5520 | IV커버=97.8%  이론가커버=84.8% | stream=0 snap=5520 | 최근저장=2026-04-22 09:45:05
2026-04-22 22:45:36 [ChainSaver] 버퍼 엔트리=92 | price_ticks=0 greeks_ticks=0 snap_ticks=20826 | 이론가 커버리지=100.0%
2026-04-22 22:45:36 [ChainSaver] DB 최근5분 rows=5520 | IV커버=97.8%  이론가커버=84.8% | stream=0 snap=5520 | 최근저장=2026-04-22 09:45:35
2026-04-22 22:46:06 [ChainSaver] 버퍼 엔트리=92 | price_ticks=0 greeks_ticks=0 snap_ticks=20826 | 이론가 커버리지=100.0%
2026-04-22 22:46:06 [ChainSaver] DB 최근5분 rows=5520 | IV커버=97.8%  이론가커버=84.8% | stream=0 snap=5520 | 최근저장=2026-04-22 09:46:05
2026-04-22 22:46:36 [ChainSaver] 버퍼 엔트리=92 | price_ticks=0 greeks_ticks=0 snap_ticks=20991 | 이론가 커버리지=100.0%
2026-04-22 22:46:36 [ChainSaver] DB 최근5분 rows=5520 | IV커버=97.8%  이론가커버=84.8% | stream=0 snap=5520 | 최근저장=2026-04-22 09:46:35
2026-04-22 22:47:06 [ChainSaver] 버퍼 엔트리=92 | price_ticks=0 greeks_ticks=0 snap_ticks=20991 | 이론가 커버리지=100.0%
2026-04-22 22:47:06 [ChainSaver] DB 최근5분 rows=5520 | IV커버=97.8%  이론가커버=84.8% | stream=0 snap=5520 | 최근저장=2026-04-22 09:47:05
2026-04-22 22:47:36 [ChainSaver] 버퍼 엔트리=92 | price_ticks=0 greeks_ticks=0 snap_ticks=21163 | 이론가 커버리지=100.0%
2026-04-22 22:47:36 [ChainSaver] DB 최근5분 rows=5520 | IV커버=97.8%  이론가커버=84.8% | stream=0 snap=5520 | 최근저장=2026-04-22 09:47:35
2026-04-22 22:48:06 [ChainSaver] 버퍼 엔트리=92 | price_ticks=0 greeks_ticks=0 snap_ticks=21163 | 이론가 커버리지=100.0%
2026-04-22 22:48:06 [ChainSaver] DB 최근5분 rows=5520 | IV커버=97.8%  이론가커버=84.8% | stream=0 snap=5520 | 최근저장=2026-04-22 09:48:05
2026-04-22 22:48:36 [ChainSaver] 버퍼 엔트리=92 | price_ticks=0 greeks_ticks=0 snap_ticks=21335 | 이론가 커버리지=100.0%
2026-04-22 22:48:36 [ChainSaver] DB 최근5분 rows=5520 | IV커버=97.8%  이론가커버=84.8% | stream=0 snap=5520 | 최근저장=2026-04-22 09:48:35
2026-04-22 22:49:06 [ChainSaver] 버퍼 엔트리=92 | price_ticks=0 greeks_ticks=0 snap_ticks=21335 | 이론가 커버리지=100.0%
2026-04-22 22:49:06 [ChainSaver] DB 최근5분 rows=5520 | IV커버=97.8%  이론가커버=84.8% | stream=0 snap=5520 | 최근저장=2026-04-22 09:49:05
2026-04-22 22:49:36 [ChainSaver] 버퍼 엔트리=92 | price_ticks=0 greeks_ticks=0 snap_ticks=21468 | 이론가 커버리지=100.0%
2026-04-22 22:49:36 [ChainSaver] DB 최근5분 rows=5520 | IV커버=97.8%  이론가커버=84.8% | stream=0 snap=5520 | 최근저장=2026-04-22 09:49:35
2026-04-22 22:50:06 [ChainSaver] 버퍼 엔트리=92 | price_ticks=0 greeks_ticks=0 snap_ticks=21468 | 이론가 커버리지=100.0%
2026-04-22 22:50:06 [ChainSaver] DB 최근5분 rows=5520 | IV커버=97.8%  이론가커버=84.8% | stream=0 snap=5520 | 최근저장=2026-04-22 09:50:05
2026-04-22 22:50:36 [ChainSaver] 버퍼 엔트리=92 | price_ticks=0 greeks_ticks=0 snap_ticks=21649 | 이론가 커버리지=100.0%
2026-04-22 22:50:36 [ChainSaver] DB 최근5분 rows=5520 | IV커버=97.8%  이론가커버=84.8% | stream=0 snap=5520 | 최근저장=2026-04-22 09:50:35
2026-04-22 22:51:06 [ChainSaver] 버퍼 엔트리=92 | price_ticks=0 greeks_ticks=0 snap_ticks=21649 | 이론가 커버리지=100.0%
2026-04-22 22:51:06 [ChainSaver] DB 최근5분 rows=5520 | IV커버=97.8%  이론가커버=84.8% | stream=0 snap=5520 | 최근저장=2026-04-22 09:51:05
2026-04-22 22:51:36 [ChainSaver] 버퍼 엔트리=94 | price_ticks=0 greeks_ticks=0 snap_ticks=21823 | 이론가 커버리지=100.0%
2026-04-22 22:51:36 [ChainSaver] DB 최근5분 rows=5532 | IV커버=97.8%  이론가커버=84.8% | stream=0 snap=5532 | 최근저장=2026-04-22 09:51:35
2026-04-22 22:52:06 [ChainSaver] 버퍼 엔트리=94 | price_ticks=0 greeks_ticks=0 snap_ticks=21823 | 이론가 커버리지=100.0%
2026-04-22 22:52:06 [ChainSaver] DB 최근5분 rows=5544 | IV커버=97.8%  이론가커버=84.8% | stream=0 snap=5544 | 최근저장=2026-04-22 09:52:05
2026-04-23 00:27:52 [ChainSaver] 버퍼 엔트리=0 | price_ticks=0 greeks_ticks=0 snap_ticks=0 | 이론가 커버리지=N/A
2026-04-23 00:27:52 [ChainSaver] DB 최근5분 rows=0 | IV커버=N/A    이론가커버=N/A | stream=0 snap=0 | 최근저장=2026-04-22 09:52:05
2026-04-23 00:28:22 [ChainSaver] 버퍼 엔트리=0 | price_ticks=0 greeks_ticks=0 snap_ticks=0 | 이론가 커버리지=N/A
2026-04-23 00:28:23 [ChainSaver] DB 최근5분 rows=0 | IV커버=N/A    이론가커버=N/A | stream=0 snap=0 | 최근저장=2026-04-22 09:52:05
2026-04-23 00:28:52 [ChainSaver] 버퍼 엔트리=0 | price_ticks=0 greeks_ticks=0 snap_ticks=0 | 이론가 커버리지=N/A
2026-04-23 00:28:52 [ChainSaver] DB 최근5분 rows=0 | IV커버=N/A    이론가커버=N/A | stream=0 snap=0 | 최근저장=2026-04-22 09:52:05
2026-04-23 00:29:22 [ChainSaver] 버퍼 엔트리=0 | price_ticks=0 greeks_ticks=0 snap_ticks=0 | 이론가 커버리지=N/A
2026-04-23 00:29:22 [ChainSaver] DB 최근5분 rows=0 | IV커버=N/A    이론가커버=N/A | stream=0 snap=0 | 최근저장=2026-04-22 09:52:05
2026-04-23 00:29:52 [ChainSaver] 버퍼 엔트리=0 | price_ticks=0 greeks_ticks=0 snap_ticks=0 | 이론가 커버리지=N/A
2026-04-23 00:29:52 [ChainSaver] DB 최근5분 rows=0 | IV커버=N/A    이론가커버=N/A | stream=0 snap=0 | 최근저장=2026-04-22 09:52:05
2026-04-23 00:30:22 [ChainSaver] 버퍼 엔트리=0 | price_ticks=0 greeks_ticks=0 snap_ticks=0 | 이론가 커버리지=N/A
2026-04-23 00:30:22 [ChainSaver] DB 최근5분 rows=0 | IV커버=N/A    이론가커버=N/A | stream=0 snap=0 | 최근저장=2026-04-22 09:52:05
2026-04-23 00:30:52 [ChainSaver] 버퍼 엔트리=0 | price_ticks=0 greeks_ticks=0 snap_ticks=0 | 이론가 커버리지=N/A
2026-04-23 00:30:52 [ChainSaver] DB 최근5분 rows=0 | IV커버=N/A    이론가커버=N/A | stream=0 snap=0 | 최근저장=2026-04-22 09:52:05
2026-04-23 00:31:22 [ChainSaver] 버퍼 엔트리=0 | price_ticks=0 greeks_ticks=0 snap_ticks=0 | 이론가 커버리지=N/A
2026-04-23 00:31:22 [ChainSaver] DB 최근5분 rows=0 | IV커버=N/A    이론가커버=N/A | stream=0 snap=0 | 최근저장=2026-04-22 09:52:05
2026-04-23 00:31:52 [ChainSaver] 버퍼 엔트리=42 | price_ticks=0 greeks_ticks=0 snap_ticks=215 | 이론가 커버리지=100.0%
2026-04-23 00:31:52 [ChainSaver] DB 최근5분 rows=252 | IV커버=100.0% 이론가커버=100.0% | stream=0 snap=252 | 최근저장=2026-04-22 11:31:50
2026-04-23 00:32:22 [ChainSaver] 버퍼 엔트리=42 | price_ticks=0 greeks_ticks=0 snap_ticks=215 | 이론가 커버리지=100.0%
2026-04-23 00:32:22 [ChainSaver] DB 최근5분 rows=504 | IV커버=100.0% 이론가커버=100.0% | stream=0 snap=504 | 최근저장=2026-04-22 11:32:20
2026-04-23 00:32:52 [ChainSaver] 버퍼 엔트리=42 | price_ticks=0 greeks_ticks=0 snap_ticks=442 | 이론가 커버리지=100.0%
2026-04-23 00:32:52 [ChainSaver] DB 최근5분 rows=756 | IV커버=100.0% 이론가커버=100.0% | stream=0 snap=756 | 최근저장=2026-04-22 11:32:50
2026-04-23 00:33:22 [ChainSaver] 버퍼 엔트리=42 | price_ticks=0 greeks_ticks=0 snap_ticks=442 | 이론가 커버리지=100.0%
2026-04-23 00:33:22 [ChainSaver] DB 최근5분 rows=1008 | IV커버=100.0% 이론가커버=100.0% | stream=0 snap=1008 | 최근저장=2026-04-22 11:33:20
2026-04-23 00:37:25 [ChainSaver] 버퍼 엔트리=0 | price_ticks=0 greeks_ticks=0 snap_ticks=0 | 이론가 커버리지=N/A
2026-04-23 00:37:25 [ChainSaver] DB 최근5분 rows=756 | IV커버=100.0% 이론가커버=100.0% | stream=0 snap=756 | 최근저장=2026-04-22 11:33:50
2026-04-23 00:37:55 [ChainSaver] 버퍼 엔트리=0 | price_ticks=0 greeks_ticks=0 snap_ticks=0 | 이론가 커버리지=N/A
2026-04-23 00:37:55 [ChainSaver] DB 최근5분 rows=504 | IV커버=100.0% 이론가커버=100.0% | stream=0 snap=504 | 최근저장=2026-04-22 11:33:50
2026-04-23 00:38:25 [ChainSaver] 버퍼 엔트리=42 | price_ticks=0 greeks_ticks=0 snap_ticks=211 | 이론가 커버리지=100.0%
2026-04-23 00:38:25 [ChainSaver] DB 최근5분 rows=504 | IV커버=81.0%  이론가커버=81.0% | stream=0 snap=504 | 최근저장=2026-04-22 11:38:23
2026-04-23 00:38:55 [ChainSaver] 버퍼 엔트리=42 | price_ticks=0 greeks_ticks=0 snap_ticks=211 | 이론가 커버리지=100.0%
2026-04-23 00:38:55 [ChainSaver] DB 최근5분 rows=504 | IV커버=61.9%  이론가커버=61.9% | stream=0 snap=504 | 최근저장=2026-04-22 11:38:53
2026-04-23 00:39:25 [ChainSaver] 버퍼 엔트리=44 | price_ticks=0 greeks_ticks=0 snap_ticks=495 | 이론가 커버리지=100.0%
2026-04-23 00:39:25 [ChainSaver] DB 최근5분 rows=768 | IV커버=73.4%  이론가커버=73.4% | stream=0 snap=768 | 최근저장=2026-04-22 11:39:23
2026-04-23 00:39:55 [ChainSaver] 버퍼 엔트리=44 | price_ticks=0 greeks_ticks=0 snap_ticks=495 | 이론가 커버리지=100.0%
2026-04-23 00:39:55 [ChainSaver] DB 최근5분 rows=1032 | IV커버=79.1%  이론가커버=79.1% | stream=0 snap=1032 | 최근저장=2026-04-22 11:39:53
2026-04-23 00:40:25 [ChainSaver] 버퍼 엔트리=44 | price_ticks=0 greeks_ticks=0 snap_ticks=787 | 이론가 커버리지=100.0%
2026-04-23 00:40:25 [ChainSaver] DB 최근5분 rows=1296 | IV커버=82.4%  이론가커버=82.4% | stream=0 snap=1296 | 최근저장=2026-04-22 11:40:23
2026-04-23 00:40:55 [ChainSaver] 버퍼 엔트리=44 | price_ticks=0 greeks_ticks=0 snap_ticks=787 | 이론가 커버리지=100.0%
2026-04-23 00:40:55 [ChainSaver] DB 최근5분 rows=1560 | IV커버=84.6%  이론가커버=84.6% | stream=0 snap=1560 | 최근저장=2026-04-22 11:40:53
2026-04-23 00:41:25 [ChainSaver] 버퍼 엔트리=44 | price_ticks=0 greeks_ticks=0 snap_ticks=1053 | 이론가 커버리지=100.0%
2026-04-23 00:41:25 [ChainSaver] DB 최근5분 rows=1824 | IV커버=86.2%  이론가커버=86.2% | stream=0 snap=1824 | 최근저장=2026-04-22 11:41:23
2026-04-23 00:41:55 [ChainSaver] 버퍼 엔트리=44 | price_ticks=0 greeks_ticks=0 snap_ticks=1053 | 이론가 커버리지=100.0%
2026-04-23 00:41:55 [ChainSaver] DB 최근5분 rows=2088 | IV커버=87.4%  이론가커버=87.4% | stream=0 snap=2088 | 최근저장=2026-04-22 11:41:53
2026-04-23 00:42:25 [ChainSaver] 버퍼 엔트리=44 | price_ticks=0 greeks_ticks=0 snap_ticks=1344 | 이론가 커버리지=100.0%
2026-04-23 00:42:25 [ChainSaver] DB 최근5분 rows=2352 | IV커버=88.8%  이론가커버=88.8% | stream=0 snap=2352 | 최근저장=2026-04-22 11:42:23
2026-04-23 00:42:55 [ChainSaver] 버퍼 엔트리=44 | price_ticks=0 greeks_ticks=0 snap_ticks=1344 | 이론가 커버리지=100.0%
2026-04-23 00:42:55 [ChainSaver] DB 최근5분 rows=2616 | IV커버=89.9%  이론가커버=89.9% | stream=0 snap=2616 | 최근저장=2026-04-22 11:42:53
2026-04-23 00:43:25 [ChainSaver] 버퍼 엔트리=44 | price_ticks=0 greeks_ticks=0 snap_ticks=1627 | 이론가 커버리지=100.0%
2026-04-23 00:43:25 [ChainSaver] DB 최근5분 rows=2628 | IV커버=93.6%  이론가커버=93.6% | stream=0 snap=2628 | 최근저장=2026-04-22 11:43:23
2026-04-23 00:43:55 [ChainSaver] 버퍼 엔트리=44 | price_ticks=0 greeks_ticks=0 snap_ticks=1627 | 이론가 커버리지=100.0%
2026-04-23 00:43:55 [ChainSaver] DB 최근5분 rows=2640 | IV커버=97.3%  이론가커버=97.3% | stream=0 snap=2640 | 최근저장=2026-04-22 11:43:53
2026-04-23 00:44:25 [ChainSaver] 버퍼 엔트리=44 | price_ticks=0 greeks_ticks=0 snap_ticks=1920 | 이론가 커버리지=100.0%
2026-04-23 00:44:25 [ChainSaver] DB 최근5분 rows=2640 | IV커버=97.7%  이론가커버=97.7% | stream=0 snap=2640 | 최근저장=2026-04-22 11:44:23
2026-04-23 00:44:55 [ChainSaver] 버퍼 엔트리=44 | price_ticks=0 greeks_ticks=0 snap_ticks=1920 | 이론가 커버리지=100.0%
2026-04-23 00:44:55 [ChainSaver] DB 최근5분 rows=2640 | IV커버=98.2%  이론가커버=98.2% | stream=0 snap=2640 | 최근저장=2026-04-22 11:44:53
2026-04-23 00:45:25 [ChainSaver] 버퍼 엔트리=46 | price_ticks=0 greeks_ticks=0 snap_ticks=2211 | 이론가 커버리지=100.0%
2026-04-23 00:45:25 [ChainSaver] DB 최근5분 rows=2652 | IV커버=98.6%  이론가커버=98.6% | stream=0 snap=2652 | 최근저장=2026-04-22 11:45:23
2026-04-23 00:45:55 [ChainSaver] 버퍼 엔트리=46 | price_ticks=0 greeks_ticks=0 snap_ticks=2211 | 이론가 커버리지=100.0%
2026-04-23 00:45:55 [ChainSaver] DB 최근5분 rows=2664 | IV커버=99.1%  이론가커버=99.1% | stream=0 snap=2664 | 최근저장=2026-04-22 11:45:53
2026-04-23 00:46:25 [ChainSaver] 버퍼 엔트리=46 | price_ticks=0 greeks_ticks=0 snap_ticks=2504 | 이론가 커버리지=100.0%
2026-04-23 00:46:25 [ChainSaver] DB 최근5분 rows=2676 | IV커버=99.6%  이론가커버=99.6% | stream=0 snap=2676 | 최근저장=2026-04-22 11:46:23
2026-04-23 00:46:55 [ChainSaver] 버퍼 엔트리=46 | price_ticks=0 greeks_ticks=0 snap_ticks=2504 | 이론가 커버리지=100.0%
2026-04-23 00:46:55 [ChainSaver] DB 최근5분 rows=2688 | IV커버=100.0% 이론가커버=100.0% | stream=0 snap=2688 | 최근저장=2026-04-22 11:46:53
2026-04-23 00:47:25 [ChainSaver] 버퍼 엔트리=46 | price_ticks=0 greeks_ticks=0 snap_ticks=2612 | 이론가 커버리지=100.0%
2026-04-23 00:47:25 [ChainSaver] DB 최근5분 rows=2700 | IV커버=100.0% 이론가커버=100.0% | stream=0 snap=2700 | 최근저장=2026-04-22 11:47:23
2026-04-23 00:47:55 [ChainSaver] 버퍼 엔트리=46 | price_ticks=0 greeks_ticks=0 snap_ticks=2612 | 이론가 커버리지=100.0%
2026-04-23 00:47:55 [ChainSaver] DB 최근5분 rows=2712 | IV커버=100.0% 이론가커버=100.0% | stream=0 snap=2712 | 최근저장=2026-04-22 11:47:53
2026-04-23 00:48:25 [ChainSaver] 버퍼 엔트리=46 | price_ticks=0 greeks_ticks=0 snap_ticks=2905 | 이론가 커버리지=100.0%
2026-04-23 00:48:25 [ChainSaver] DB 최근5분 rows=2724 | IV커버=100.0% 이론가커버=100.0% | stream=0 snap=2724 | 최근저장=2026-04-22 11:48:23
2026-04-23 00:48:55 [ChainSaver] 버퍼 엔트리=46 | price_ticks=0 greeks_ticks=0 snap_ticks=2905 | 이론가 커버리지=100.0%
2026-04-23 00:48:55 [ChainSaver] DB 최근5분 rows=2736 | IV커버=100.0% 이론가커버=100.0% | stream=0 snap=2736 | 최근저장=2026-04-22 11:48:53
2026-04-23 00:49:43 [ChainSaver] 버퍼 엔트리=0 | price_ticks=0 greeks_ticks=0 snap_ticks=0 | 이론가 커버리지=N/A
2026-04-23 00:49:43 [ChainSaver] DB 최근5분 rows=2340 | IV커버=100.0% 이론가커버=100.0% | stream=0 snap=2340 | 최근저장=2026-04-22 11:48:53
2026-04-23 00:50:13 [ChainSaver] 버퍼 엔트리=0 | price_ticks=0 greeks_ticks=0 snap_ticks=0 | 이론가 커버리지=N/A
2026-04-23 00:50:13 [ChainSaver] DB 최근5분 rows=2070 | IV커버=100.0% 이론가커버=100.0% | stream=0 snap=2070 | 최근저장=2026-04-22 11:48:53
2026-04-23 00:50:43 [ChainSaver] 버퍼 엔트리=42 | price_ticks=0 greeks_ticks=0 snap_ticks=279 | 이론가 커버리지=100.0%
2026-04-23 00:50:43 [ChainSaver] DB 최근5분 rows=2046 | IV커버=99.4%  이론가커버=99.4% | stream=0 snap=2046 | 최근저장=2026-04-22 11:50:41
2026-04-23 00:51:13 [ChainSaver] 버퍼 엔트리=42 | price_ticks=0 greeks_ticks=0 snap_ticks=279 | 이론가 커버리지=100.0%
2026-04-23 00:51:13 [ChainSaver] DB 최근5분 rows=2022 | IV커버=98.8%  이론가커버=98.8% | stream=0 snap=2022 | 최근저장=2026-04-22 11:51:11
2026-04-23 00:51:43 [ChainSaver] 버퍼 엔트리=42 | price_ticks=0 greeks_ticks=0 snap_ticks=571 | 이론가 커버리지=100.0%
2026-04-23 00:51:43 [ChainSaver] DB 최근5분 rows=1998 | IV커버=98.8%  이론가커버=98.8% | stream=0 snap=1998 | 최근저장=2026-04-22 11:51:41
2026-04-23 00:52:36 [ChainSaver] 버퍼 엔트리=0 | price_ticks=0 greeks_ticks=0 snap_ticks=0 | 이론가 커버리지=N/A
2026-04-23 00:52:36 [ChainSaver] DB 최근5분 rows=1576 | IV커버=98.5%  이론가커버=98.5% | stream=0 snap=1576 | 최근저장=2026-04-22 11:51:51
2026-04-23 00:53:06 [ChainSaver] 버퍼 엔트리=0 | price_ticks=0 greeks_ticks=0 snap_ticks=0 | 이론가 커버리지=N/A
2026-04-23 00:53:06 [ChainSaver] DB 최근5분 rows=1300 | IV커버=98.2%  이론가커버=98.2% | stream=0 snap=1300 | 최근저장=2026-04-22 11:51:51
2026-04-23 00:53:36 [ChainSaver] 버퍼 엔트리=42 | price_ticks=0 greeks_ticks=0 snap_ticks=216 | 이론가 커버리지=100.0%
2026-04-23 00:53:36 [ChainSaver] DB 최근5분 rows=1276 | IV커버=98.1%  이론가커버=98.1% | stream=0 snap=1276 | 최근저장=2026-04-22 11:53:34
2026-04-23 00:54:06 [ChainSaver] 버퍼 엔트리=42 | price_ticks=0 greeks_ticks=0 snap_ticks=216 | 이론가 커버리지=100.0%
2026-04-23 00:54:06 [ChainSaver] DB 최근5분 rows=1344 | IV커버=98.2%  이론가커버=98.2% | stream=0 snap=1344 | 최근저장=2026-04-22 11:54:04
2026-04-23 00:54:56 [ChainSaver] 버퍼 엔트리=0 | price_ticks=0 greeks_ticks=0 snap_ticks=0 | 이론가 커버리지=N/A
2026-04-23 00:54:56 [ChainSaver] DB 최근5분 rows=1428 | IV커버=98.3%  이론가커버=98.3% | stream=0 snap=1428 | 최근저장=2026-04-22 11:54:14
2026-04-23 00:55:26 [ChainSaver] 버퍼 엔트리=0 | price_ticks=0 greeks_ticks=0 snap_ticks=0 | 이론가 커버리지=N/A
2026-04-23 00:55:26 [ChainSaver] DB 최근5분 rows=1344 | IV커버=98.5%  이론가커버=98.5% | stream=0 snap=1344 | 최근저장=2026-04-22 11:54:14
2026-04-23 00:55:56 [ChainSaver] 버퍼 엔트리=42 | price_ticks=0 greeks_ticks=0 snap_ticks=214 | 이론가 커버리지=100.0%
2026-04-23 00:55:56 [ChainSaver] DB 최근5분 rows=1344 | IV커버=99.4%  이론가커버=99.4% | stream=0 snap=1344 | 최근저장=2026-04-22 11:55:54
2026-04-23 00:56:26 [ChainSaver] 버퍼 엔트리=42 | price_ticks=0 greeks_ticks=0 snap_ticks=214 | 이론가 커버리지=100.0%
2026-04-23 00:56:26 [ChainSaver] DB 최근5분 rows=1344 | IV커버=100.0% 이론가커버=100.0% | stream=0 snap=1344 | 최근저장=2026-04-22 11:56:24
2026-04-23 00:57:05 [ChainSaver] 버퍼 엔트리=0 | price_ticks=0 greeks_ticks=0 snap_ticks=0 | 이론가 커버리지=N/A
2026-04-23 00:57:05 [ChainSaver] DB 최근5분 rows=1092 | IV커버=100.0% 이론가커버=100.0% | stream=0 snap=1092 | 최근저장=2026-04-22 11:56:24
2026-04-23 00:57:35 [ChainSaver] 버퍼 엔트리=0 | price_ticks=0 greeks_ticks=0 snap_ticks=0 | 이론가 커버리지=N/A
2026-04-23 00:57:35 [ChainSaver] DB 최근5분 rows=1092 | IV커버=100.0% 이론가커버=100.0% | stream=0 snap=1092 | 최근저장=2026-04-22 11:56:24
2026-04-23 00:58:05 [ChainSaver] 버퍼 엔트리=42 | price_ticks=0 greeks_ticks=0 snap_ticks=286 | 이론가 커버리지=100.0%
2026-04-23 00:58:05 [ChainSaver] DB 최근5분 rows=1344 | IV커버=99.6%  이론가커버=99.6% | stream=0 snap=1344 | 최근저장=2026-04-22 11:58:03
2026-04-23 00:58:35 [ChainSaver] 버퍼 엔트리=42 | price_ticks=0 greeks_ticks=0 snap_ticks=286 | 이론가 커버리지=100.0%
2026-04-23 00:58:35 [ChainSaver] DB 최근5분 rows=1344 | IV커버=99.1%  이론가커버=99.1% | stream=0 snap=1344 | 최근저장=2026-04-22 11:58:33
2026-04-23 00:59:52 [ChainSaver] 버퍼 엔트리=0 | price_ticks=0 greeks_ticks=0 snap_ticks=0 | 이론가 커버리지=N/A
2026-04-23 00:59:52 [ChainSaver] DB 최근5분 rows=1096 | IV커버=98.9%  이론가커버=98.9% | stream=0 snap=1096 | 최근저장=2026-04-22 11:58:43
2026-04-23 01:00:22 [ChainSaver] 버퍼 엔트리=0 | price_ticks=0 greeks_ticks=0 snap_ticks=0 | 이론가 커버리지=N/A
2026-04-23 01:00:22 [ChainSaver] DB 최근5분 rows=1096 | IV커버=98.9%  이론가커버=98.9% | stream=0 snap=1096 | 최근저장=2026-04-22 11:58:43
2026-04-23 01:00:52 [ChainSaver] 버퍼 엔트리=0 | price_ticks=0 greeks_ticks=0 snap_ticks=0 | 이론가 커버리지=N/A
2026-04-23 01:00:52 [ChainSaver] DB 최근5분 rows=886 | IV커버=98.6%  이론가커버=98.6% | stream=0 snap=886 | 최근저장=2026-04-22 11:58:43
2026-04-23 01:01:22 [ChainSaver] 버퍼 엔트리=0 | price_ticks=0 greeks_ticks=0 snap_ticks=0 | 이론가 커버리지=N/A
2026-04-23 01:01:22 [ChainSaver] DB 최근5분 rows=634 | IV커버=98.1%  이론가커버=98.1% | stream=0 snap=634 | 최근저장=2026-04-22 11:58:43
2026-04-23 01:01:52 [ChainSaver] 버퍼 엔트리=0 | price_ticks=0 greeks_ticks=0 snap_ticks=0 | 이론가 커버리지=N/A
2026-04-23 01:01:52 [ChainSaver] DB 최근5분 rows=592 | IV커버=98.0%  이론가커버=98.0% | stream=0 snap=592 | 최근저장=2026-04-22 11:58:43
2026-04-23 01:02:22 [ChainSaver] 버퍼 엔트리=0 | price_ticks=0 greeks_ticks=0 snap_ticks=0 | 이론가 커버리지=N/A
2026-04-23 01:02:22 [ChainSaver] DB 최근5분 rows=592 | IV커버=98.0%  이론가커버=98.0% | stream=0 snap=592 | 최근저장=2026-04-22 11:58:43
2026-04-23 01:03:21 [ChainSaver] 버퍼 엔트리=0 | price_ticks=0 greeks_ticks=0 snap_ticks=0 | 이론가 커버리지=N/A
2026-04-23 01:03:21 [ChainSaver] DB 최근5분 rows=214 | IV커버=98.6%  이론가커버=98.6% | stream=0 snap=214 | 최근저장=2026-04-22 11:58:43
2026-04-23 01:03:51 [ChainSaver] 버퍼 엔트리=0 | price_ticks=0 greeks_ticks=0 snap_ticks=0 | 이론가 커버리지=N/A
2026-04-23 01:03:51 [ChainSaver] DB 최근5분 rows=0 | IV커버=N/A    이론가커버=N/A | stream=0 snap=0 | 최근저장=2026-04-22 11:58:43
2026-04-23 01:04:21 [ChainSaver] 버퍼 엔트리=42 | price_ticks=0 greeks_ticks=0 snap_ticks=288 | 이론가 커버리지=100.0%
2026-04-23 01:04:21 [ChainSaver] DB 최근5분 rows=252 | IV커버=97.6%  이론가커버=97.6% | stream=0 snap=252 | 최근저장=2026-04-22 12:04:19
2026-04-23 01:04:51 [ChainSaver] 버퍼 엔트리=42 | price_ticks=0 greeks_ticks=0 snap_ticks=288 | 이론가 커버리지=100.0%
2026-04-23 01:04:51 [ChainSaver] DB 최근5분 rows=504 | IV커버=97.6%  이론가커버=97.6% | stream=0 snap=504 | 최근저장=2026-04-22 12:04:49
2026-04-23 01:05:21 [ChainSaver] 버퍼 엔트리=44 | price_ticks=0 greeks_ticks=0 snap_ticks=579 | 이론가 커버리지=100.0%
2026-04-23 01:05:21 [ChainSaver] DB 최근5분 rows=768 | IV커버=98.4%  이론가커버=98.4% | stream=0 snap=768 | 최근저장=2026-04-22 12:05:19
2026-04-23 01:05:51 [ChainSaver] 버퍼 엔트리=44 | price_ticks=0 greeks_ticks=0 snap_ticks=579 | 이론가 커버리지=100.0%
2026-04-23 01:05:51 [ChainSaver] DB 최근5분 rows=1032 | IV커버=98.8%  이론가커버=98.8% | stream=0 snap=1032 | 최근저장=2026-04-22 12:05:49
2026-04-23 01:06:21 [ChainSaver] 버퍼 엔트리=44 | price_ticks=0 greeks_ticks=0 snap_ticks=870 | 이론가 커버리지=100.0%
2026-04-23 01:06:21 [ChainSaver] DB 최근5분 rows=1296 | IV커버=99.1%  이론가커버=99.1% | stream=0 snap=1296 | 최근저장=2026-04-22 12:06:19
2026-04-23 01:06:51 [ChainSaver] 버퍼 엔트리=44 | price_ticks=0 greeks_ticks=0 snap_ticks=870 | 이론가 커버리지=100.0%
2026-04-23 01:06:51 [ChainSaver] DB 최근5분 rows=1560 | IV커버=99.2%  이론가커버=99.2% | stream=0 snap=1560 | 최근저장=2026-04-22 12:06:49
2026-04-23 01:07:21 [ChainSaver] 버퍼 엔트리=44 | price_ticks=0 greeks_ticks=0 snap_ticks=1161 | 이론가 커버리지=100.0%
2026-04-23 01:07:21 [ChainSaver] DB 최근5분 rows=1824 | IV커버=99.3%  이론가커버=99.3% | stream=0 snap=1824 | 최근저장=2026-04-22 12:07:19
2026-04-23 01:07:51 [ChainSaver] 버퍼 엔트리=44 | price_ticks=0 greeks_ticks=0 snap_ticks=1161 | 이론가 커버리지=100.0%
2026-04-23 01:07:51 [ChainSaver] DB 최근5분 rows=2088 | IV커버=99.4%  이론가커버=99.4% | stream=0 snap=2088 | 최근저장=2026-04-22 12:07:49
2026-04-23 01:08:21 [ChainSaver] 버퍼 엔트리=44 | price_ticks=0 greeks_ticks=0 snap_ticks=1452 | 이론가 커버리지=100.0%
2026-04-23 01:08:21 [ChainSaver] DB 최근5분 rows=2352 | IV커버=99.5%  이론가커버=99.5% | stream=0 snap=2352 | 최근저장=2026-04-22 12:08:19
2026-04-23 01:08:51 [ChainSaver] 버퍼 엔트리=44 | price_ticks=0 greeks_ticks=0 snap_ticks=1452 | 이론가 커버리지=100.0%
2026-04-23 01:08:51 [ChainSaver] DB 최근5분 rows=2616 | IV커버=99.5%  이론가커버=99.5% | stream=0 snap=2616 | 최근저장=2026-04-22 12:08:49
2026-04-23 01:09:21 [ChainSaver] 버퍼 엔트리=44 | price_ticks=0 greeks_ticks=0 snap_ticks=1740 | 이론가 커버리지=100.0%
2026-04-23 01:09:21 [ChainSaver] DB 최근5분 rows=2628 | IV커버=99.8%  이론가커버=99.8% | stream=0 snap=2628 | 최근저장=2026-04-22 12:09:19
2026-04-23 01:09:51 [ChainSaver] 버퍼 엔트리=44 | price_ticks=0 greeks_ticks=0 snap_ticks=1740 | 이론가 커버리지=100.0%
2026-04-23 01:09:51 [ChainSaver] DB 최근5분 rows=2640 | IV커버=100.0% 이론가커버=100.0% | stream=0 snap=2640 | 최근저장=2026-04-22 12:09:49
2026-04-23 01:10:21 [ChainSaver] 버퍼 엔트리=44 | price_ticks=0 greeks_ticks=0 snap_ticks=1994 | 이론가 커버리지=100.0%
2026-04-23 01:10:21 [ChainSaver] DB 최근5분 rows=2640 | IV커버=100.0% 이론가커버=100.0% | stream=0 snap=2640 | 최근저장=2026-04-22 12:10:19
2026-04-23 01:10:51 [ChainSaver] 버퍼 엔트리=44 | price_ticks=0 greeks_ticks=0 snap_ticks=1994 | 이론가 커버리지=100.0%
2026-04-23 01:10:51 [ChainSaver] DB 최근5분 rows=2640 | IV커버=100.0% 이론가커버=100.0% | stream=0 snap=2640 | 최근저장=2026-04-22 12:10:49
2026-04-23 01:11:21 [ChainSaver] 버퍼 엔트리=44 | price_ticks=0 greeks_ticks=0 snap_ticks=2285 | 이론가 커버리지=100.0%
2026-04-23 01:11:21 [ChainSaver] DB 최근5분 rows=2640 | IV커버=100.0% 이론가커버=100.0% | stream=0 snap=2640 | 최근저장=2026-04-22 12:11:19
2026-04-23 01:11:51 [ChainSaver] 버퍼 엔트리=44 | price_ticks=0 greeks_ticks=0 snap_ticks=2285 | 이론가 커버리지=100.0%
2026-04-23 01:11:51 [ChainSaver] DB 최근5분 rows=2640 | IV커버=100.0% 이론가커버=100.0% | stream=0 snap=2640 | 최근저장=2026-04-22 12:11:49
2026-04-23 01:12:21 [ChainSaver] 버퍼 엔트리=44 | price_ticks=0 greeks_ticks=0 snap_ticks=2577 | 이론가 커버리지=100.0%
2026-04-23 01:12:21 [ChainSaver] DB 최근5분 rows=2640 | IV커버=100.0% 이론가커버=100.0% | stream=0 snap=2640 | 최근저장=2026-04-22 12:12:19
2026-04-23 01:13:17 [ChainSaver] 버퍼 엔트리=70 | price_ticks=554 greeks_ticks=733 snap_ticks=316 | 이론가 커버리지=100.0%
2026-04-23 01:13:17 [ChainSaver] DB 최근5분 rows=2284 | IV커버=98.0%  이론가커버=98.0% | stream=68 snap=2216 | 최근저장=2026-04-22 12:13:10
2026-04-23 01:13:47 [ChainSaver] 버퍼 엔트리=70 | price_ticks=1584 greeks_ticks=2249 snap_ticks=1254 | 이론가 커버리지=100.0%
2026-04-23 01:13:47 [ChainSaver] DB 최근5분 rows=2440 | IV커버=96.9%  이론가커버=96.9% | stream=308 snap=2132 | 최근저장=2026-04-22 12:13:40
2026-04-23 01:14:17 [ChainSaver] 버퍼 엔트리=112 | price_ticks=2458 greeks_ticks=3928 snap_ticks=2406 | 이론가 커버리지=100.0%
2026-04-23 01:14:17 [ChainSaver] DB 최근5분 rows=2806 | IV커버=96.7%  이론가커버=96.7% | stream=548 snap=2258 | 최근저장=2026-04-22 12:14:10
2026-04-23 01:14:47 [ChainSaver] 버퍼 엔트리=114 | price_ticks=3554 greeks_ticks=5653 snap_ticks=3344 | 이론가 커버리지=100.0%
2026-04-23 01:14:47 [ChainSaver] DB 최근5분 rows=3224 | IV커버=96.6%  이론가커버=96.6% | stream=788 snap=2436 | 최근저장=2026-04-22 12:14:40
2026-04-23 01:15:17 [ChainSaver] 버퍼 엔트리=116 | price_ticks=4568 greeks_ticks=7475 snap_ticks=4586 | 이론가 커버리지=100.0%
2026-04-23 01:15:17 [ChainSaver] DB 최근5분 rows=3654 | IV커버=97.0%  이론가커버=97.0% | stream=1028 snap=2626 | 최근저장=2026-04-22 12:15:10
2026-04-23 01:15:47 [ChainSaver] 버퍼 엔트리=116 | price_ticks=5554 greeks_ticks=9337 snap_ticks=5510 | 이론가 커버리지=100.0%
2026-04-23 01:15:47 [ChainSaver] DB 최근5분 rows=4086 | IV커버=97.3%  이론가커버=97.3% | stream=1268 snap=2818 | 최근저장=2026-04-22 12:15:40
2026-04-23 01:16:17 [ChainSaver] 버퍼 엔트리=116 | price_ticks=6484 greeks_ticks=11155 snap_ticks=6730 | 이론가 커버리지=100.0%
2026-04-23 01:16:17 [ChainSaver] DB 최근5분 rows=4518 | IV커버=97.6%  이론가커버=97.6% | stream=1508 snap=3010 | 최근저장=2026-04-22 12:16:10
2026-04-23 01:16:47 [ChainSaver] 버퍼 엔트리=116 | price_ticks=7493 greeks_ticks=12897 snap_ticks=7696 | 이론가 커버리지=100.0%
2026-04-23 01:16:47 [ChainSaver] DB 최근5분 rows=4950 | IV커버=97.8%  이론가커버=97.8% | stream=1748 snap=3202 | 최근저장=2026-04-22 12:16:40
2026-04-23 01:17:17 [ChainSaver] 버퍼 엔트리=116 | price_ticks=8295 greeks_ticks=14677 snap_ticks=8969 | 이론가 커버리지=100.0%
2026-04-23 01:17:17 [ChainSaver] DB 최근5분 rows=5382 | IV커버=98.0%  이론가커버=98.0% | stream=1988 snap=3394 | 최근저장=2026-04-22 12:17:10
2026-04-23 01:17:47 [ChainSaver] 버퍼 엔트리=116 | price_ticks=9115 greeks_ticks=16538 snap_ticks=9941 | 이론가 커버리지=100.0%
2026-04-23 01:17:47 [ChainSaver] DB 최근5분 rows=6034 | IV커버=98.2%  이론가커버=98.2% | stream=2228 snap=3806 | 최근저장=2026-04-22 12:17:40
2026-04-23 01:18:46 [ChainSaver] 버퍼 엔트리=72 | price_ticks=727 greeks_ticks=1059 snap_ticks=705 | 이론가 커버리지=100.0%
2026-04-23 01:18:46 [ChainSaver] DB 최근5분 rows=6137 | IV커버=99.5%  이론가커버=99.4% | stream=2172 snap=3965 | 최근저장=2026-04-22 12:18:44
2026-04-23 01:19:16 [ChainSaver] 버퍼 엔트리=72 | price_ticks=1872 greeks_ticks=2935 snap_ticks=1685 | 이론가 커버리지=100.0%
2026-04-23 01:19:16 [ChainSaver] DB 최근5분 rows=5897 | IV커버=99.8%  이론가커버=99.7% | stream=2172 snap=3725 | 최근저장=2026-04-22 12:19:14
2026-04-23 01:19:46 [ChainSaver] 버퍼 엔트리=114 | price_ticks=3132 greeks_ticks=4712 snap_ticks=2892 | 이론가 커버리지=100.0%
2026-04-23 01:19:46 [ChainSaver] DB 최근5분 rows=5897 | IV커버=100.0% 이론가커버=99.9% | stream=2172 snap=3725 | 최근저장=2026-04-22 12:19:44
2026-04-23 01:20:16 [ChainSaver] 버퍼 엔트리=114 | price_ticks=4682 greeks_ticks=6547 snap_ticks=3886 | 이론가 커버리지=100.0%
2026-04-23 01:20:16 [ChainSaver] DB 최근5분 rows=5885 | IV커버=100.0% 이론가커버=99.9% | stream=2172 snap=3713 | 최근저장=2026-04-22 12:20:14
2026-04-23 01:20:46 [ChainSaver] 버퍼 엔트리=114 | price_ticks=5966 greeks_ticks=8367 snap_ticks=5085 | 이론가 커버리지=100.0%
2026-04-23 01:20:46 [ChainSaver] DB 최근5분 rows=5873 | IV커버=100.0% 이론가커버=99.9% | stream=2172 snap=3701 | 최근저장=2026-04-22 12:20:44
2026-04-23 01:21:16 [ChainSaver] 버퍼 엔트리=114 | price_ticks=7206 greeks_ticks=10249 snap_ticks=6079 | 이론가 커버리지=100.0%
2026-04-23 01:21:16 [ChainSaver] DB 최근5분 rows=5861 | IV커버=100.0% 이론가커버=99.9% | stream=2172 snap=3689 | 최근저장=2026-04-22 12:21:14
2026-04-23 01:21:46 [ChainSaver] 버퍼 엔트리=114 | price_ticks=8278 greeks_ticks=12080 snap_ticks=7241 | 이론가 커버리지=100.0%
2026-04-23 01:21:46 [ChainSaver] DB 최근5분 rows=5849 | IV커버=100.0% 이론가커버=99.9% | stream=2172 snap=3677 | 최근저장=2026-04-22 12:21:44
2026-04-23 01:22:16 [ChainSaver] 버퍼 엔트리=114 | price_ticks=9203 greeks_ticks=13935 snap_ticks=8235 | 이론가 커버리지=100.0%
2026-04-23 01:22:16 [ChainSaver] DB 최근5분 rows=5837 | IV커버=100.0% 이론가커버=99.9% | stream=2172 snap=3665 | 최근저장=2026-04-22 12:22:14
2026-04-23 01:22:46 [ChainSaver] 버퍼 엔트리=114 | price_ticks=10045 greeks_ticks=15760 snap_ticks=9437 | 이론가 커버리지=100.0%
2026-04-23 01:22:46 [ChainSaver] DB 최근5분 rows=5825 | IV커버=100.0% 이론가커버=99.9% | stream=2172 snap=3653 | 최근저장=2026-04-22 12:22:44
2026-04-23 01:23:16 [ChainSaver] 버퍼 엔트리=114 | price_ticks=10854 greeks_ticks=17609 snap_ticks=10429 | 이론가 커버리지=100.0%
2026-04-23 01:23:16 [ChainSaver] DB 최근5분 rows=6161 | IV커버=100.0% 이론가커버=99.9% | stream=2292 snap=3869 | 최근저장=2026-04-22 12:23:14
2026-04-23 01:23:46 [ChainSaver] 버퍼 엔트리=114 | price_ticks=11632 greeks_ticks=19333 snap_ticks=11620 | 이론가 커버리지=100.0%
2026-04-23 01:23:46 [ChainSaver] DB 최근5분 rows=6588 | IV커버=100.0% 이론가커버=100.0% | stream=2400 snap=4188 | 최근저장=2026-04-22 12:23:44
2026-04-23 01:24:16 [ChainSaver] 버퍼 엔트리=114 | price_ticks=12466 greeks_ticks=21191 snap_ticks=12614 | 이론가 커버리지=100.0%
2026-04-23 01:24:16 [ChainSaver] DB 최근5분 rows=6840 | IV커버=100.0% 이론가커버=100.0% | stream=2400 snap=4440 | 최근저장=2026-04-22 12:24:14
2026-04-23 01:24:46 [ChainSaver] 버퍼 엔트리=114 | price_ticks=13452 greeks_ticks=23033 snap_ticks=13824 | 이론가 커버리지=100.0%
2026-04-23 01:24:46 [ChainSaver] DB 최근5분 rows=6840 | IV커버=100.0% 이론가커버=100.0% | stream=2400 snap=4440 | 최근저장=2026-04-22 12:24:44
2026-04-23 01:25:16 [ChainSaver] 버퍼 엔트리=114 | price_ticks=14657 greeks_ticks=24858 snap_ticks=14694 | 이론가 커버리지=100.0%
2026-04-23 01:25:16 [ChainSaver] DB 최근5분 rows=6840 | IV커버=100.0% 이론가커버=100.0% | stream=2400 snap=4440 | 최근저장=2026-04-22 12:25:14
2026-04-23 01:25:46 [ChainSaver] 버퍼 엔트리=114 | price_ticks=15782 greeks_ticks=26713 snap_ticks=15905 | 이론가 커버리지=100.0%
2026-04-23 01:25:46 [ChainSaver] DB 최근5분 rows=6840 | IV커버=100.0% 이론가커버=100.0% | stream=2400 snap=4440 | 최근저장=2026-04-22 12:25:44
2026-04-23 01:26:16 [ChainSaver] 버퍼 엔트리=114 | price_ticks=16668 greeks_ticks=28569 snap_ticks=16927 | 이론가 커버리지=100.0%
2026-04-23 01:26:16 [ChainSaver] DB 최근5분 rows=6840 | IV커버=100.0% 이론가커버=100.0% | stream=2400 snap=4440 | 최근저장=2026-04-22 12:26:14
2026-04-23 01:26:46 [ChainSaver] 버퍼 엔트리=114 | price_ticks=17716 greeks_ticks=30179 snap_ticks=18178 | 이론가 커버리지=100.0%
2026-04-23 01:26:46 [ChainSaver] DB 최근5분 rows=6840 | IV커버=100.0% 이론가커버=100.0% | stream=2400 snap=4440 | 최근저장=2026-04-22 12:26:44
2026-04-23 01:27:16 [ChainSaver] 버퍼 엔트리=114 | price_ticks=18628 greeks_ticks=31885 snap_ticks=19200 | 이론가 커버리지=100.0%
2026-04-23 01:27:16 [ChainSaver] DB 최근5분 rows=6840 | IV커버=100.0% 이론가커버=100.0% | stream=2400 snap=4440 | 최근저장=2026-04-22 12:27:14
2026-04-23 01:27:46 [ChainSaver] 버퍼 엔트리=114 | price_ticks=19752 greeks_ticks=33756 snap_ticks=20369 | 이론가 커버리지=100.0%
2026-04-23 01:27:46 [ChainSaver] DB 최근5분 rows=6840 | IV커버=100.0% 이론가커버=100.0% | stream=2400 snap=4440 | 최근저장=2026-04-22 12:27:44
2026-04-23 01:28:16 [ChainSaver] 버퍼 엔트리=114 | price_ticks=20691 greeks_ticks=35510 snap_ticks=21363 | 이론가 커버리지=100.0%
2026-04-23 01:28:16 [ChainSaver] DB 최근5분 rows=6840 | IV커버=100.0% 이론가커버=100.0% | stream=2400 snap=4440 | 최근저장=2026-04-22 12:28:14
2026-04-23 01:28:46 [ChainSaver] 버퍼 엔트리=114 | price_ticks=21406 greeks_ticks=37329 snap_ticks=22236 | 이론가 커버리지=100.0%
2026-04-23 01:28:46 [ChainSaver] DB 최근5분 rows=6612 | IV커버=100.0% 이론가커버=100.0% | stream=2320 snap=4292 | 최근저장=2026-04-22 12:28:44
2026-04-23 01:29:16 [ChainSaver] 버퍼 엔트리=114 | price_ticks=22542 greeks_ticks=39070 snap_ticks=23126 | 이론가 커버리지=100.0%
2026-04-23 01:29:16 [ChainSaver] DB 최근5분 rows=6612 | IV커버=100.0% 이론가커버=100.0% | stream=2320 snap=4292 | 최근저장=2026-04-22 12:29:14
2026-04-23 01:29:46 [ChainSaver] 버퍼 엔트리=115 | price_ticks=23889 greeks_ticks=40942 snap_ticks=24206 | 이론가 커버리지=100.0%
2026-04-23 01:29:46 [ChainSaver] DB 최근5분 rows=6617 | IV커버=100.0% 이론가커버=100.0% | stream=2320 snap=4297 | 최근저장=2026-04-22 12:29:44
2026-04-23 01:30:16 [ChainSaver] 버퍼 엔트리=115 | price_ticks=26442 greeks_ticks=42735 snap_ticks=25094 | 이론가 커버리지=100.0%
2026-04-23 01:30:16 [ChainSaver] DB 최근5분 rows=6623 | IV커버=100.0% 이론가커버=100.0% | stream=2320 snap=4303 | 최근저장=2026-04-22 12:30:14
2026-04-23 01:30:46 [ChainSaver] 버퍼 엔트리=117 | price_ticks=29107 greeks_ticks=44612 snap_ticks=26247 | 이론가 커버리지=100.0%
2026-04-23 01:30:46 [ChainSaver] DB 최근5분 rows=6641 | IV커버=100.0% 이론가커버=100.0% | stream=2320 snap=4321 | 최근저장=2026-04-22 12:30:44
2026-04-23 01:31:16 [ChainSaver] 버퍼 엔트리=117 | price_ticks=30919 greeks_ticks=46447 snap_ticks=27197 | 이론가 커버리지=100.0%
2026-04-23 01:31:16 [ChainSaver] DB 최근5분 rows=6659 | IV커버=100.0% 이론가커버=100.0% | stream=2320 snap=4339 | 최근저장=2026-04-22 12:31:14
2026-04-23 01:31:46 [ChainSaver] 버퍼 엔트리=117 | price_ticks=32590 greeks_ticks=48306 snap_ticks=28278 | 이론가 커버리지=100.0%
2026-04-23 01:31:46 [ChainSaver] DB 최근5분 rows=6677 | IV커버=100.0% 이론가커버=100.0% | stream=2320 snap=4357 | 최근저장=2026-04-22 12:31:44
2026-04-23 01:32:16 [ChainSaver] 버퍼 엔트리=117 | price_ticks=33925 greeks_ticks=49927 snap_ticks=29236 | 이론가 커버리지=100.0%
2026-04-23 01:32:16 [ChainSaver] DB 최근5분 rows=6695 | IV커버=100.0% 이론가커버=100.0% | stream=2320 snap=4375 | 최근저장=2026-04-22 12:32:14
2026-04-23 01:32:46 [ChainSaver] 버퍼 엔트리=117 | price_ticks=35279 greeks_ticks=51688 snap_ticks=30420 | 이론가 커버리지=100.0%
2026-04-23 01:32:46 [ChainSaver] DB 최근5분 rows=6713 | IV커버=100.0% 이론가커버=100.0% | stream=2320 snap=4393 | 최근저장=2026-04-22 12:32:44
2026-04-23 01:33:16 [ChainSaver] 버퍼 엔트리=117 | price_ticks=36525 greeks_ticks=53433 snap_ticks=31346 | 이론가 커버리지=100.0%
2026-04-23 01:33:16 [ChainSaver] DB 최근5분 rows=6731 | IV커버=100.0% 이론가커버=100.0% | stream=2320 snap=4411 | 최근저장=2026-04-22 12:33:14
2026-04-23 01:33:46 [ChainSaver] 버퍼 엔트리=117 | price_ticks=37615 greeks_ticks=55257 snap_ticks=32471 | 이론가 커버리지=100.0%
2026-04-23 01:33:46 [ChainSaver] DB 최근5분 rows=6977 | IV커버=100.0% 이론가커버=100.0% | stream=2400 snap=4577 | 최근저장=2026-04-22 12:33:44
2026-04-23 01:34:16 [ChainSaver] 버퍼 엔트리=117 | price_ticks=38727 greeks_ticks=57114 snap_ticks=33429 | 이론가 커버리지=100.0%
2026-04-23 01:34:16 [ChainSaver] DB 최근5분 rows=6995 | IV커버=100.0% 이론가커버=100.0% | stream=2400 snap=4595 | 최근저장=2026-04-22 12:34:14
2026-04-23 01:34:46 [ChainSaver] 버퍼 엔트리=117 | price_ticks=40088 greeks_ticks=58989 snap_ticks=34636 | 이론가 커버리지=100.0%
2026-04-23 01:34:46 [ChainSaver] DB 최근5분 rows=7008 | IV커버=100.0% 이론가커버=100.0% | stream=2400 snap=4608 | 최근저장=2026-04-22 12:34:44
2026-04-23 01:35:16 [ChainSaver] 버퍼 엔트리=117 | price_ticks=41243 greeks_ticks=60818 snap_ticks=35594 | 이론가 커버리지=100.0%
2026-04-23 01:35:16 [ChainSaver] DB 최근5분 rows=7020 | IV커버=100.0% 이론가커버=100.0% | stream=2400 snap=4620 | 최근저장=2026-04-22 12:35:14
2026-04-23 01:35:46 [ChainSaver] 버퍼 엔트리=117 | price_ticks=43185 greeks_ticks=62672 snap_ticks=36742 | 이론가 커버리지=100.0%
2026-04-23 01:35:46 [ChainSaver] DB 최근5분 rows=7020 | IV커버=100.0% 이론가커버=100.0% | stream=2400 snap=4620 | 최근저장=2026-04-22 12:35:44
2026-04-23 01:36:16 [ChainSaver] 버퍼 엔트리=117 | price_ticks=44936 greeks_ticks=64526 snap_ticks=37722 | 이론가 커버리지=100.0%
2026-04-23 01:36:16 [ChainSaver] DB 최근5분 rows=7020 | IV커버=100.0% 이론가커버=100.0% | stream=2400 snap=4620 | 최근저장=2026-04-22 12:36:14
2026-04-23 01:36:46 [ChainSaver] 버퍼 엔트리=117 | price_ticks=46035 greeks_ticks=66267 snap_ticks=38887 | 이론가 커버리지=100.0%
2026-04-23 01:36:46 [ChainSaver] DB 최근5분 rows=7020 | IV커버=100.0% 이론가커버=100.0% | stream=2400 snap=4620 | 최근저장=2026-04-22 12:36:44
2026-04-23 01:37:16 [ChainSaver] 버퍼 엔트리=117 | price_ticks=47363 greeks_ticks=68120 snap_ticks=39873 | 이론가 커버리지=100.0%
2026-04-23 01:37:16 [ChainSaver] DB 최근5분 rows=7020 | IV커버=100.0% 이론가커버=100.0% | stream=2400 snap=4620 | 최근저장=2026-04-22 12:37:14
2026-04-23 01:37:46 [ChainSaver] 버퍼 엔트리=117 | price_ticks=48754 greeks_ticks=69957 snap_ticks=41061 | 이론가 커버리지=100.0%
2026-04-23 01:37:46 [ChainSaver] DB 최근5분 rows=7020 | IV커버=100.0% 이론가커버=100.0% | stream=2400 snap=4620 | 최근저장=2026-04-22 12:37:44
2026-04-23 01:38:16 [ChainSaver] 버퍼 엔트리=117 | price_ticks=49984 greeks_ticks=71636 snap_ticks=42047 | 이론가 커버리지=100.0%
2026-04-23 01:38:16 [ChainSaver] DB 최근5분 rows=7020 | IV커버=100.0% 이론가커버=100.0% | stream=2400 snap=4620 | 최근저장=2026-04-22 12:38:14
2026-04-23 01:38:46 [ChainSaver] 버퍼 엔트리=117 | price_ticks=51214 greeks_ticks=73267 snap_ticks=43304 | 이론가 커버리지=100.0%
2026-04-23 01:38:46 [ChainSaver] DB 최근5분 rows=7020 | IV커버=100.0% 이론가커버=100.0% | stream=2400 snap=4620 | 최근저장=2026-04-22 12:38:44
2026-04-23 01:39:16 [ChainSaver] 버퍼 엔트리=117 | price_ticks=52526 greeks_ticks=75134 snap_ticks=44309 | 이론가 커버리지=100.0%
2026-04-23 01:39:16 [ChainSaver] DB 최근5분 rows=7020 | IV커버=100.0% 이론가커버=100.0% | stream=2400 snap=4620 | 최근저장=2026-04-22 12:39:14
2026-04-23 01:39:46 [ChainSaver] 버퍼 엔트리=117 | price_ticks=53721 greeks_ticks=76956 snap_ticks=45325 | 이론가 커버리지=100.0%
2026-04-23 01:39:46 [ChainSaver] DB 최근5분 rows=7020 | IV커버=100.0% 이론가커버=100.0% | stream=2400 snap=4620 | 최근저장=2026-04-22 12:39:44
2026-04-23 01:40:16 [ChainSaver] 버퍼 엔트리=117 | price_ticks=55606 greeks_ticks=78822 snap_ticks=46305 | 이론가 커버리지=100.0%
2026-04-23 01:40:16 [ChainSaver] DB 최근5분 rows=7020 | IV커버=100.0% 이론가커버=100.0% | stream=2400 snap=4620 | 최근저장=2026-04-22 12:40:14
2026-04-23 01:40:46 [ChainSaver] 버퍼 엔트리=117 | price_ticks=57088 greeks_ticks=80569 snap_ticks=47499 | 이론가 커버리지=100.0%
2026-04-23 01:40:46 [ChainSaver] DB 최근5분 rows=7020 | IV커버=100.0% 이론가커버=100.0% | stream=2400 snap=4620 | 최근저장=2026-04-22 12:40:44
2026-04-23 01:41:16 [ChainSaver] 버퍼 엔트리=117 | price_ticks=58240 greeks_ticks=82309 snap_ticks=48479 | 이론가 커버리지=100.0%
2026-04-23 01:41:16 [ChainSaver] DB 최근5분 rows=7020 | IV커버=100.0% 이론가커버=100.0% | stream=2400 snap=4620 | 최근저장=2026-04-22 12:41:14
2026-04-23 01:41:46 [ChainSaver] 버퍼 엔트리=117 | price_ticks=59520 greeks_ticks=84078 snap_ticks=49720 | 이론가 커버리지=100.0%
2026-04-23 01:41:46 [ChainSaver] DB 최근5분 rows=7020 | IV커버=100.0% 이론가커버=100.0% | stream=2400 snap=4620 | 최근저장=2026-04-22 12:41:44
2026-04-23 01:42:16 [ChainSaver] 버퍼 엔트리=117 | price_ticks=60565 greeks_ticks=85891 snap_ticks=50684 | 이론가 커버리지=100.0%
2026-04-23 01:42:16 [ChainSaver] DB 최근5분 rows=7020 | IV커버=100.0% 이론가커버=100.0% | stream=2400 snap=4620 | 최근저장=2026-04-22 12:42:14
2026-04-23 01:42:46 [ChainSaver] 버퍼 엔트리=117 | price_ticks=62043 greeks_ticks=87784 snap_ticks=51894 | 이론가 커버리지=100.0%
2026-04-23 01:42:46 [ChainSaver] DB 최근5분 rows=7020 | IV커버=100.0% 이론가커버=100.0% | stream=2400 snap=4620 | 최근저장=2026-04-22 12:42:44
2026-04-23 01:43:16 [ChainSaver] 버퍼 엔트리=117 | price_ticks=65759 greeks_ticks=89639 snap_ticks=52971 | 이론가 커버리지=100.0%
2026-04-23 01:43:16 [ChainSaver] DB 최근5분 rows=7020 | IV커버=100.0% 이론가커버=100.0% | stream=2400 snap=4620 | 최근저장=2026-04-22 12:43:14
2026-04-23 01:43:46 [ChainSaver] 버퍼 엔트리=117 | price_ticks=68104 greeks_ticks=91447 snap_ticks=54292 | 이론가 커버리지=100.0%
2026-04-23 01:43:46 [ChainSaver] DB 최근5분 rows=7020 | IV커버=100.0% 이론가커버=100.0% | stream=2400 snap=4620 | 최근저장=2026-04-22 12:43:44
2026-04-23 01:44:16 [ChainSaver] 버퍼 엔트리=117 | price_ticks=70003 greeks_ticks=93283 snap_ticks=55355 | 이론가 커버리지=100.0%
2026-04-23 01:44:16 [ChainSaver] DB 최근5분 rows=7020 | IV커버=100.0% 이론가커버=100.0% | stream=2400 snap=4620 | 최근저장=2026-04-22 12:44:14
2026-04-23 01:44:46 [ChainSaver] 버퍼 엔트리=117 | price_ticks=71668 greeks_ticks=95147 snap_ticks=56618 | 이론가 커버리지=100.0%
2026-04-23 01:44:46 [ChainSaver] DB 최근5분 rows=7020 | IV커버=100.0% 이론가커버=100.0% | stream=2400 snap=4620 | 최근저장=2026-04-22 12:44:44
2026-04-23 01:45:16 [ChainSaver] 버퍼 엔트리=117 | price_ticks=73290 greeks_ticks=96892 snap_ticks=57640 | 이론가 커버리지=100.0%
2026-04-23 01:45:16 [ChainSaver] DB 최근5분 rows=7020 | IV커버=100.0% 이론가커버=100.0% | stream=2400 snap=4620 | 최근저장=2026-04-22 12:45:14
2026-04-23 01:45:46 [ChainSaver] 버퍼 엔트리=117 | price_ticks=75015 greeks_ticks=98757 snap_ticks=58806 | 이론가 커버리지=100.0%
2026-04-23 01:45:46 [ChainSaver] DB 최근5분 rows=7020 | IV커버=100.0% 이론가커버=100.0% | stream=2400 snap=4620 | 최근저장=2026-04-22 12:45:44
2026-04-23 01:46:16 [ChainSaver] 버퍼 엔트리=117 | price_ticks=76817 greeks_ticks=100517 snap_ticks=59786 | 이론가 커버리지=100.0%
2026-04-23 01:46:16 [ChainSaver] DB 최근5분 rows=7020 | IV커버=100.0% 이론가커버=100.0% | stream=2400 snap=4620 | 최근저장=2026-04-22 12:46:14
2026-04-23 01:46:46 [ChainSaver] 버퍼 엔트리=117 | price_ticks=78249 greeks_ticks=102389 snap_ticks=60923 | 이론가 커버리지=100.0%
2026-04-23 01:46:46 [ChainSaver] DB 최근5분 rows=7020 | IV커버=100.0% 이론가커버=100.0% | stream=2400 snap=4620 | 최근저장=2026-04-22 12:46:44
2026-04-23 01:47:16 [ChainSaver] 버퍼 엔트리=117 | price_ticks=79388 greeks_ticks=104220 snap_ticks=61819 | 이론가 커버리지=100.0%
2026-04-23 01:47:16 [ChainSaver] DB 최근5분 rows=7020 | IV커버=100.0% 이론가커버=100.0% | stream=2400 snap=4620 | 최근저장=2026-04-22 12:47:14
2026-04-23 01:47:46 [ChainSaver] 버퍼 엔트리=117 | price_ticks=80409 greeks_ticks=106072 snap_ticks=62945 | 이론가 커버리지=100.0%
2026-04-23 01:47:46 [ChainSaver] DB 최근5분 rows=7020 | IV커버=100.0% 이론가커버=100.0% | stream=2400 snap=4620 | 최근저장=2026-04-22 12:47:44
2026-04-23 01:48:16 [ChainSaver] 버퍼 엔트리=117 | price_ticks=81370 greeks_ticks=107683 snap_ticks=63855 | 이론가 커버리지=100.0%
2026-04-23 01:48:16 [ChainSaver] DB 최근5분 rows=7020 | IV커버=100.0% 이론가커버=100.0% | stream=2400 snap=4620 | 최근저장=2026-04-22 12:48:14
2026-04-23 01:48:46 [ChainSaver] 버퍼 엔트리=117 | price_ticks=82367 greeks_ticks=109382 snap_ticks=65023 | 이론가 커버리지=100.0%
2026-04-23 01:48:46 [ChainSaver] DB 최근5분 rows=7020 | IV커버=100.0% 이론가커버=100.0% | stream=2400 snap=4620 | 최근저장=2026-04-22 12:48:44
2026-04-23 01:49:16 [ChainSaver] 버퍼 엔트리=117 | price_ticks=83253 greeks_ticks=111250 snap_ticks=65933 | 이론가 커버리지=100.0%
2026-04-23 01:49:16 [ChainSaver] DB 최근5분 rows=7020 | IV커버=100.0% 이론가커버=100.0% | stream=2400 snap=4620 | 최근저장=2026-04-22 12:49:14
2026-04-23 01:49:46 [ChainSaver] 버퍼 엔트리=117 | price_ticks=84367 greeks_ticks=112959 snap_ticks=67042 | 이론가 커버리지=100.0%
2026-04-23 01:49:46 [ChainSaver] DB 최근5분 rows=7020 | IV커버=100.0% 이론가커버=100.0% | stream=2400 snap=4620 | 최근저장=2026-04-22 12:49:44
2026-04-23 01:50:16 [ChainSaver] 버퍼 엔트리=117 | price_ticks=85495 greeks_ticks=114818 snap_ticks=67895 | 이론가 커버리지=100.0%
2026-04-23 01:50:16 [ChainSaver] DB 최근5분 rows=7020 | IV커버=100.0% 이론가커버=100.0% | stream=2400 snap=4620 | 최근저장=2026-04-22 12:50:14
2026-04-23 01:50:46 [ChainSaver] 버퍼 엔트리=117 | price_ticks=86716 greeks_ticks=116457 snap_ticks=69017 | 이론가 커버리지=100.0%
2026-04-23 01:50:46 [ChainSaver] DB 최근5분 rows=7020 | IV커버=100.0% 이론가커버=100.0% | stream=2400 snap=4620 | 최근저장=2026-04-22 12:50:44
2026-04-23 01:51:16 [ChainSaver] 버퍼 엔트리=117 | price_ticks=87868 greeks_ticks=118330 snap_ticks=69940 | 이론가 커버리지=100.0%
2026-04-23 01:51:16 [ChainSaver] DB 최근5분 rows=7020 | IV커버=100.0% 이론가커버=100.0% | stream=2400 snap=4620 | 최근저장=2026-04-22 12:51:14
2026-04-23 01:51:46 [ChainSaver] 버퍼 엔트리=117 | price_ticks=89375 greeks_ticks=120155 snap_ticks=71071 | 이론가 커버리지=100.0%
2026-04-23 01:51:46 [ChainSaver] DB 최근5분 rows=7020 | IV커버=100.0% 이론가커버=100.0% | stream=2400 snap=4620 | 최근저장=2026-04-22 12:51:44
2026-04-23 01:52:16 [ChainSaver] 버퍼 엔트리=117 | price_ticks=90474 greeks_ticks=121927 snap_ticks=72009 | 이론가 커버리지=100.0%
2026-04-23 01:52:16 [ChainSaver] DB 최근5분 rows=7020 | IV커버=100.0% 이론가커버=100.0% | stream=2400 snap=4620 | 최근저장=2026-04-22 12:52:14
2026-04-23 01:52:46 [ChainSaver] 버퍼 엔트리=117 | price_ticks=92506 greeks_ticks=123698 snap_ticks=73130 | 이론가 커버리지=100.0%
2026-04-23 01:52:46 [ChainSaver] DB 최근5분 rows=7020 | IV커버=100.0% 이론가커버=100.0% | stream=2400 snap=4620 | 최근저장=2026-04-22 12:52:44
2026-04-23 01:53:16 [ChainSaver] 버퍼 엔트리=117 | price_ticks=93615 greeks_ticks=125540 snap_ticks=74040 | 이론가 커버리지=100.0%
2026-04-23 01:53:16 [ChainSaver] DB 최근5분 rows=7020 | IV커버=100.0% 이론가커버=100.0% | stream=2400 snap=4620 | 최근저장=2026-04-22 12:53:14
2026-04-23 01:53:46 [ChainSaver] 버퍼 엔트리=117 | price_ticks=94722 greeks_ticks=127366 snap_ticks=75187 | 이론가 커버리지=100.0%
2026-04-23 01:53:46 [ChainSaver] DB 최근5분 rows=7020 | IV커버=100.0% 이론가커버=100.0% | stream=2400 snap=4620 | 최근저장=2026-04-22 12:53:44
2026-04-23 01:54:16 [ChainSaver] 버퍼 엔트리=117 | price_ticks=95804 greeks_ticks=129234 snap_ticks=76097 | 이론가 커버리지=100.0%
2026-04-23 01:54:16 [ChainSaver] DB 최근5분 rows=7020 | IV커버=100.0% 이론가커버=100.0% | stream=2400 snap=4620 | 최근저장=2026-04-22 12:54:14
2026-04-23 01:54:46 [ChainSaver] 버퍼 엔트리=117 | price_ticks=96718 greeks_ticks=131046 snap_ticks=77222 | 이론가 커버리지=100.0%
2026-04-23 01:54:46 [ChainSaver] DB 최근5분 rows=7020 | IV커버=100.0% 이론가커버=100.0% | stream=2400 snap=4620 | 최근저장=2026-04-22 12:54:44
2026-04-23 01:55:16 [ChainSaver] 버퍼 엔트리=117 | price_ticks=97685 greeks_ticks=132926 snap_ticks=78132 | 이론가 커버리지=100.0%
2026-04-23 01:55:16 [ChainSaver] DB 최근5분 rows=7020 | IV커버=100.0% 이론가커버=100.0% | stream=2400 snap=4620 | 최근저장=2026-04-22 12:55:14
2026-04-23 01:55:46 [ChainSaver] 버퍼 엔트리=117 | price_ticks=98815 greeks_ticks=134742 snap_ticks=79269 | 이론가 커버리지=100.0%
2026-04-23 01:55:46 [ChainSaver] DB 최근5분 rows=7020 | IV커버=100.0% 이론가커버=100.0% | stream=2400 snap=4620 | 최근저장=2026-04-22 12:55:44
2026-04-23 01:56:16 [ChainSaver] 버퍼 엔트리=117 | price_ticks=99776 greeks_ticks=136496 snap_ticks=80179 | 이론가 커버리지=100.0%
2026-04-23 01:56:16 [ChainSaver] DB 최근5분 rows=7020 | IV커버=100.0% 이론가커버=100.0% | stream=2400 snap=4620 | 최근저장=2026-04-22 12:56:14
2026-04-23 01:56:46 [ChainSaver] 버퍼 엔트리=117 | price_ticks=100737 greeks_ticks=138219 snap_ticks=81304 | 이론가 커버리지=100.0%
2026-04-23 01:56:46 [ChainSaver] DB 최근5분 rows=7020 | IV커버=100.0% 이론가커버=100.0% | stream=2400 snap=4620 | 최근저장=2026-04-22 12:56:44
2026-04-23 01:57:16 [ChainSaver] 버퍼 엔트리=117 | price_ticks=103074 greeks_ticks=140063 snap_ticks=82207 | 이론가 커버리지=100.0%
2026-04-23 01:57:16 [ChainSaver] DB 최근5분 rows=7020 | IV커버=100.0% 이론가커버=100.0% | stream=2400 snap=4620 | 최근저장=2026-04-22 12:57:14
2026-04-23 01:57:46 [ChainSaver] 버퍼 엔트리=117 | price_ticks=104095 greeks_ticks=141828 snap_ticks=83342 | 이론가 커버리지=100.0%
2026-04-23 01:57:46 [ChainSaver] DB 최근5분 rows=7020 | IV커버=100.0% 이론가커버=100.0% | stream=2400 snap=4620 | 최근저장=2026-04-22 12:57:44
2026-04-23 01:58:16 [ChainSaver] 버퍼 엔트리=117 | price_ticks=105208 greeks_ticks=143667 snap_ticks=84238 | 이론가 커버리지=100.0%
2026-04-23 01:58:16 [ChainSaver] DB 최근5분 rows=7020 | IV커버=100.0% 이론가커버=100.0% | stream=2400 snap=4620 | 최근저장=2026-04-22 12:58:14
2026-04-23 01:58:46 [ChainSaver] 버퍼 엔트리=117 | price_ticks=106798 greeks_ticks=145543 snap_ticks=85355 | 이론가 커버리지=100.0%
2026-04-23 01:58:46 [ChainSaver] DB 최근5분 rows=7020 | IV커버=100.0% 이론가커버=100.0% | stream=2400 snap=4620 | 최근저장=2026-04-22 12:58:44
2026-04-23 01:59:16 [ChainSaver] 버퍼 엔트리=118 | price_ticks=108287 greeks_ticks=147298 snap_ticks=86300 | 이론가 커버리지=100.0%
2026-04-23 01:59:16 [ChainSaver] DB 최근5분 rows=7025 | IV커버=100.0% 이론가커버=100.0% | stream=2395 snap=4630 | 최근저장=2026-04-22 12:59:14
2026-04-23 01:59:46 [ChainSaver] 버퍼 엔트리=118 | price_ticks=109398 greeks_ticks=149047 snap_ticks=87446 | 이론가 커버리지=100.0%
2026-04-23 01:59:46 [ChainSaver] DB 최근5분 rows=7031 | IV커버=100.0% 이론가커버=100.0% | stream=2389 snap=4642 | 최근저장=2026-04-22 12:59:44
2026-04-23 02:00:16 [ChainSaver] 버퍼 엔트리=118 | price_ticks=111056 greeks_ticks=150686 snap_ticks=88328 | 이론가 커버리지=100.0%
2026-04-23 02:00:16 [ChainSaver] DB 최근5분 rows=7037 | IV커버=100.0% 이론가커버=100.0% | stream=2383 snap=4654 | 최근저장=2026-04-22 13:00:14
2026-04-23 02:00:46 [ChainSaver] 버퍼 엔트리=118 | price_ticks=112340 greeks_ticks=152545 snap_ticks=89434 | 이론가 커버리지=100.0%
2026-04-23 02:00:46 [ChainSaver] DB 최근5분 rows=7043 | IV커버=100.0% 이론가커버=100.0% | stream=2377 snap=4666 | 최근저장=2026-04-22 13:00:44
2026-04-23 02:01:16 [ChainSaver] 버퍼 엔트리=118 | price_ticks=113659 greeks_ticks=154377 snap_ticks=90316 | 이론가 커버리지=100.0%
2026-04-23 02:01:16 [ChainSaver] DB 최근5분 rows=7049 | IV커버=100.0% 이론가커버=100.0% | stream=2371 snap=4678 | 최근저장=2026-04-22 13:01:14
2026-04-23 02:01:46 [ChainSaver] 버퍼 엔트리=118 | price_ticks=117904 greeks_ticks=156278 snap_ticks=91437 | 이론가 커버리지=100.0%
2026-04-23 02:01:46 [ChainSaver] DB 최근5분 rows=7055 | IV커버=100.0% 이론가커버=100.0% | stream=2365 snap=4690 | 최근저장=2026-04-22 13:01:44
2026-04-23 02:02:16 [ChainSaver] 버퍼 엔트리=118 | price_ticks=122359 greeks_ticks=158160 snap_ticks=92319 | 이론가 커버리지=100.0%
2026-04-23 02:02:16 [ChainSaver] DB 최근5분 rows=7061 | IV커버=100.0% 이론가커버=100.0% | stream=2359 snap=4702 | 최근저장=2026-04-22 13:02:14
2026-04-23 02:02:46 [ChainSaver] 버퍼 엔트리=118 | price_ticks=125232 greeks_ticks=160025 snap_ticks=93397 | 이론가 커버리지=100.0%
2026-04-23 02:02:46 [ChainSaver] DB 최근5분 rows=7067 | IV커버=100.0% 이론가커버=100.0% | stream=2353 snap=4714 | 최근저장=2026-04-22 13:02:44
2026-04-23 02:03:16 [ChainSaver] 버퍼 엔트리=118 | price_ticks=126843 greeks_ticks=161850 snap_ticks=94272 | 이론가 커버리지=100.0%
2026-04-23 02:03:16 [ChainSaver] DB 최근5분 rows=7073 | IV커버=100.0% 이론가커버=100.0% | stream=2347 snap=4726 | 최근저장=2026-04-22 13:03:14
2026-04-23 02:03:46 [ChainSaver] 버퍼 엔트리=118 | price_ticks=128399 greeks_ticks=163582 snap_ticks=95379 | 이론가 커버리지=100.0%
2026-04-23 02:03:46 [ChainSaver] DB 최근5분 rows=7079 | IV커버=100.0% 이론가커버=100.0% | stream=2341 snap=4738 | 최근저장=2026-04-22 13:03:44
2026-04-23 02:04:16 [ChainSaver] 버퍼 엔트리=118 | price_ticks=130021 greeks_ticks=165242 snap_ticks=96261 | 이론가 커버리지=100.0%
2026-04-23 02:04:16 [ChainSaver] DB 최근5분 rows=7080 | IV커버=100.0% 이론가커버=100.0% | stream=2340 snap=4740 | 최근저장=2026-04-22 13:04:14
2026-04-23 02:04:46 [ChainSaver] 버퍼 엔트리=118 | price_ticks=131616 greeks_ticks=167052 snap_ticks=97316 | 이론가 커버리지=100.0%
2026-04-23 02:04:46 [ChainSaver] DB 최근5분 rows=7080 | IV커버=100.0% 이론가커버=100.0% | stream=2340 snap=4740 | 최근저장=2026-04-22 13:04:44
2026-04-23 02:05:16 [ChainSaver] 버퍼 엔트리=118 | price_ticks=132793 greeks_ticks=168820 snap_ticks=98182 | 이론가 커버리지=100.0%
2026-04-23 02:05:16 [ChainSaver] DB 최근5분 rows=7080 | IV커버=100.0% 이론가커버=100.0% | stream=2340 snap=4740 | 최근저장=2026-04-22 13:05:14
2026-04-23 02:05:46 [ChainSaver] 버퍼 엔트리=118 | price_ticks=134213 greeks_ticks=170634 snap_ticks=99283 | 이론가 커버리지=100.0%
2026-04-23 02:05:46 [ChainSaver] DB 최근5분 rows=7080 | IV커버=100.0% 이론가커버=100.0% | stream=2340 snap=4740 | 최근저장=2026-04-22 13:05:44
2026-04-23 02:06:16 [ChainSaver] 버퍼 엔트리=118 | price_ticks=135511 greeks_ticks=172500 snap_ticks=100167 | 이론가 커버리지=100.0%
2026-04-23 02:06:16 [ChainSaver] DB 최근5분 rows=7080 | IV커버=100.0% 이론가커버=100.0% | stream=2340 snap=4740 | 최근저장=2026-04-22 13:06:14
2026-04-23 02:06:46 [ChainSaver] 버퍼 엔트리=118 | price_ticks=136639 greeks_ticks=174320 snap_ticks=101357 | 이론가 커버리지=100.0%
2026-04-23 02:06:46 [ChainSaver] DB 최근5분 rows=7080 | IV커버=100.0% 이론가커버=100.0% | stream=2340 snap=4740 | 최근저장=2026-04-22 13:06:44
2026-04-23 02:07:16 [ChainSaver] 버퍼 엔트리=118 | price_ticks=138014 greeks_ticks=176190 snap_ticks=102302 | 이론가 커버리지=100.0%
2026-04-23 02:07:16 [ChainSaver] DB 최근5분 rows=7080 | IV커버=100.0% 이론가커버=100.0% | stream=2340 snap=4740 | 최근저장=2026-04-22 13:07:14
2026-04-23 02:07:46 [ChainSaver] 버퍼 엔트리=118 | price_ticks=139086 greeks_ticks=178000 snap_ticks=103501 | 이론가 커버리지=100.0%
2026-04-23 02:07:46 [ChainSaver] DB 최근5분 rows=7080 | IV커버=100.0% 이론가커버=100.0% | stream=2340 snap=4740 | 최근저장=2026-04-22 13:07:44
2026-04-23 02:08:16 [ChainSaver] 버퍼 엔트리=118 | price_ticks=140198 greeks_ticks=179880 snap_ticks=104467 | 이론가 커버리지=100.0%
2026-04-23 02:08:16 [ChainSaver] DB 최근5분 rows=7080 | IV커버=100.0% 이론가커버=100.0% | stream=2340 snap=4740 | 최근저장=2026-04-22 13:08:14
2026-04-23 02:08:46 [ChainSaver] 버퍼 엔트리=118 | price_ticks=141138 greeks_ticks=181692 snap_ticks=105667 | 이론가 커버리지=100.0%
2026-04-23 02:08:46 [ChainSaver] DB 최근5분 rows=7080 | IV커버=100.0% 이론가커버=100.0% | stream=2340 snap=4740 | 최근저장=2026-04-22 13:08:44
2026-04-23 02:09:16 [ChainSaver] 버퍼 엔트리=118 | price_ticks=141850 greeks_ticks=183456 snap_ticks=106633 | 이론가 커버리지=100.0%
2026-04-23 02:09:16 [ChainSaver] DB 최근5분 rows=7080 | IV커버=100.0% 이론가커버=100.0% | stream=2340 snap=4740 | 최근저장=2026-04-22 13:09:14
2026-04-23 02:09:46 [ChainSaver] 버퍼 엔트리=118 | price_ticks=142938 greeks_ticks=185280 snap_ticks=107810 | 이론가 커버리지=100.0%
2026-04-23 02:09:46 [ChainSaver] DB 최근5분 rows=7080 | IV커버=100.0% 이론가커버=100.0% | stream=2340 snap=4740 | 최근저장=2026-04-22 13:09:44
2026-04-23 02:10:16 [ChainSaver] 버퍼 엔트리=118 | price_ticks=144396 greeks_ticks=187171 snap_ticks=108748 | 이론가 커버리지=100.0%
2026-04-23 02:10:16 [ChainSaver] DB 최근5분 rows=7080 | IV커버=100.0% 이론가커버=100.0% | stream=2340 snap=4740 | 최근저장=2026-04-22 13:10:14
2026-04-23 02:10:46 [ChainSaver] 버퍼 엔트리=119 | price_ticks=148505 greeks_ticks=189062 snap_ticks=109857 | 이론가 커버리지=100.0%
2026-04-23 02:10:46 [ChainSaver] DB 최근5분 rows=7083 | IV커버=100.0% 이론가커버=100.0% | stream=2340 snap=4743 | 최근저장=2026-04-22 13:10:44
2026-04-23 02:11:16 [ChainSaver] 버퍼 엔트리=119 | price_ticks=150442 greeks_ticks=190900 snap_ticks=110725 | 이론가 커버리지=100.0%
2026-04-23 02:11:16 [ChainSaver] DB 최근5분 rows=7089 | IV커버=100.0% 이론가커버=100.0% | stream=2340 snap=4749 | 최근저장=2026-04-22 13:11:14
2026-04-23 02:11:46 [ChainSaver] 버퍼 엔트리=121 | price_ticks=151946 greeks_ticks=192760 snap_ticks=111799 | 이론가 커버리지=100.0%
2026-04-23 02:11:46 [ChainSaver] DB 최근5분 rows=7107 | IV커버=99.8%  이론가커버=99.8% | stream=2340 snap=4767 | 최근저장=2026-04-22 13:11:44
2026-04-23 02:12:16 [ChainSaver] 버퍼 엔트리=121 | price_ticks=153347 greeks_ticks=194587 snap_ticks=112653 | 이론가 커버리지=100.0%
2026-04-23 02:12:16 [ChainSaver] DB 최근5분 rows=7125 | IV커버=99.7%  이론가커버=99.7% | stream=2340 snap=4785 | 최근저장=2026-04-22 13:12:14
2026-04-23 02:12:46 [ChainSaver] 버퍼 엔트리=121 | price_ticks=154555 greeks_ticks=196442 snap_ticks=113742 | 이론가 커버리지=100.0%
2026-04-23 02:12:46 [ChainSaver] DB 최근5분 rows=7143 | IV커버=99.7%  이론가커버=99.7% | stream=2340 snap=4803 | 최근저장=2026-04-22 13:12:44
2026-04-23 02:13:16 [ChainSaver] 버퍼 엔트리=121 | price_ticks=156023 greeks_ticks=198164 snap_ticks=114596 | 이론가 커버리지=100.0%
2026-04-23 02:13:16 [ChainSaver] DB 최근5분 rows=7161 | IV커버=99.7%  이론가커버=99.7% | stream=2340 snap=4821 | 최근저장=2026-04-22 13:13:14
2026-04-23 02:13:46 [ChainSaver] 버퍼 엔트리=121 | price_ticks=157248 greeks_ticks=200031 snap_ticks=115703 | 이론가 커버리지=100.0%
2026-04-23 02:13:46 [ChainSaver] DB 최근5분 rows=7179 | IV커버=99.7%  이론가커버=99.7% | stream=2340 snap=4839 | 최근저장=2026-04-22 13:13:44
2026-04-23 02:14:16 [ChainSaver] 버퍼 엔트리=121 | price_ticks=158733 greeks_ticks=201861 snap_ticks=116557 | 이론가 커버리지=100.0%
2026-04-23 02:14:16 [ChainSaver] DB 최근5분 rows=7197 | IV커버=99.7%  이론가커버=99.7% | stream=2344 snap=4853 | 최근저장=2026-04-22 13:14:14
2026-04-23 02:14:46 [ChainSaver] 버퍼 엔트리=121 | price_ticks=159734 greeks_ticks=203640 snap_ticks=117649 | 이론가 커버리지=100.0%
2026-04-23 02:14:46 [ChainSaver] DB 최근5분 rows=7215 | IV커버=99.7%  이론가커버=99.7% | stream=2350 snap=4865 | 최근저장=2026-04-22 13:14:44
2026-04-23 02:15:16 [ChainSaver] 버퍼 엔트리=121 | price_ticks=160774 greeks_ticks=205274 snap_ticks=118503 | 이론가 커버리지=100.0%
2026-04-23 02:15:16 [ChainSaver] DB 최근5분 rows=7233 | IV커버=99.7%  이론가커버=99.7% | stream=2356 snap=4877 | 최근저장=2026-04-22 13:15:14
2026-04-23 02:15:46 [ChainSaver] 버퍼 엔트리=121 | price_ticks=161766 greeks_ticks=207133 snap_ticks=119572 | 이론가 커버리지=100.0%
2026-04-23 02:15:46 [ChainSaver] DB 최근5분 rows=7248 | IV커버=99.7%  이론가커버=99.7% | stream=2362 snap=4886 | 최근저장=2026-04-22 13:15:44
2026-04-23 02:16:16 [ChainSaver] 버퍼 엔트리=121 | price_ticks=162613 greeks_ticks=208957 snap_ticks=120412 | 이론가 커버리지=100.0%
2026-04-23 02:16:16 [ChainSaver] DB 최근5분 rows=7260 | IV커버=99.7%  이론가커버=99.7% | stream=2368 snap=4892 | 최근저장=2026-04-22 13:16:14
2026-04-23 02:16:46 [ChainSaver] 버퍼 엔트리=121 | price_ticks=163906 greeks_ticks=210795 snap_ticks=121443 | 이론가 커버리지=100.0%
2026-04-23 02:16:46 [ChainSaver] DB 최근5분 rows=7260 | IV커버=99.8%  이론가커버=99.8% | stream=2374 snap=4886 | 최근저장=2026-04-22 13:16:44
2026-04-23 02:17:16 [ChainSaver] 버퍼 엔트리=121 | price_ticks=164944 greeks_ticks=212552 snap_ticks=122297 | 이론가 커버리지=100.0%
2026-04-23 02:17:16 [ChainSaver] DB 최근5분 rows=7260 | IV커버=100.0% 이론가커버=100.0% | stream=2380 snap=4880 | 최근저장=2026-04-22 13:17:14
2026-04-23 02:17:46 [ChainSaver] 버퍼 엔트리=121 | price_ticks=165743 greeks_ticks=214417 snap_ticks=123375 | 이론가 커버리지=100.0%
2026-04-23 02:17:46 [ChainSaver] DB 최근5분 rows=7260 | IV커버=100.0% 이론가커버=100.0% | stream=2386 snap=4874 | 최근저장=2026-04-22 13:17:44
2026-04-23 02:18:16 [ChainSaver] 버퍼 엔트리=121 | price_ticks=166938 greeks_ticks=216252 snap_ticks=124229 | 이론가 커버리지=100.0%
2026-04-23 02:18:16 [ChainSaver] DB 최근5분 rows=7260 | IV커버=100.0% 이론가커버=100.0% | stream=2392 snap=4868 | 최근저장=2026-04-22 13:18:14
2026-04-23 02:18:46 [ChainSaver] 버퍼 엔트리=121 | price_ticks=167923 greeks_ticks=218071 snap_ticks=125307 | 이론가 커버리지=100.0%
2026-04-23 02:18:46 [ChainSaver] DB 최근5분 rows=7260 | IV커버=100.0% 이론가커버=100.0% | stream=2398 snap=4862 | 최근저장=2026-04-22 13:18:44
2026-04-23 02:19:16 [ChainSaver] 버퍼 엔트리=121 | price_ticks=169422 greeks_ticks=219870 snap_ticks=126190 | 이론가 커버리지=100.0%
2026-04-23 02:19:16 [ChainSaver] DB 최근5분 rows=7260 | IV커버=100.0% 이론가커버=100.0% | stream=2400 snap=4860 | 최근저장=2026-04-22 13:19:14
2026-04-23 02:19:46 [ChainSaver] 버퍼 엔트리=121 | price_ticks=170635 greeks_ticks=221686 snap_ticks=127276 | 이론가 커버리지=100.0%
2026-04-23 02:19:46 [ChainSaver] DB 최근5분 rows=7260 | IV커버=100.0% 이론가커버=100.0% | stream=2400 snap=4860 | 최근저장=2026-04-22 13:19:44
2026-04-23 02:20:16 [ChainSaver] 버퍼 엔트리=121 | price_ticks=171724 greeks_ticks=223556 snap_ticks=128144 | 이론가 커버리지=100.0%
2026-04-23 02:20:16 [ChainSaver] DB 최근5분 rows=7260 | IV커버=100.0% 이론가커버=100.0% | stream=2400 snap=4860 | 최근저장=2026-04-22 13:20:14
2026-04-23 02:20:46 [ChainSaver] 버퍼 엔트리=121 | price_ticks=172640 greeks_ticks=225261 snap_ticks=129265 | 이론가 커버리지=100.0%
2026-04-23 02:20:46 [ChainSaver] DB 최근5분 rows=7260 | IV커버=100.0% 이론가커버=100.0% | stream=2400 snap=4860 | 최근저장=2026-04-22 13:20:44
2026-04-23 02:21:16 [ChainSaver] 버퍼 엔트리=121 | price_ticks=173799 greeks_ticks=227153 snap_ticks=130133 | 이론가 커버리지=100.0%
2026-04-23 02:21:16 [ChainSaver] DB 최근5분 rows=7260 | IV커버=100.0% 이론가커버=100.0% | stream=2400 snap=4860 | 최근저장=2026-04-22 13:21:14
2026-04-23 02:21:46 [ChainSaver] 버퍼 엔트리=121 | price_ticks=174809 greeks_ticks=228986 snap_ticks=131265 | 이론가 커버리지=100.0%
2026-04-23 02:21:46 [ChainSaver] DB 최근5분 rows=7260 | IV커버=100.0% 이론가커버=100.0% | stream=2400 snap=4860 | 최근저장=2026-04-22 13:21:44
2026-04-23 02:22:16 [ChainSaver] 버퍼 엔트리=121 | price_ticks=175992 greeks_ticks=230719 snap_ticks=132133 | 이론가 커버리지=100.0%
2026-04-23 02:22:16 [ChainSaver] DB 최근5분 rows=7260 | IV커버=100.0% 이론가커버=100.0% | stream=2400 snap=4860 | 최근저장=2026-04-22 13:22:14
2026-04-23 02:22:46 [ChainSaver] 버퍼 엔트리=121 | price_ticks=177271 greeks_ticks=232684 snap_ticks=133230 | 이론가 커버리지=100.0%
2026-04-23 02:22:46 [ChainSaver] DB 최근5분 rows=7260 | IV커버=100.0% 이론가커버=100.0% | stream=2400 snap=4860 | 최근저장=2026-04-22 13:22:44
2026-04-23 02:23:16 [ChainSaver] 버퍼 엔트리=122 | price_ticks=178541 greeks_ticks=234543 snap_ticks=134084 | 이론가 커버리지=100.0%
2026-04-23 02:23:16 [ChainSaver] DB 최근5분 rows=7263 | IV커버=100.0% 이론가커버=100.0% | stream=2397 snap=4866 | 최근저장=2026-04-22 13:23:14
2026-04-23 02:23:46 [ChainSaver] 버퍼 엔트리=124 | price_ticks=179675 greeks_ticks=236385 snap_ticks=135121 | 이론가 커버리지=100.0%
2026-04-23 02:23:46 [ChainSaver] DB 최근5분 rows=7281 | IV커버=99.9%  이론가커버=99.9% | stream=2392 snap=4889 | 최근저장=2026-04-22 13:23:44
2026-04-23 02:24:16 [ChainSaver] 버퍼 엔트리=124 | price_ticks=180781 greeks_ticks=238155 snap_ticks=135989 | 이론가 커버리지=100.0%
2026-04-23 02:24:16 [ChainSaver] DB 최근5분 rows=7299 | IV커버=99.8%  이론가커버=99.8% | stream=2386 snap=4913 | 최근저장=2026-04-22 13:24:14
2026-04-23 02:24:46 [ChainSaver] 버퍼 엔트리=124 | price_ticks=181602 greeks_ticks=239867 snap_ticks=137086 | 이론가 커버리지=100.0%
2026-04-23 02:24:46 [ChainSaver] DB 최근5분 rows=7317 | IV커버=99.8%  이론가커버=99.8% | stream=2380 snap=4937 | 최근저장=2026-04-22 13:24:44
2026-04-23 02:25:16 [ChainSaver] 버퍼 엔트리=124 | price_ticks=182724 greeks_ticks=241712 snap_ticks=137954 | 이론가 커버리지=100.0%
2026-04-23 02:25:16 [ChainSaver] DB 최근5분 rows=7335 | IV커버=99.7%  이론가커버=99.7% | stream=2374 snap=4961 | 최근저장=2026-04-22 13:25:14
2026-04-23 02:25:46 [ChainSaver] 버퍼 엔트리=124 | price_ticks=183391 greeks_ticks=243433 snap_ticks=139040 | 이론가 커버리지=100.0%
2026-04-23 02:25:46 [ChainSaver] DB 최근5분 rows=7353 | IV커버=99.6%  이론가커버=99.6% | stream=2368 snap=4985 | 최근저장=2026-04-22 13:25:44
2026-04-23 02:26:16 [ChainSaver] 버퍼 엔트리=124 | price_ticks=184224 greeks_ticks=245083 snap_ticks=139880 | 이론가 커버리지=100.0%
2026-04-23 02:26:16 [ChainSaver] DB 최근5분 rows=7371 | IV커버=99.5%  이론가커버=99.5% | stream=2362 snap=5009 | 최근저장=2026-04-22 13:26:14
2026-04-23 02:26:46 [ChainSaver] 버퍼 엔트리=124 | price_ticks=185041 greeks_ticks=246805 snap_ticks=140983 | 이론가 커버리지=100.0%
2026-04-23 02:26:46 [ChainSaver] DB 최근5분 rows=7389 | IV커버=99.4%  이론가커버=99.4% | stream=2356 snap=5033 | 최근저장=2026-04-22 13:26:44
2026-04-23 02:27:16 [ChainSaver] 버퍼 엔트리=124 | price_ticks=185975 greeks_ticks=248301 snap_ticks=141851 | 이론가 커버리지=100.0%
2026-04-23 02:27:16 [ChainSaver] DB 최근5분 rows=7407 | IV커버=99.4%  이론가커버=99.4% | stream=2350 snap=5057 | 최근저장=2026-04-22 13:27:14
2026-04-23 02:27:46 [ChainSaver] 버퍼 엔트리=124 | price_ticks=186723 greeks_ticks=250176 snap_ticks=142940 | 이론가 커버리지=100.0%
2026-04-23 02:27:46 [ChainSaver] DB 최근5분 rows=7425 | IV커버=99.3%  이론가커버=99.3% | stream=2344 snap=5081 | 최근저장=2026-04-22 13:27:44
2026-04-23 02:28:16 [ChainSaver] 버퍼 엔트리=124 | price_ticks=187684 greeks_ticks=252007 snap_ticks=143808 | 이론가 커버리지=100.0%
2026-04-23 02:28:16 [ChainSaver] DB 최근5분 rows=7440 | IV커버=99.2%  이론가커버=99.2% | stream=2341 snap=5099 | 최근저장=2026-04-22 13:28:14
2026-04-23 02:28:46 [ChainSaver] 버퍼 엔트리=124 | price_ticks=188293 greeks_ticks=253867 snap_ticks=144933 | 이론가 커버리지=100.0%
2026-04-23 02:28:46 [ChainSaver] DB 최근5분 rows=7440 | IV커버=99.2%  이론가커버=99.2% | stream=2340 snap=5100 | 최근저장=2026-04-22 13:28:44
2026-04-23 02:29:16 [ChainSaver] 버퍼 엔트리=124 | price_ticks=189046 greeks_ticks=255574 snap_ticks=145801 | 이론가 커버리지=100.0%
2026-04-23 02:29:16 [ChainSaver] DB 최근5분 rows=7440 | IV커버=99.2%  이론가커버=99.2% | stream=2340 snap=5100 | 최근저장=2026-04-22 13:29:14
2026-04-23 02:29:46 [ChainSaver] 버퍼 엔트리=124 | price_ticks=189863 greeks_ticks=257419 snap_ticks=146848 | 이론가 커버리지=100.0%
2026-04-23 02:29:46 [ChainSaver] DB 최근5분 rows=7440 | IV커버=99.2%  이론가커버=99.2% | stream=2340 snap=5100 | 최근저장=2026-04-22 13:29:44
2026-04-23 02:30:16 [ChainSaver] 버퍼 엔트리=124 | price_ticks=190719 greeks_ticks=259143 snap_ticks=147716 | 이론가 커버리지=100.0%
2026-04-23 02:30:16 [ChainSaver] DB 최근5분 rows=7440 | IV커버=99.2%  이론가커버=99.2% | stream=2340 snap=5100 | 최근저장=2026-04-22 13:30:14
2026-04-23 02:30:46 [ChainSaver] 버퍼 엔트리=124 | price_ticks=191944 greeks_ticks=260947 snap_ticks=148805 | 이론가 커버리지=100.0%
2026-04-23 02:30:46 [ChainSaver] DB 최근5분 rows=7440 | IV커버=99.2%  이론가커버=99.2% | stream=2345 snap=5095 | 최근저장=2026-04-22 13:30:44
2026-04-23 02:31:16 [ChainSaver] 버퍼 엔트리=124 | price_ticks=192714 greeks_ticks=262663 snap_ticks=149673 | 이론가 커버리지=100.0%
2026-04-23 02:31:16 [ChainSaver] DB 최근5분 rows=7440 | IV커버=99.2%  이론가커버=99.2% | stream=2351 snap=5089 | 최근저장=2026-04-22 13:31:14
2026-04-23 02:31:46 [ChainSaver] 버퍼 엔트리=124 | price_ticks=193444 greeks_ticks=264535 snap_ticks=150765 | 이론가 커버리지=100.0%
2026-04-23 02:31:46 [ChainSaver] DB 최근5분 rows=7440 | IV커버=99.2%  이론가커버=99.2% | stream=2357 snap=5083 | 최근저장=2026-04-22 13:31:44
2026-04-23 02:32:16 [ChainSaver] 버퍼 엔트리=124 | price_ticks=194102 greeks_ticks=266346 snap_ticks=151611 | 이론가 커버리지=100.0%
2026-04-23 02:32:16 [ChainSaver] DB 최근5분 rows=7440 | IV커버=99.2%  이론가커버=99.2% | stream=2363 snap=5077 | 최근저장=2026-04-22 13:32:14
2026-04-23 02:32:46 [ChainSaver] 버퍼 엔트리=124 | price_ticks=194742 greeks_ticks=268126 snap_ticks=152666 | 이론가 커버리지=100.0%
2026-04-23 02:32:46 [ChainSaver] DB 최근5분 rows=7440 | IV커버=99.2%  이론가커버=99.2% | stream=2369 snap=5071 | 최근저장=2026-04-22 13:32:44
2026-04-23 02:33:16 [ChainSaver] 버퍼 엔트리=124 | price_ticks=195326 greeks_ticks=269935 snap_ticks=153534 | 이론가 커버리지=100.0%
2026-04-23 02:33:16 [ChainSaver] DB 최근5분 rows=7440 | IV커버=99.2%  이론가커버=99.2% | stream=2375 snap=5065 | 최근저장=2026-04-22 13:33:14
2026-04-23 02:33:46 [ChainSaver] 버퍼 엔트리=124 | price_ticks=195859 greeks_ticks=271701 snap_ticks=154658 | 이론가 커버리지=100.0%
2026-04-23 02:33:46 [ChainSaver] DB 최근5분 rows=7440 | IV커버=99.2%  이론가커버=99.2% | stream=2381 snap=5059 | 최근저장=2026-04-22 13:33:44
2026-04-23 02:34:16 [ChainSaver] 버퍼 엔트리=124 | price_ticks=196548 greeks_ticks=273408 snap_ticks=155554 | 이론가 커버리지=100.0%
2026-04-23 02:34:16 [ChainSaver] DB 최근5분 rows=7440 | IV커버=99.2%  이론가커버=99.2% | stream=2387 snap=5053 | 최근저장=2026-04-22 13:34:14
2026-04-23 02:34:46 [ChainSaver] 버퍼 엔트리=124 | price_ticks=196956 greeks_ticks=275278 snap_ticks=156681 | 이론가 커버리지=100.0%
2026-04-23 02:34:46 [ChainSaver] DB 최근5분 rows=7440 | IV커버=99.2%  이론가커버=99.2% | stream=2393 snap=5047 | 최근저장=2026-04-22 13:34:44
2026-04-23 02:35:16 [ChainSaver] 버퍼 엔트리=124 | price_ticks=198247 greeks_ticks=277003 snap_ticks=157561 | 이론가 커버리지=100.0%
2026-04-23 02:35:16 [ChainSaver] DB 최근5분 rows=7440 | IV커버=99.2%  이론가커버=99.2% | stream=2399 snap=5041 | 최근저장=2026-04-22 13:35:14
2026-04-23 02:35:46 [ChainSaver] 버퍼 엔트리=124 | price_ticks=199095 greeks_ticks=278735 snap_ticks=158636 | 이론가 커버리지=100.0%
2026-04-23 02:35:46 [ChainSaver] DB 최근5분 rows=7440 | IV커버=99.2%  이론가커버=99.2% | stream=2400 snap=5040 | 최근저장=2026-04-22 13:35:44
2026-04-23 02:36:16 [ChainSaver] 버퍼 엔트리=124 | price_ticks=199823 greeks_ticks=280481 snap_ticks=159532 | 이론가 커버리지=100.0%
2026-04-23 02:36:16 [ChainSaver] DB 최근5분 rows=7440 | IV커버=99.2%  이론가커버=99.2% | stream=2400 snap=5040 | 최근저장=2026-04-22 13:36:14
2026-04-23 02:36:46 [ChainSaver] 버퍼 엔트리=124 | price_ticks=200692 greeks_ticks=282306 snap_ticks=160658 | 이론가 커버리지=100.0%
2026-04-23 02:36:46 [ChainSaver] DB 최근5분 rows=7440 | IV커버=99.2%  이론가커버=99.2% | stream=2400 snap=5040 | 최근저장=2026-04-22 13:36:44
2026-04-23 02:37:16 [ChainSaver] 버퍼 엔트리=124 | price_ticks=201632 greeks_ticks=283973 snap_ticks=161554 | 이론가 커버리지=100.0%
2026-04-23 02:37:16 [ChainSaver] DB 최근5분 rows=7440 | IV커버=99.2%  이론가커버=99.2% | stream=2400 snap=5040 | 최근저장=2026-04-22 13:37:14
2026-04-23 02:37:46 [ChainSaver] 버퍼 엔트리=124 | price_ticks=202373 greeks_ticks=285697 snap_ticks=162673 | 이론가 커버리지=100.0%
2026-04-23 02:37:46 [ChainSaver] DB 최근5분 rows=7440 | IV커버=99.2%  이론가커버=99.2% | stream=2400 snap=5040 | 최근저장=2026-04-22 13:37:44
2026-04-23 02:38:16 [ChainSaver] 버퍼 엔트리=124 | price_ticks=202961 greeks_ticks=287556 snap_ticks=163569 | 이론가 커버리지=100.0%
2026-04-23 02:38:16 [ChainSaver] DB 최근5분 rows=7440 | IV커버=99.2%  이론가커버=99.2% | stream=2400 snap=5040 | 최근저장=2026-04-22 13:38:14
2026-04-23 02:38:46 [ChainSaver] 버퍼 엔트리=124 | price_ticks=203672 greeks_ticks=289382 snap_ticks=164679 | 이론가 커버리지=100.0%
2026-04-23 02:38:46 [ChainSaver] DB 최근5분 rows=7440 | IV커버=99.2%  이론가커버=99.2% | stream=2400 snap=5040 | 최근저장=2026-04-22 13:38:44
2026-04-23 02:39:16 [ChainSaver] 버퍼 엔트리=124 | price_ticks=204375 greeks_ticks=291240 snap_ticks=165575 | 이론가 커버리지=100.0%
2026-04-23 02:39:16 [ChainSaver] DB 최근5분 rows=7440 | IV커버=99.2%  이론가커버=99.2% | stream=2400 snap=5040 | 최근저장=2026-04-22 13:39:14
2026-04-23 02:39:46 [ChainSaver] 버퍼 엔트리=124 | price_ticks=204961 greeks_ticks=292851 snap_ticks=166720 | 이론가 커버리지=100.0%
2026-04-23 02:39:46 [ChainSaver] DB 최근5분 rows=7440 | IV커버=99.2%  이론가커버=99.2% | stream=2400 snap=5040 | 최근저장=2026-04-22 13:39:44
2026-04-23 02:40:16 [ChainSaver] 버퍼 엔트리=124 | price_ticks=205523 greeks_ticks=294483 snap_ticks=167616 | 이론가 커버리지=100.0%
2026-04-23 02:40:16 [ChainSaver] DB 최근5분 rows=7440 | IV커버=99.2%  이론가커버=99.2% | stream=2400 snap=5040 | 최근저장=2026-04-22 13:40:14
2026-04-23 02:40:46 [ChainSaver] 버퍼 엔트리=124 | price_ticks=206128 greeks_ticks=296210 snap_ticks=168763 | 이론가 커버리지=100.0%
2026-04-23 02:40:46 [ChainSaver] DB 최근5분 rows=7440 | IV커버=99.2%  이론가커버=99.2% | stream=2400 snap=5040 | 최근저장=2026-04-22 13:40:44
2026-04-23 02:41:16 [ChainSaver] 버퍼 엔트리=124 | price_ticks=206733 greeks_ticks=298062 snap_ticks=169659 | 이론가 커버리지=100.0%
2026-04-23 02:41:16 [ChainSaver] DB 최근5분 rows=7440 | IV커버=99.2%  이론가커버=99.2% | stream=2400 snap=5040 | 최근저장=2026-04-22 13:41:14
2026-04-23 02:41:46 [ChainSaver] 버퍼 엔트리=124 | price_ticks=207215 greeks_ticks=299775 snap_ticks=170730 | 이론가 커버리지=100.0%
2026-04-23 02:41:46 [ChainSaver] DB 최근5분 rows=7440 | IV커버=99.2%  이론가커버=99.2% | stream=2400 snap=5040 | 최근저장=2026-04-22 13:41:44
2026-04-23 02:42:16 [ChainSaver] 버퍼 엔트리=124 | price_ticks=207850 greeks_ticks=301515 snap_ticks=171626 | 이론가 커버리지=100.0%
2026-04-23 02:42:16 [ChainSaver] DB 최근5분 rows=7440 | IV커버=99.2%  이론가커버=99.2% | stream=2400 snap=5040 | 최근저장=2026-04-22 13:42:14
2026-04-23 02:42:46 [ChainSaver] 버퍼 엔트리=124 | price_ticks=208613 greeks_ticks=303245 snap_ticks=172732 | 이론가 커버리지=100.0%
2026-04-23 02:42:46 [ChainSaver] DB 최근5분 rows=7440 | IV커버=99.2%  이론가커버=99.2% | stream=2400 snap=5040 | 최근저장=2026-04-22 13:42:44
2026-04-23 02:43:16 [ChainSaver] 버퍼 엔트리=124 | price_ticks=209211 greeks_ticks=305098 snap_ticks=173536 | 이론가 커버리지=100.0%
2026-04-23 02:43:16 [ChainSaver] DB 최근5분 rows=7440 | IV커버=99.2%  이론가커버=99.2% | stream=2400 snap=5040 | 최근저장=2026-04-22 13:43:14
2026-04-23 02:43:46 [ChainSaver] 버퍼 엔트리=124 | price_ticks=209780 greeks_ticks=306927 snap_ticks=174642 | 이론가 커버리지=100.0%
2026-04-23 02:43:46 [ChainSaver] DB 최근5분 rows=7440 | IV커버=99.2%  이론가커버=99.2% | stream=2400 snap=5040 | 최근저장=2026-04-22 13:43:44
2026-04-23 02:44:16 [ChainSaver] 버퍼 엔트리=124 | price_ticks=210240 greeks_ticks=308650 snap_ticks=175494 | 이론가 커버리지=100.0%
2026-04-23 02:44:16 [ChainSaver] DB 최근5분 rows=7440 | IV커버=99.2%  이론가커버=99.2% | stream=2400 snap=5040 | 최근저장=2026-04-22 13:44:14
2026-04-23 02:44:46 [ChainSaver] 버퍼 엔트리=124 | price_ticks=210993 greeks_ticks=310379 snap_ticks=176594 | 이론가 커버리지=100.0%
2026-04-23 02:44:46 [ChainSaver] DB 최근5분 rows=7440 | IV커버=99.2%  이론가커버=99.2% | stream=2400 snap=5040 | 최근저장=2026-04-22 13:44:44
2026-04-23 02:45:16 [ChainSaver] 버퍼 엔트리=124 | price_ticks=211833 greeks_ticks=312198 snap_ticks=177462 | 이론가 커버리지=100.0%
2026-04-23 02:45:16 [ChainSaver] DB 최근5분 rows=7440 | IV커버=99.2%  이론가커버=99.2% | stream=2400 snap=5040 | 최근저장=2026-04-22 13:45:14
2026-04-23 02:45:46 [ChainSaver] 버퍼 엔트리=124 | price_ticks=212698 greeks_ticks=314082 snap_ticks=178536 | 이론가 커버리지=100.0%
2026-04-23 02:45:46 [ChainSaver] DB 최근5분 rows=7440 | IV커버=99.2%  이론가커버=99.2% | stream=2400 snap=5040 | 최근저장=2026-04-22 13:45:44
2026-04-23 02:46:16 [ChainSaver] 버퍼 엔트리=124 | price_ticks=213719 greeks_ticks=315911 snap_ticks=179404 | 이론가 커버리지=100.0%
2026-04-23 02:46:16 [ChainSaver] DB 최근5분 rows=7440 | IV커버=99.2%  이론가커버=99.2% | stream=2400 snap=5040 | 최근저장=2026-04-22 13:46:14
2026-04-23 02:46:46 [ChainSaver] 버퍼 엔트리=124 | price_ticks=214492 greeks_ticks=317656 snap_ticks=180521 | 이론가 커버리지=100.0%
2026-04-23 02:46:46 [ChainSaver] DB 최근5분 rows=7440 | IV커버=99.2%  이론가커버=99.2% | stream=2400 snap=5040 | 최근저장=2026-04-22 13:46:44
2026-04-23 02:47:16 [ChainSaver] 버퍼 엔트리=124 | price_ticks=215716 greeks_ticks=319494 snap_ticks=181389 | 이론가 커버리지=100.0%
2026-04-23 02:47:16 [ChainSaver] DB 최근5분 rows=7440 | IV커버=99.2%  이론가커버=99.2% | stream=2400 snap=5040 | 최근저장=2026-04-22 13:47:14
2026-04-23 02:47:46 [ChainSaver] 버퍼 엔트리=124 | price_ticks=217406 greeks_ticks=321369 snap_ticks=182445 | 이론가 커버리지=100.0%
2026-04-23 02:47:46 [ChainSaver] DB 최근5분 rows=7440 | IV커버=99.2%  이론가커버=99.2% | stream=2400 snap=5040 | 최근저장=2026-04-22 13:47:44
2026-04-23 02:48:16 [ChainSaver] 버퍼 엔트리=124 | price_ticks=219650 greeks_ticks=323228 snap_ticks=183313 | 이론가 커버리지=100.0%
2026-04-23 02:48:16 [ChainSaver] DB 최근5분 rows=7440 | IV커버=99.2%  이론가커버=99.2% | stream=2400 snap=5040 | 최근저장=2026-04-22 13:48:14
2026-04-23 02:48:46 [ChainSaver] 버퍼 엔트리=124 | price_ticks=221466 greeks_ticks=325131 snap_ticks=184360 | 이론가 커버리지=100.0%
2026-04-23 02:48:46 [ChainSaver] DB 최근5분 rows=7440 | IV커버=99.2%  이론가커버=99.2% | stream=2400 snap=5040 | 최근저장=2026-04-22 13:48:44
2026-04-23 02:49:16 [ChainSaver] 버퍼 엔트리=124 | price_ticks=222431 greeks_ticks=326952 snap_ticks=185228 | 이론가 커버리지=100.0%
2026-04-23 02:49:16 [ChainSaver] DB 최근5분 rows=7440 | IV커버=99.2%  이론가커버=99.2% | stream=2400 snap=5040 | 최근저장=2026-04-22 13:49:14
2026-04-23 02:49:46 [ChainSaver] 버퍼 엔트리=124 | price_ticks=223449 greeks_ticks=328778 snap_ticks=186365 | 이론가 커버리지=100.0%
2026-04-23 02:49:46 [ChainSaver] DB 최근5분 rows=7440 | IV커버=99.2%  이론가커버=99.2% | stream=2400 snap=5040 | 최근저장=2026-04-22 13:49:44
2026-04-23 02:50:16 [ChainSaver] 버퍼 엔트리=124 | price_ticks=224311 greeks_ticks=330639 snap_ticks=187185 | 이론가 커버리지=100.0%
2026-04-23 02:50:16 [ChainSaver] DB 최근5분 rows=7440 | IV커버=99.2%  이론가커버=99.2% | stream=2400 snap=5040 | 최근저장=2026-04-22 13:50:14
2026-04-23 02:50:46 [ChainSaver] 버퍼 엔트리=124 | price_ticks=224962 greeks_ticks=332501 snap_ticks=188308 | 이론가 커버리지=100.0%
2026-04-23 02:50:46 [ChainSaver] DB 최근5분 rows=7440 | IV커버=99.2%  이론가커버=99.2% | stream=2400 snap=5040 | 최근저장=2026-04-22 13:50:44
2026-04-23 02:51:16 [ChainSaver] 버퍼 엔트리=124 | price_ticks=225758 greeks_ticks=334326 snap_ticks=189176 | 이론가 커버리지=100.0%
2026-04-23 02:51:16 [ChainSaver] DB 최근5분 rows=7440 | IV커버=99.2%  이론가커버=99.2% | stream=2400 snap=5040 | 최근저장=2026-04-22 13:51:14
2026-04-23 02:51:46 [ChainSaver] 버퍼 엔트리=124 | price_ticks=226779 greeks_ticks=336159 snap_ticks=190229 | 이론가 커버리지=100.0%
2026-04-23 02:51:46 [ChainSaver] DB 최근5분 rows=7440 | IV커버=99.2%  이론가커버=99.2% | stream=2400 snap=5040 | 최근저장=2026-04-22 13:51:44
2026-04-23 02:52:16 [ChainSaver] 버퍼 엔트리=124 | price_ticks=227375 greeks_ticks=338024 snap_ticks=191097 | 이론가 커버리지=100.0%
2026-04-23 02:52:16 [ChainSaver] DB 최근5분 rows=7440 | IV커버=99.2%  이론가커버=99.2% | stream=2400 snap=5040 | 최근저장=2026-04-22 13:52:14
2026-04-23 02:52:46 [ChainSaver] 버퍼 엔트리=124 | price_ticks=228479 greeks_ticks=339883 snap_ticks=192134 | 이론가 커버리지=100.0%
2026-04-23 02:52:46 [ChainSaver] DB 최근5분 rows=7440 | IV커버=99.2%  이론가커버=99.2% | stream=2400 snap=5040 | 최근저장=2026-04-22 13:52:44
2026-04-23 02:53:16 [ChainSaver] 버퍼 엔트리=124 | price_ticks=229088 greeks_ticks=341605 snap_ticks=193002 | 이론가 커버리지=100.0%
2026-04-23 02:53:16 [ChainSaver] DB 최근5분 rows=7440 | IV커버=99.2%  이론가커버=99.2% | stream=2400 snap=5040 | 최근저장=2026-04-22 13:53:14
2026-04-23 02:53:46 [ChainSaver] 버퍼 엔트리=124 | price_ticks=229810 greeks_ticks=343305 snap_ticks=194059 | 이론가 커버리지=100.0%
2026-04-23 02:53:46 [ChainSaver] DB 최근5분 rows=7440 | IV커버=99.2%  이론가커버=99.2% | stream=2400 snap=5040 | 최근저장=2026-04-22 13:53:44
2026-04-23 02:54:16 [ChainSaver] 버퍼 엔트리=124 | price_ticks=230542 greeks_ticks=345183 snap_ticks=194927 | 이론가 커버리지=100.0%
2026-04-23 02:54:16 [ChainSaver] DB 최근5분 rows=7440 | IV커버=99.2%  이론가커버=99.2% | stream=2400 snap=5040 | 최근저장=2026-04-22 13:54:14
2026-04-23 02:54:46 [ChainSaver] 버퍼 엔트리=124 | price_ticks=231341 greeks_ticks=347005 snap_ticks=196000 | 이론가 커버리지=100.0%
2026-04-23 02:54:46 [ChainSaver] DB 최근5분 rows=7440 | IV커버=99.2%  이론가커버=99.2% | stream=2400 snap=5040 | 최근저장=2026-04-22 13:54:44
2026-04-23 02:55:16 [ChainSaver] 버퍼 엔트리=124 | price_ticks=231936 greeks_ticks=348879 snap_ticks=196868 | 이론가 커버리지=100.0%
2026-04-23 02:55:16 [ChainSaver] DB 최근5분 rows=7440 | IV커버=99.2%  이론가커버=99.2% | stream=2400 snap=5040 | 최근저장=2026-04-22 13:55:14
2026-04-23 02:55:46 [ChainSaver] 버퍼 엔트리=124 | price_ticks=232642 greeks_ticks=350690 snap_ticks=197962 | 이론가 커버리지=100.0%
2026-04-23 02:55:46 [ChainSaver] DB 최근5분 rows=7440 | IV커버=99.2%  이론가커버=99.2% | stream=2400 snap=5040 | 최근저장=2026-04-22 13:55:44
2026-04-23 02:56:16 [ChainSaver] 버퍼 엔트리=124 | price_ticks=233249 greeks_ticks=352565 snap_ticks=198830 | 이론가 커버리지=100.0%
2026-04-23 02:56:16 [ChainSaver] DB 최근5분 rows=7440 | IV커버=99.2%  이론가커버=99.2% | stream=2400 snap=5040 | 최근저장=2026-04-22 13:56:14
2026-04-23 02:56:46 [ChainSaver] 버퍼 엔트리=124 | price_ticks=233884 greeks_ticks=354285 snap_ticks=199914 | 이론가 커버리지=100.0%
2026-04-23 02:56:46 [ChainSaver] DB 최근5분 rows=7440 | IV커버=99.2%  이론가커버=99.2% | stream=2400 snap=5040 | 최근저장=2026-04-22 13:56:44
2026-04-23 02:57:16 [ChainSaver] 버퍼 엔트리=124 | price_ticks=234568 greeks_ticks=356150 snap_ticks=200782 | 이론가 커버리지=100.0%
2026-04-23 02:57:16 [ChainSaver] DB 최근5분 rows=7440 | IV커버=99.2%  이론가커버=99.2% | stream=2400 snap=5040 | 최근저장=2026-04-22 13:57:14
2026-04-23 02:57:46 [ChainSaver] 버퍼 엔트리=124 | price_ticks=235137 greeks_ticks=357853 snap_ticks=201875 | 이론가 커버리지=100.0%
2026-04-23 02:57:46 [ChainSaver] DB 최근5분 rows=7440 | IV커버=99.2%  이론가커버=99.2% | stream=2400 snap=5040 | 최근저장=2026-04-22 13:57:44
2026-04-23 02:58:16 [ChainSaver] 버퍼 엔트리=124 | price_ticks=235742 greeks_ticks=359717 snap_ticks=202743 | 이론가 커버리지=100.0%
2026-04-23 02:58:16 [ChainSaver] DB 최근5분 rows=7440 | IV커버=99.2%  이론가커버=99.2% | stream=2400 snap=5040 | 최근저장=2026-04-22 13:58:14
2026-04-23 02:58:46 [ChainSaver] 버퍼 엔트리=124 | price_ticks=236452 greeks_ticks=361539 snap_ticks=203848 | 이론가 커버리지=100.0%
2026-04-23 02:58:46 [ChainSaver] DB 최근5분 rows=7440 | IV커버=99.2%  이론가커버=99.2% | stream=2400 snap=5040 | 최근저장=2026-04-22 13:58:44
2026-04-23 02:59:16 [ChainSaver] 버퍼 엔트리=124 | price_ticks=237057 greeks_ticks=363296 snap_ticks=204716 | 이론가 커버리지=100.0%
2026-04-23 02:59:16 [ChainSaver] DB 최근5분 rows=7440 | IV커버=99.2%  이론가커버=99.2% | stream=2400 snap=5040 | 최근저장=2026-04-22 13:59:14
2026-04-23 02:59:46 [ChainSaver] 버퍼 엔트리=124 | price_ticks=237701 greeks_ticks=365114 snap_ticks=205767 | 이론가 커버리지=100.0%
2026-04-23 02:59:46 [ChainSaver] DB 최근5분 rows=7440 | IV커버=99.2%  이론가커버=99.2% | stream=2400 snap=5040 | 최근저장=2026-04-22 13:59:44
2026-04-23 03:00:16 [ChainSaver] 버퍼 엔트리=124 | price_ticks=238780 greeks_ticks=366975 snap_ticks=206635 | 이론가 커버리지=100.0%
2026-04-23 03:00:16 [ChainSaver] DB 최근5분 rows=7440 | IV커버=99.2%  이론가커버=99.2% | stream=2400 snap=5040 | 최근저장=2026-04-22 14:00:14
2026-04-23 03:00:46 [ChainSaver] 버퍼 엔트리=124 | price_ticks=239530 greeks_ticks=368629 snap_ticks=207708 | 이론가 커버리지=100.0%
2026-04-23 03:00:46 [ChainSaver] DB 최근5분 rows=7440 | IV커버=99.2%  이론가커버=99.2% | stream=2400 snap=5040 | 최근저장=2026-04-22 14:00:44
2026-04-23 03:01:16 [ChainSaver] 버퍼 엔트리=124 | price_ticks=240225 greeks_ticks=370407 snap_ticks=208576 | 이론가 커버리지=100.0%
2026-04-23 03:01:16 [ChainSaver] DB 최근5분 rows=7440 | IV커버=99.2%  이론가커버=99.2% | stream=2400 snap=5040 | 최근저장=2026-04-22 14:01:14
2026-04-23 03:01:46 [ChainSaver] 버퍼 엔트리=124 | price_ticks=241268 greeks_ticks=372239 snap_ticks=209695 | 이론가 커버리지=100.0%
2026-04-23 03:01:46 [ChainSaver] DB 최근5분 rows=7440 | IV커버=99.2%  이론가커버=99.2% | stream=2400 snap=5040 | 최근저장=2026-04-22 14:01:44
2026-04-23 03:02:16 [ChainSaver] 버퍼 엔트리=124 | price_ticks=242039 greeks_ticks=374073 snap_ticks=210563 | 이론가 커버리지=100.0%
2026-04-23 03:02:16 [ChainSaver] DB 최근5분 rows=7440 | IV커버=99.2%  이론가커버=99.2% | stream=2400 snap=5040 | 최근저장=2026-04-22 14:02:14
2026-04-23 03:02:46 [ChainSaver] 버퍼 엔트리=124 | price_ticks=242443 greeks_ticks=375919 snap_ticks=211647 | 이론가 커버리지=100.0%
2026-04-23 03:02:46 [ChainSaver] DB 최근5분 rows=7440 | IV커버=99.2%  이론가커버=99.2% | stream=2400 snap=5040 | 최근저장=2026-04-22 14:02:44
2026-04-23 03:03:16 [ChainSaver] 버퍼 엔트리=124 | price_ticks=243170 greeks_ticks=377754 snap_ticks=212515 | 이론가 커버리지=100.0%
2026-04-23 03:03:16 [ChainSaver] DB 최근5분 rows=7440 | IV커버=99.2%  이론가커버=99.2% | stream=2400 snap=5040 | 최근저장=2026-04-22 14:03:14
2026-04-23 03:03:46 [ChainSaver] 버퍼 엔트리=124 | price_ticks=243686 greeks_ticks=379603 snap_ticks=213590 | 이론가 커버리지=100.0%
2026-04-23 03:03:46 [ChainSaver] DB 최근5분 rows=7440 | IV커버=99.2%  이론가커버=99.2% | stream=2400 snap=5040 | 최근저장=2026-04-22 14:03:44
2026-04-23 03:04:16 [ChainSaver] 버퍼 엔트리=124 | price_ticks=244248 greeks_ticks=381433 snap_ticks=214458 | 이론가 커버리지=100.0%
2026-04-23 03:04:16 [ChainSaver] DB 최근5분 rows=7440 | IV커버=99.2%  이론가커버=99.2% | stream=2400 snap=5040 | 최근저장=2026-04-22 14:04:14
2026-04-23 03:04:46 [ChainSaver] 버퍼 엔트리=124 | price_ticks=244857 greeks_ticks=383182 snap_ticks=215538 | 이론가 커버리지=100.0%
2026-04-23 03:04:46 [ChainSaver] DB 최근5분 rows=7440 | IV커버=99.2%  이론가커버=99.2% | stream=2400 snap=5040 | 최근저장=2026-04-22 14:04:44
2026-04-23 03:05:16 [ChainSaver] 버퍼 엔트리=124 | price_ticks=245387 greeks_ticks=384906 snap_ticks=216406 | 이론가 커버리지=100.0%
2026-04-23 03:05:16 [ChainSaver] DB 최근5분 rows=7440 | IV커버=99.2%  이론가커버=99.2% | stream=2400 snap=5040 | 최근저장=2026-04-22 14:05:14
2026-04-23 03:05:46 [ChainSaver] 버퍼 엔트리=124 | price_ticks=245856 greeks_ticks=386455 snap_ticks=217483 | 이론가 커버리지=100.0%
2026-04-23 03:05:46 [ChainSaver] DB 최근5분 rows=7440 | IV커버=99.2%  이론가커버=99.2% | stream=2400 snap=5040 | 최근저장=2026-04-22 14:05:44
2026-04-23 03:06:16 [ChainSaver] 버퍼 엔트리=124 | price_ticks=246417 greeks_ticks=388291 snap_ticks=218351 | 이론가 커버리지=100.0%
2026-04-23 03:06:16 [ChainSaver] DB 최근5분 rows=7440 | IV커버=99.2%  이론가커버=99.2% | stream=2400 snap=5040 | 최근저장=2026-04-22 14:06:14
2026-04-23 03:06:46 [ChainSaver] 버퍼 엔트리=124 | price_ticks=246953 greeks_ticks=390002 snap_ticks=219407 | 이론가 커버리지=100.0%
2026-04-23 03:06:46 [ChainSaver] DB 최근5분 rows=7440 | IV커버=99.2%  이론가커버=99.2% | stream=2400 snap=5040 | 최근저장=2026-04-22 14:06:44
2026-04-23 03:07:16 [ChainSaver] 버퍼 엔트리=124 | price_ticks=247652 greeks_ticks=391873 snap_ticks=220275 | 이론가 커버리지=100.0%
2026-04-23 03:07:16 [ChainSaver] DB 최근5분 rows=7440 | IV커버=99.2%  이론가커버=99.2% | stream=2400 snap=5040 | 최근저장=2026-04-22 14:07:14
2026-04-23 03:07:46 [ChainSaver] 버퍼 엔트리=124 | price_ticks=248275 greeks_ticks=393618 snap_ticks=221350 | 이론가 커버리지=100.0%
2026-04-23 03:07:46 [ChainSaver] DB 최근5분 rows=7440 | IV커버=99.2%  이론가커버=99.2% | stream=2400 snap=5040 | 최근저장=2026-04-22 14:07:44
2026-04-23 03:08:16 [ChainSaver] 버퍼 엔트리=124 | price_ticks=248823 greeks_ticks=395451 snap_ticks=222218 | 이론가 커버리지=100.0%
2026-04-23 03:08:16 [ChainSaver] DB 최근5분 rows=7440 | IV커버=99.2%  이론가커버=99.2% | stream=2400 snap=5040 | 최근저장=2026-04-22 14:08:14
2026-04-23 03:08:46 [ChainSaver] 버퍼 엔트리=124 | price_ticks=249248 greeks_ticks=397262 snap_ticks=223348 | 이론가 커버리지=100.0%
2026-04-23 03:08:46 [ChainSaver] DB 최근5분 rows=7440 | IV커버=99.2%  이론가커버=99.2% | stream=2400 snap=5040 | 최근저장=2026-04-22 14:08:44
2026-04-23 03:09:16 [ChainSaver] 버퍼 엔트리=124 | price_ticks=249653 greeks_ticks=399133 snap_ticks=224216 | 이론가 커버리지=100.0%
2026-04-23 03:09:16 [ChainSaver] DB 최근5분 rows=7440 | IV커버=99.2%  이론가커버=99.2% | stream=2400 snap=5040 | 최근저장=2026-04-22 14:09:14
2026-04-23 03:09:46 [ChainSaver] 버퍼 엔트리=124 | price_ticks=250149 greeks_ticks=400877 snap_ticks=225344 | 이론가 커버리지=100.0%
2026-04-23 03:09:46 [ChainSaver] DB 최근5분 rows=7440 | IV커버=99.2%  이론가커버=99.2% | stream=2400 snap=5040 | 최근저장=2026-04-22 14:09:44
2026-04-23 03:10:16 [ChainSaver] 버퍼 엔트리=124 | price_ticks=250677 greeks_ticks=402705 snap_ticks=226212 | 이론가 커버리지=100.0%
2026-04-23 03:10:16 [ChainSaver] DB 최근5분 rows=7440 | IV커버=99.2%  이론가커버=99.2% | stream=2400 snap=5040 | 최근저장=2026-04-22 14:10:14
2026-04-23 03:10:46 [ChainSaver] 버퍼 엔트리=124 | price_ticks=251259 greeks_ticks=404525 snap_ticks=227309 | 이론가 커버리지=100.0%
2026-04-23 03:10:46 [ChainSaver] DB 최근5분 rows=7440 | IV커버=99.2%  이론가커버=99.2% | stream=2400 snap=5040 | 최근저장=2026-04-22 14:10:44
2026-04-23 03:11:16 [ChainSaver] 버퍼 엔트리=124 | price_ticks=251848 greeks_ticks=406400 snap_ticks=228177 | 이론가 커버리지=100.0%
2026-04-23 03:11:16 [ChainSaver] DB 최근5분 rows=7440 | IV커버=99.2%  이론가커버=99.2% | stream=2400 snap=5040 | 최근저장=2026-04-22 14:11:14
2026-04-23 03:11:46 [ChainSaver] 버퍼 엔트리=124 | price_ticks=252439 greeks_ticks=408148 snap_ticks=229265 | 이론가 커버리지=100.0%
2026-04-23 03:11:46 [ChainSaver] DB 최근5분 rows=7440 | IV커버=99.2%  이론가커버=99.2% | stream=2400 snap=5040 | 최근저장=2026-04-22 14:11:44
2026-04-23 03:12:16 [ChainSaver] 버퍼 엔트리=124 | price_ticks=253153 greeks_ticks=409989 snap_ticks=230133 | 이론가 커버리지=100.0%
2026-04-23 03:12:16 [ChainSaver] DB 최근5분 rows=7440 | IV커버=99.2%  이론가커버=99.2% | stream=2400 snap=5040 | 최근저장=2026-04-22 14:12:14
2026-04-23 03:12:46 [ChainSaver] 버퍼 엔트리=124 | price_ticks=253786 greeks_ticks=411706 snap_ticks=231190 | 이론가 커버리지=100.0%
2026-04-23 03:12:46 [ChainSaver] DB 최근5분 rows=7440 | IV커버=99.2%  이론가커버=99.2% | stream=2400 snap=5040 | 최근저장=2026-04-22 14:12:44
2026-04-23 03:13:16 [ChainSaver] 버퍼 엔트리=124 | price_ticks=254208 greeks_ticks=413463 snap_ticks=232058 | 이론가 커버리지=100.0%
2026-04-23 03:13:16 [ChainSaver] DB 최근5분 rows=7440 | IV커버=99.2%  이론가커버=99.2% | stream=2400 snap=5040 | 최근저장=2026-04-22 14:13:14
2026-04-23 03:13:46 [ChainSaver] 버퍼 엔트리=124 | price_ticks=254680 greeks_ticks=415167 snap_ticks=233152 | 이론가 커버리지=100.0%
2026-04-23 03:13:46 [ChainSaver] DB 최근5분 rows=7440 | IV커버=99.2%  이론가커버=99.2% | stream=2400 snap=5040 | 최근저장=2026-04-22 14:13:44
2026-04-23 03:14:16 [ChainSaver] 버퍼 엔트리=124 | price_ticks=255123 greeks_ticks=416918 snap_ticks=234020 | 이론가 커버리지=100.0%
2026-04-23 03:14:16 [ChainSaver] DB 최근5분 rows=7440 | IV커버=99.2%  이론가커버=99.2% | stream=2400 snap=5040 | 최근저장=2026-04-22 14:14:14
2026-04-23 03:14:46 [ChainSaver] 버퍼 엔트리=124 | price_ticks=255559 greeks_ticks=418854 snap_ticks=235121 | 이론가 커버리지=100.0%
2026-04-23 03:14:46 [ChainSaver] DB 최근5분 rows=7440 | IV커버=99.2%  이론가커버=99.2% | stream=2400 snap=5040 | 최근저장=2026-04-22 14:14:44
2026-04-23 03:15:16 [ChainSaver] 버퍼 엔트리=124 | price_ticks=256257 greeks_ticks=420613 snap_ticks=235989 | 이론가 커버리지=100.0%
2026-04-23 03:15:16 [ChainSaver] DB 최근5분 rows=7440 | IV커버=99.2%  이론가커버=99.2% | stream=2400 snap=5040 | 최근저장=2026-04-22 14:15:14
2026-04-23 03:15:46 [ChainSaver] 버퍼 엔트리=124 | price_ticks=256628 greeks_ticks=422313 snap_ticks=237088 | 이론가 커버리지=100.0%
2026-04-23 03:15:46 [ChainSaver] DB 최근5분 rows=7440 | IV커버=99.2%  이론가커버=99.2% | stream=2400 snap=5040 | 최근저장=2026-04-22 14:15:44
2026-04-23 03:16:16 [ChainSaver] 버퍼 엔트리=124 | price_ticks=257254 greeks_ticks=424183 snap_ticks=237956 | 이론가 커버리지=100.0%
2026-04-23 03:16:16 [ChainSaver] DB 최근5분 rows=7440 | IV커버=99.2%  이론가커버=99.2% | stream=2400 snap=5040 | 최근저장=2026-04-22 14:16:14
2026-04-23 03:16:46 [ChainSaver] 버퍼 엔트리=124 | price_ticks=257982 greeks_ticks=426008 snap_ticks=239018 | 이론가 커버리지=100.0%
2026-04-23 03:16:46 [ChainSaver] DB 최근5분 rows=7440 | IV커버=99.2%  이론가커버=99.2% | stream=2400 snap=5040 | 최근저장=2026-04-22 14:16:44
2026-04-23 03:17:16 [ChainSaver] 버퍼 엔트리=124 | price_ticks=258871 greeks_ticks=427838 snap_ticks=239886 | 이론가 커버리지=100.0%
2026-04-23 03:17:16 [ChainSaver] DB 최근5분 rows=7440 | IV커버=99.2%  이론가커버=99.2% | stream=2400 snap=5040 | 최근저장=2026-04-22 14:17:14
2026-04-23 03:17:46 [ChainSaver] 버퍼 엔트리=124 | price_ticks=259822 greeks_ticks=429703 snap_ticks=241005 | 이론가 커버리지=100.0%
2026-04-23 03:17:46 [ChainSaver] DB 최근5분 rows=7440 | IV커버=99.2%  이론가커버=99.2% | stream=2400 snap=5040 | 최근저장=2026-04-22 14:17:44
2026-04-23 03:18:16 [ChainSaver] 버퍼 엔트리=124 | price_ticks=260512 greeks_ticks=431476 snap_ticks=241873 | 이론가 커버리지=100.0%
2026-04-23 03:18:16 [ChainSaver] DB 최근5분 rows=7440 | IV커버=99.2%  이론가커버=99.2% | stream=2400 snap=5040 | 최근저장=2026-04-22 14:18:14
2026-04-23 03:18:46 [ChainSaver] 버퍼 엔트리=124 | price_ticks=261245 greeks_ticks=433194 snap_ticks=242904 | 이론가 커버리지=100.0%
2026-04-23 03:18:46 [ChainSaver] DB 최근5분 rows=7440 | IV커버=99.2%  이론가커버=99.2% | stream=2400 snap=5040 | 최근저장=2026-04-22 14:18:44
2026-04-23 03:19:16 [ChainSaver] 버퍼 엔트리=124 | price_ticks=261748 greeks_ticks=434912 snap_ticks=243772 | 이론가 커버리지=100.0%
2026-04-23 03:19:16 [ChainSaver] DB 최근5분 rows=7440 | IV커버=99.2%  이론가커버=99.2% | stream=2400 snap=5040 | 최근저장=2026-04-22 14:19:14
2026-04-23 03:19:46 [ChainSaver] 버퍼 엔트리=124 | price_ticks=262371 greeks_ticks=436682 snap_ticks=244860 | 이론가 커버리지=100.0%
2026-04-23 03:19:46 [ChainSaver] DB 최근5분 rows=7440 | IV커버=99.2%  이론가커버=99.2% | stream=2400 snap=5040 | 최근저장=2026-04-22 14:19:44
2026-04-23 03:20:16 [ChainSaver] 버퍼 엔트리=124 | price_ticks=263060 greeks_ticks=438433 snap_ticks=245728 | 이론가 커버리지=100.0%
2026-04-23 03:20:16 [ChainSaver] DB 최근5분 rows=7440 | IV커버=99.2%  이론가커버=99.2% | stream=2400 snap=5040 | 최근저장=2026-04-22 14:20:14
2026-04-23 03:20:46 [ChainSaver] 버퍼 엔트리=124 | price_ticks=264135 greeks_ticks=440281 snap_ticks=246850 | 이론가 커버리지=100.0%
2026-04-23 03:20:46 [ChainSaver] DB 최근5분 rows=7440 | IV커버=99.2%  이론가커버=99.2% | stream=2400 snap=5040 | 최근저장=2026-04-22 14:20:44
2026-04-23 03:21:16 [ChainSaver] 버퍼 엔트리=124 | price_ticks=265215 greeks_ticks=442108 snap_ticks=247718 | 이론가 커버리지=100.0%
2026-04-23 03:21:16 [ChainSaver] DB 최근5분 rows=7440 | IV커버=99.2%  이론가커버=99.2% | stream=2400 snap=5040 | 최근저장=2026-04-22 14:21:14
2026-04-23 03:21:46 [ChainSaver] 버퍼 엔트리=124 | price_ticks=266098 greeks_ticks=443891 snap_ticks=248837 | 이론가 커버리지=100.0%
2026-04-23 03:21:46 [ChainSaver] DB 최근5분 rows=7440 | IV커버=99.2%  이론가커버=99.2% | stream=2400 snap=5040 | 최근저장=2026-04-22 14:21:44
2026-04-23 03:22:16 [ChainSaver] 버퍼 엔트리=124 | price_ticks=267568 greeks_ticks=445764 snap_ticks=249690 | 이론가 커버리지=100.0%
2026-04-23 03:22:16 [ChainSaver] DB 최근5분 rows=7440 | IV커버=99.2%  이론가커버=99.2% | stream=2400 snap=5040 | 최근저장=2026-04-22 14:22:14
2026-04-23 03:22:46 [ChainSaver] 버퍼 엔트리=124 | price_ticks=269226 greeks_ticks=447419 snap_ticks=250724 | 이론가 커버리지=100.0%
2026-04-23 03:22:46 [ChainSaver] DB 최근5분 rows=7440 | IV커버=99.2%  이론가커버=99.2% | stream=2400 snap=5040 | 최근저장=2026-04-22 14:22:44
2026-04-23 03:23:16 [ChainSaver] 버퍼 엔트리=124 | price_ticks=270481 greeks_ticks=449243 snap_ticks=251592 | 이론가 커버리지=100.0%
2026-04-23 03:23:16 [ChainSaver] DB 최근5분 rows=7440 | IV커버=99.2%  이론가커버=99.2% | stream=2400 snap=5040 | 최근저장=2026-04-22 14:23:14
2026-04-23 03:23:46 [ChainSaver] 버퍼 엔트리=124 | price_ticks=271623 greeks_ticks=451084 snap_ticks=252680 | 이론가 커버리지=100.0%
2026-04-23 03:23:46 [ChainSaver] DB 최근5분 rows=7440 | IV커버=99.2%  이론가커버=99.2% | stream=2400 snap=5040 | 최근저장=2026-04-22 14:23:44
2026-04-23 03:24:16 [ChainSaver] 버퍼 엔트리=124 | price_ticks=272677 greeks_ticks=452821 snap_ticks=253548 | 이론가 커버리지=100.0%
2026-04-23 03:24:16 [ChainSaver] DB 최근5분 rows=7440 | IV커버=99.2%  이론가커버=99.2% | stream=2400 snap=5040 | 최근저장=2026-04-22 14:24:14
2026-04-23 03:24:46 [ChainSaver] 버퍼 엔트리=124 | price_ticks=273849 greeks_ticks=454692 snap_ticks=254602 | 이론가 커버리지=100.0%
2026-04-23 03:24:46 [ChainSaver] DB 최근5분 rows=7440 | IV커버=99.2%  이론가커버=99.2% | stream=2400 snap=5040 | 최근저장=2026-04-22 14:24:44
2026-04-23 03:25:16 [ChainSaver] 버퍼 엔트리=124 | price_ticks=275113 greeks_ticks=456518 snap_ticks=255470 | 이론가 커버리지=100.0%
2026-04-23 03:25:16 [ChainSaver] DB 최근5분 rows=7440 | IV커버=99.2%  이론가커버=99.2% | stream=2400 snap=5040 | 최근저장=2026-04-22 14:25:14
2026-04-23 03:25:46 [ChainSaver] 버퍼 엔트리=124 | price_ticks=276095 greeks_ticks=458357 snap_ticks=256579 | 이론가 커버리지=100.0%
2026-04-23 03:25:46 [ChainSaver] DB 최근5분 rows=7440 | IV커버=99.2%  이론가커버=99.2% | stream=2400 snap=5040 | 최근저장=2026-04-22 14:25:44
2026-04-23 03:26:16 [ChainSaver] 버퍼 엔트리=124 | price_ticks=276929 greeks_ticks=460113 snap_ticks=257447 | 이론가 커버리지=100.0%
2026-04-23 03:26:16 [ChainSaver] DB 최근5분 rows=7440 | IV커버=99.2%  이론가커버=99.2% | stream=2400 snap=5040 | 최근저장=2026-04-22 14:26:14
2026-04-23 03:26:46 [ChainSaver] 버퍼 엔트리=124 | price_ticks=277598 greeks_ticks=461988 snap_ticks=258557 | 이론가 커버리지=100.0%
2026-04-23 03:26:46 [ChainSaver] DB 최근5분 rows=7440 | IV커버=99.2%  이론가커버=99.2% | stream=2400 snap=5040 | 최근저장=2026-04-22 14:26:44
2026-04-23 03:27:16 [ChainSaver] 버퍼 엔트리=124 | price_ticks=278265 greeks_ticks=463693 snap_ticks=259425 | 이론가 커버리지=100.0%
2026-04-23 03:27:16 [ChainSaver] DB 최근5분 rows=7440 | IV커버=99.2%  이론가커버=99.2% | stream=2400 snap=5040 | 최근저장=2026-04-22 14:27:14
2026-04-23 03:27:46 [ChainSaver] 버퍼 엔트리=124 | price_ticks=279019 greeks_ticks=465413 snap_ticks=260516 | 이론가 커버리지=100.0%
2026-04-23 03:27:46 [ChainSaver] DB 최근5분 rows=7440 | IV커버=99.2%  이론가커버=99.2% | stream=2400 snap=5040 | 최근저장=2026-04-22 14:27:44
2026-04-23 03:28:16 [ChainSaver] 버퍼 엔트리=124 | price_ticks=279802 greeks_ticks=467156 snap_ticks=261384 | 이론가 커버리지=100.0%
2026-04-23 03:28:16 [ChainSaver] DB 최근5분 rows=7440 | IV커버=99.2%  이론가커버=99.2% | stream=2400 snap=5040 | 최근저장=2026-04-22 14:28:14
2026-04-23 03:28:46 [ChainSaver] 버퍼 엔트리=124 | price_ticks=280430 greeks_ticks=469028 snap_ticks=262496 | 이론가 커버리지=100.0%
2026-04-23 03:28:46 [ChainSaver] DB 최근5분 rows=7440 | IV커버=99.2%  이론가커버=99.2% | stream=2400 snap=5040 | 최근저장=2026-04-22 14:28:44
2026-04-23 03:29:16 [ChainSaver] 버퍼 엔트리=124 | price_ticks=281068 greeks_ticks=470846 snap_ticks=263350 | 이론가 커버리지=100.0%
2026-04-23 03:29:16 [ChainSaver] DB 최근5분 rows=7440 | IV커버=99.2%  이론가커버=99.2% | stream=2400 snap=5040 | 최근저장=2026-04-22 14:29:14
2026-04-23 03:29:46 [ChainSaver] 버퍼 엔트리=124 | price_ticks=281480 greeks_ticks=472566 snap_ticks=264504 | 이론가 커버리지=100.0%
2026-04-23 03:29:46 [ChainSaver] DB 최근5분 rows=7440 | IV커버=99.2%  이론가커버=99.2% | stream=2400 snap=5040 | 최근저장=2026-04-22 14:29:44
2026-04-23 03:30:16 [ChainSaver] 버퍼 엔트리=124 | price_ticks=282429 greeks_ticks=474326 snap_ticks=265372 | 이론가 커버리지=100.0%
2026-04-23 03:30:16 [ChainSaver] DB 최근5분 rows=7440 | IV커버=99.2%  이론가커버=99.2% | stream=2400 snap=5040 | 최근저장=2026-04-22 14:30:14
2026-04-23 03:30:46 [ChainSaver] 버퍼 엔트리=124 | price_ticks=283488 greeks_ticks=476100 snap_ticks=266495 | 이론가 커버리지=100.0%
2026-04-23 03:30:46 [ChainSaver] DB 최근5분 rows=7440 | IV커버=99.2%  이론가커버=99.2% | stream=2400 snap=5040 | 최근저장=2026-04-22 14:30:44
2026-04-23 03:31:16 [ChainSaver] 버퍼 엔트리=124 | price_ticks=284623 greeks_ticks=477941 snap_ticks=267363 | 이론가 커버리지=100.0%
2026-04-23 03:31:16 [ChainSaver] DB 최근5분 rows=7440 | IV커버=99.2%  이론가커버=99.2% | stream=2400 snap=5040 | 최근저장=2026-04-22 14:31:14
2026-04-23 03:31:46 [ChainSaver] 버퍼 엔트리=124 | price_ticks=285320 greeks_ticks=479673 snap_ticks=268413 | 이론가 커버리지=100.0%
2026-04-23 03:31:46 [ChainSaver] DB 최근5분 rows=7440 | IV커버=99.2%  이론가커버=99.2% | stream=2400 snap=5040 | 최근저장=2026-04-22 14:31:44
2026-04-23 03:32:16 [ChainSaver] 버퍼 엔트리=124 | price_ticks=286089 greeks_ticks=481407 snap_ticks=269281 | 이론가 커버리지=100.0%
2026-04-23 03:32:16 [ChainSaver] DB 최근5분 rows=7440 | IV커버=99.2%  이론가커버=99.2% | stream=2400 snap=5040 | 최근저장=2026-04-22 14:32:14
2026-04-23 03:32:46 [ChainSaver] 버퍼 엔트리=124 | price_ticks=286738 greeks_ticks=483244 snap_ticks=270392 | 이론가 커버리지=100.0%
2026-04-23 03:32:46 [ChainSaver] DB 최근5분 rows=7440 | IV커버=99.2%  이론가커버=99.2% | stream=2400 snap=5040 | 최근저장=2026-04-22 14:32:44
2026-04-23 03:33:16 [ChainSaver] 버퍼 엔트리=124 | price_ticks=287277 greeks_ticks=485106 snap_ticks=271260 | 이론가 커버리지=100.0%
2026-04-23 03:33:16 [ChainSaver] DB 최근5분 rows=7440 | IV커버=99.2%  이론가커버=99.2% | stream=2400 snap=5040 | 최근저장=2026-04-22 14:33:14
2026-04-23 03:33:46 [ChainSaver] 버퍼 엔트리=124 | price_ticks=287832 greeks_ticks=486945 snap_ticks=272358 | 이론가 커버리지=100.0%
2026-04-23 03:33:46 [ChainSaver] DB 최근5분 rows=7440 | IV커버=99.2%  이론가커버=99.2% | stream=2400 snap=5040 | 최근저장=2026-04-22 14:33:44
2026-04-23 03:34:16 [ChainSaver] 버퍼 엔트리=124 | price_ticks=288484 greeks_ticks=488809 snap_ticks=273226 | 이론가 커버리지=100.0%
2026-04-23 03:34:16 [ChainSaver] DB 최근5분 rows=7440 | IV커버=99.2%  이론가커버=99.2% | stream=2400 snap=5040 | 최근저장=2026-04-22 14:34:14
2026-04-23 03:34:46 [ChainSaver] 버퍼 엔트리=124 | price_ticks=289096 greeks_ticks=490636 snap_ticks=274277 | 이론가 커버리지=100.0%
2026-04-23 03:34:46 [ChainSaver] DB 최근5분 rows=7440 | IV커버=99.2%  이론가커버=99.2% | stream=2400 snap=5040 | 최근저장=2026-04-22 14:34:44
2026-04-23 03:35:16 [ChainSaver] 버퍼 엔트리=124 | price_ticks=289787 greeks_ticks=492512 snap_ticks=275130 | 이론가 커버리지=100.0%
2026-04-23 03:35:16 [ChainSaver] DB 최근5분 rows=7440 | IV커버=99.2%  이론가커버=99.2% | stream=2400 snap=5040 | 최근저장=2026-04-22 14:35:14
2026-04-23 03:35:46 [ChainSaver] 버퍼 엔트리=124 | price_ticks=290287 greeks_ticks=494131 snap_ticks=276188 | 이론가 커버리지=100.0%
2026-04-23 03:35:46 [ChainSaver] DB 최근5분 rows=7440 | IV커버=99.2%  이론가커버=99.2% | stream=2400 snap=5040 | 최근저장=2026-04-22 14:35:44
2026-04-23 03:36:16 [ChainSaver] 버퍼 엔트리=124 | price_ticks=290742 greeks_ticks=495940 snap_ticks=277056 | 이론가 커버리지=100.0%
2026-04-23 03:36:16 [ChainSaver] DB 최근5분 rows=7440 | IV커버=99.2%  이론가커버=99.2% | stream=2400 snap=5040 | 최근저장=2026-04-22 14:36:14
2026-04-23 03:36:46 [ChainSaver] 버퍼 엔트리=124 | price_ticks=291198 greeks_ticks=497819 snap_ticks=278138 | 이론가 커버리지=100.0%
2026-04-23 03:36:46 [ChainSaver] DB 최근5분 rows=7440 | IV커버=99.2%  이론가커버=99.2% | stream=2400 snap=5040 | 최근저장=2026-04-22 14:36:44
2026-04-23 03:37:16 [ChainSaver] 버퍼 엔트리=124 | price_ticks=291826 greeks_ticks=499581 snap_ticks=278992 | 이론가 커버리지=100.0%
2026-04-23 03:37:16 [ChainSaver] DB 최근5분 rows=7440 | IV커버=99.2%  이론가커버=99.2% | stream=2400 snap=5040 | 최근저장=2026-04-22 14:37:14
2026-04-23 03:37:46 [ChainSaver] 버퍼 엔트리=124 | price_ticks=292202 greeks_ticks=501417 snap_ticks=280036 | 이론가 커버리지=100.0%
2026-04-23 03:37:46 [ChainSaver] DB 최근5분 rows=7440 | IV커버=99.2%  이론가커버=99.2% | stream=2400 snap=5040 | 최근저장=2026-04-22 14:37:44
2026-04-23 03:38:16 [ChainSaver] 버퍼 엔트리=124 | price_ticks=292644 greeks_ticks=503233 snap_ticks=280904 | 이론가 커버리지=100.0%
2026-04-23 03:38:16 [ChainSaver] DB 최근5분 rows=7440 | IV커버=99.2%  이론가커버=99.2% | stream=2400 snap=5040 | 최근저장=2026-04-22 14:38:14
2026-04-23 03:38:46 [ChainSaver] 버퍼 엔트리=124 | price_ticks=293102 greeks_ticks=504993 snap_ticks=282031 | 이론가 커버리지=100.0%
2026-04-23 03:38:46 [ChainSaver] DB 최근5분 rows=7440 | IV커버=99.2%  이론가커버=99.2% | stream=2400 snap=5040 | 최근저장=2026-04-22 14:38:44
2026-04-23 03:39:16 [ChainSaver] 버퍼 엔트리=124 | price_ticks=293474 greeks_ticks=506851 snap_ticks=282899 | 이론가 커버리지=100.0%
2026-04-23 03:39:16 [ChainSaver] DB 최근5분 rows=7440 | IV커버=99.2%  이론가커버=99.2% | stream=2400 snap=5040 | 최근저장=2026-04-22 14:39:14
2026-04-23 03:39:46 [ChainSaver] 버퍼 엔트리=124 | price_ticks=293842 greeks_ticks=508567 snap_ticks=283989 | 이론가 커버리지=100.0%
2026-04-23 03:39:46 [ChainSaver] DB 최근5분 rows=7440 | IV커버=99.2%  이론가커버=99.2% | stream=2400 snap=5040 | 최근저장=2026-04-22 14:39:44
2026-04-23 03:40:16 [ChainSaver] 버퍼 엔트리=124 | price_ticks=294290 greeks_ticks=510166 snap_ticks=284857 | 이론가 커버리지=100.0%
2026-04-23 03:40:16 [ChainSaver] DB 최근5분 rows=7440 | IV커버=99.2%  이론가커버=99.2% | stream=2400 snap=5040 | 최근저장=2026-04-22 14:40:14
2026-04-23 03:40:46 [ChainSaver] 버퍼 엔트리=124 | price_ticks=294679 greeks_ticks=512033 snap_ticks=285947 | 이론가 커버리지=100.0%
2026-04-23 03:40:46 [ChainSaver] DB 최근5분 rows=7440 | IV커버=99.2%  이론가커버=99.2% | stream=2400 snap=5040 | 최근저장=2026-04-22 14:40:44
2026-04-23 03:41:16 [ChainSaver] 버퍼 엔트리=124 | price_ticks=295262 greeks_ticks=513785 snap_ticks=286815 | 이론가 커버리지=100.0%
2026-04-23 03:41:16 [ChainSaver] DB 최근5분 rows=7440 | IV커버=99.2%  이론가커버=99.2% | stream=2400 snap=5040 | 최근저장=2026-04-22 14:41:14
2026-04-23 03:41:46 [ChainSaver] 버퍼 엔트리=124 | price_ticks=295781 greeks_ticks=515395 snap_ticks=287931 | 이론가 커버리지=100.0%
2026-04-23 03:41:46 [ChainSaver] DB 최근5분 rows=7440 | IV커버=99.2%  이론가커버=99.2% | stream=2400 snap=5040 | 최근저장=2026-04-22 14:41:44
2026-04-23 03:42:16 [ChainSaver] 버퍼 엔트리=124 | price_ticks=296193 greeks_ticks=517221 snap_ticks=288799 | 이론가 커버리지=100.0%
2026-04-23 03:42:16 [ChainSaver] DB 최근5분 rows=7440 | IV커버=99.2%  이론가커버=99.2% | stream=2400 snap=5040 | 최근저장=2026-04-22 14:42:14
2026-04-23 03:42:46 [ChainSaver] 버퍼 엔트리=124 | price_ticks=296445 greeks_ticks=518928 snap_ticks=289914 | 이론가 커버리지=100.0%
2026-04-23 03:42:46 [ChainSaver] DB 최근5분 rows=7440 | IV커버=99.2%  이론가커버=99.2% | stream=2400 snap=5040 | 최근저장=2026-04-22 14:42:44
2026-04-23 03:43:16 [ChainSaver] 버퍼 엔트리=124 | price_ticks=296816 greeks_ticks=520580 snap_ticks=290782 | 이론가 커버리지=100.0%
2026-04-23 03:43:16 [ChainSaver] DB 최근5분 rows=7440 | IV커버=99.2%  이론가커버=99.2% | stream=2400 snap=5040 | 최근저장=2026-04-22 14:43:14
2026-04-23 03:43:46 [ChainSaver] 버퍼 엔트리=124 | price_ticks=297140 greeks_ticks=522447 snap_ticks=291837 | 이론가 커버리지=100.0%
2026-04-23 03:43:46 [ChainSaver] DB 최근5분 rows=7440 | IV커버=99.2%  이론가커버=99.2% | stream=2400 snap=5040 | 최근저장=2026-04-22 14:43:44
2026-04-23 03:44:16 [ChainSaver] 버퍼 엔트리=124 | price_ticks=297572 greeks_ticks=524153 snap_ticks=292705 | 이론가 커버리지=100.0%
2026-04-23 03:44:16 [ChainSaver] DB 최근5분 rows=7440 | IV커버=99.2%  이론가커버=99.2% | stream=2400 snap=5040 | 최근저장=2026-04-22 14:44:14
2026-04-23 03:44:46 [ChainSaver] 버퍼 엔트리=124 | price_ticks=297966 greeks_ticks=525987 snap_ticks=293802 | 이론가 커버리지=100.0%
2026-04-23 03:44:46 [ChainSaver] DB 최근5분 rows=7440 | IV커버=99.2%  이론가커버=99.2% | stream=2400 snap=5040 | 최근저장=2026-04-22 14:44:44
2026-04-23 03:45:16 [ChainSaver] 버퍼 엔트리=124 | price_ticks=298461 greeks_ticks=527749 snap_ticks=294670 | 이론가 커버리지=100.0%
2026-04-23 03:45:16 [ChainSaver] DB 최근5분 rows=7440 | IV커버=99.2%  이론가커버=99.2% | stream=2400 snap=5040 | 최근저장=2026-04-22 14:45:14
2026-04-23 03:45:46 [ChainSaver] 버퍼 엔트리=124 | price_ticks=299121 greeks_ticks=529635 snap_ticks=295758 | 이론가 커버리지=100.0%
2026-04-23 03:45:46 [ChainSaver] DB 최근5분 rows=7440 | IV커버=99.2%  이론가커버=99.2% | stream=2400 snap=5040 | 최근저장=2026-04-22 14:45:44
2026-04-23 03:46:16 [ChainSaver] 버퍼 엔트리=124 | price_ticks=299474 greeks_ticks=531226 snap_ticks=296626 | 이론가 커버리지=100.0%
2026-04-23 03:46:16 [ChainSaver] DB 최근5분 rows=7440 | IV커버=99.2%  이론가커버=99.2% | stream=2400 snap=5040 | 최근저장=2026-04-22 14:46:14
2026-04-23 03:46:46 [ChainSaver] 버퍼 엔트리=124 | price_ticks=299924 greeks_ticks=533064 snap_ticks=297728 | 이론가 커버리지=100.0%
2026-04-23 03:46:46 [ChainSaver] DB 최근5분 rows=7440 | IV커버=99.2%  이론가커버=99.2% | stream=2400 snap=5040 | 최근저장=2026-04-22 14:46:44
2026-04-23 03:47:16 [ChainSaver] 버퍼 엔트리=124 | price_ticks=300350 greeks_ticks=534692 snap_ticks=298596 | 이론가 커버리지=100.0%
2026-04-23 03:47:16 [ChainSaver] DB 최근5분 rows=7440 | IV커버=99.2%  이론가커버=99.2% | stream=2400 snap=5040 | 최근저장=2026-04-22 14:47:14
2026-04-23 03:47:46 [ChainSaver] 버퍼 엔트리=124 | price_ticks=300728 greeks_ticks=536563 snap_ticks=299724 | 이론가 커버리지=100.0%
2026-04-23 03:47:46 [ChainSaver] DB 최근5분 rows=7440 | IV커버=99.2%  이론가커버=99.2% | stream=2400 snap=5040 | 최근저장=2026-04-22 14:47:44
2026-04-23 03:48:16 [ChainSaver] 버퍼 엔트리=124 | price_ticks=301229 greeks_ticks=538268 snap_ticks=300564 | 이론가 커버리지=100.0%
2026-04-23 03:48:16 [ChainSaver] DB 최근5분 rows=7440 | IV커버=99.2%  이론가커버=99.2% | stream=2400 snap=5040 | 최근저장=2026-04-22 14:48:14
2026-04-23 03:48:46 [ChainSaver] 버퍼 엔트리=124 | price_ticks=301626 greeks_ticks=540105 snap_ticks=301704 | 이론가 커버리지=100.0%
2026-04-23 03:48:46 [ChainSaver] DB 최근5분 rows=7440 | IV커버=99.2%  이론가커버=99.2% | stream=2400 snap=5040 | 최근저장=2026-04-22 14:48:44
2026-04-23 03:49:16 [ChainSaver] 버퍼 엔트리=124 | price_ticks=302112 greeks_ticks=541853 snap_ticks=302558 | 이론가 커버리지=100.0%
2026-04-23 03:49:16 [ChainSaver] DB 최근5분 rows=7440 | IV커버=99.2%  이론가커버=99.2% | stream=2400 snap=5040 | 최근저장=2026-04-22 14:49:14
2026-04-23 03:49:46 [ChainSaver] 버퍼 엔트리=124 | price_ticks=302374 greeks_ticks=543726 snap_ticks=303596 | 이론가 커버리지=100.0%
2026-04-23 03:49:46 [ChainSaver] DB 최근5분 rows=7440 | IV커버=99.2%  이론가커버=99.2% | stream=2400 snap=5040 | 최근저장=2026-04-22 14:49:44
2026-04-23 03:50:16 [ChainSaver] 버퍼 엔트리=124 | price_ticks=302728 greeks_ticks=545429 snap_ticks=304436 | 이론가 커버리지=100.0%
2026-04-23 03:50:16 [ChainSaver] DB 최근5분 rows=7440 | IV커버=99.2%  이론가커버=99.2% | stream=2400 snap=5040 | 최근저장=2026-04-22 14:50:14
2026-04-23 03:50:46 [ChainSaver] 버퍼 엔트리=124 | price_ticks=303256 greeks_ticks=547252 snap_ticks=305492 | 이론가 커버리지=100.0%
2026-04-23 03:50:46 [ChainSaver] DB 최근5분 rows=7440 | IV커버=99.2%  이론가커버=99.2% | stream=2400 snap=5040 | 최근저장=2026-04-22 14:50:44
2026-04-23 03:51:16 [ChainSaver] 버퍼 엔트리=124 | price_ticks=303680 greeks_ticks=549020 snap_ticks=306220 | 이론가 커버리지=100.0%
2026-04-23 03:51:16 [ChainSaver] DB 최근5분 rows=7440 | IV커버=99.2%  이론가커버=99.2% | stream=2400 snap=5040 | 최근저장=2026-04-22 14:51:14
2026-04-23 03:51:46 [ChainSaver] 버퍼 엔트리=124 | price_ticks=303962 greeks_ticks=550835 snap_ticks=307271 | 이론가 커버리지=100.0%
2026-04-23 03:51:46 [ChainSaver] DB 최근5분 rows=7440 | IV커버=99.2%  이론가커버=99.2% | stream=2400 snap=5040 | 최근저장=2026-04-22 14:51:44
2026-04-23 03:52:16 [ChainSaver] 버퍼 엔트리=124 | price_ticks=304297 greeks_ticks=552471 snap_ticks=308111 | 이론가 커버리지=100.0%
2026-04-23 03:52:16 [ChainSaver] DB 최근5분 rows=7440 | IV커버=99.2%  이론가커버=99.2% | stream=2400 snap=5040 | 최근저장=2026-04-22 14:52:14
2026-04-23 03:52:46 [ChainSaver] 버퍼 엔트리=124 | price_ticks=304492 greeks_ticks=554166 snap_ticks=309194 | 이론가 커버리지=100.0%
2026-04-23 03:52:46 [ChainSaver] DB 최근5분 rows=7440 | IV커버=99.2%  이론가커버=99.2% | stream=2400 snap=5040 | 최근저장=2026-04-22 14:52:44
2026-04-23 03:53:16 [ChainSaver] 버퍼 엔트리=124 | price_ticks=304764 greeks_ticks=555677 snap_ticks=310034 | 이론가 커버리지=100.0%
2026-04-23 03:53:16 [ChainSaver] DB 최근5분 rows=7440 | IV커버=99.2%  이론가커버=99.2% | stream=2400 snap=5040 | 최근저장=2026-04-22 14:53:14
2026-04-23 03:53:46 [ChainSaver] 버퍼 엔트리=124 | price_ticks=305054 greeks_ticks=557533 snap_ticks=311091 | 이론가 커버리지=100.0%
2026-04-23 03:53:46 [ChainSaver] DB 최근5분 rows=7440 | IV커버=99.2%  이론가커버=99.2% | stream=2400 snap=5040 | 최근저장=2026-04-22 14:53:45
2026-04-23 03:54:16 [ChainSaver] 버퍼 엔트리=124 | price_ticks=305594 greeks_ticks=559302 snap_ticks=311917 | 이론가 커버리지=100.0%
2026-04-23 03:54:16 [ChainSaver] DB 최근5분 rows=7440 | IV커버=99.2%  이론가커버=99.2% | stream=2400 snap=5040 | 최근저장=2026-04-22 14:54:14
2026-04-23 03:54:46 [ChainSaver] 버퍼 엔트리=124 | price_ticks=306033 greeks_ticks=561113 snap_ticks=312986 | 이론가 커버리지=100.0%
2026-04-23 03:54:46 [ChainSaver] DB 최근5분 rows=7440 | IV커버=99.2%  이론가커버=99.2% | stream=2400 snap=5040 | 최근저장=2026-04-22 14:54:44
2026-04-23 03:55:16 [ChainSaver] 버퍼 엔트리=124 | price_ticks=306620 greeks_ticks=562838 snap_ticks=313826 | 이론가 커버리지=100.0%
2026-04-23 03:55:16 [ChainSaver] DB 최근5분 rows=7440 | IV커버=99.2%  이론가커버=99.2% | stream=2400 snap=5040 | 최근저장=2026-04-22 14:55:14
2026-04-23 03:55:46 [ChainSaver] 버퍼 엔트리=124 | price_ticks=307143 greeks_ticks=564699 snap_ticks=314895 | 이론가 커버리지=100.0%
2026-04-23 03:55:46 [ChainSaver] DB 최근5분 rows=7440 | IV커버=99.2%  이론가커버=99.2% | stream=2400 snap=5040 | 최근저장=2026-04-22 14:55:44
2026-04-23 03:56:16 [ChainSaver] 버퍼 엔트리=124 | price_ticks=308242 greeks_ticks=566591 snap_ticks=315707 | 이론가 커버리지=100.0%
2026-04-23 03:56:16 [ChainSaver] DB 최근5분 rows=7440 | IV커버=99.2%  이론가커버=99.2% | stream=2400 snap=5040 | 최근저장=2026-04-22 14:56:14
2026-04-23 03:56:46 [ChainSaver] 버퍼 엔트리=124 | price_ticks=308833 greeks_ticks=568299 snap_ticks=316701 | 이론가 커버리지=100.0%
2026-04-23 03:56:46 [ChainSaver] DB 최근5분 rows=7440 | IV커버=99.2%  이론가커버=99.2% | stream=2400 snap=5040 | 최근저장=2026-04-22 14:56:44
2026-04-23 03:57:16 [ChainSaver] 버퍼 엔트리=124 | price_ticks=309735 greeks_ticks=570038 snap_ticks=317513 | 이론가 커버리지=100.0%
2026-04-23 03:57:16 [ChainSaver] DB 최근5분 rows=7440 | IV커버=99.2%  이론가커버=99.2% | stream=2400 snap=5040 | 최근저장=2026-04-22 14:57:14
2026-04-23 03:57:46 [ChainSaver] 버퍼 엔트리=124 | price_ticks=310397 greeks_ticks=571896 snap_ticks=318543 | 이론가 커버리지=100.0%
2026-04-23 03:57:46 [ChainSaver] DB 최근5분 rows=7440 | IV커버=99.2%  이론가커버=99.2% | stream=2400 snap=5040 | 최근저장=2026-04-22 14:57:44
2026-04-23 03:58:16 [ChainSaver] 버퍼 엔트리=124 | price_ticks=311138 greeks_ticks=573669 snap_ticks=319355 | 이론가 커버리지=100.0%
2026-04-23 03:58:16 [ChainSaver] DB 최근5분 rows=7440 | IV커버=99.2%  이론가커버=99.2% | stream=2400 snap=5040 | 최근저장=2026-04-22 14:58:14
2026-04-23 03:58:46 [ChainSaver] 버퍼 엔트리=124 | price_ticks=311681 greeks_ticks=575377 snap_ticks=320375 | 이론가 커버리지=100.0%
2026-04-23 03:58:46 [ChainSaver] DB 최근5분 rows=7440 | IV커버=99.2%  이론가커버=99.2% | stream=2400 snap=5040 | 최근저장=2026-04-22 14:58:44
2026-04-23 03:59:16 [ChainSaver] 버퍼 엔트리=124 | price_ticks=312219 greeks_ticks=577217 snap_ticks=321186 | 이론가 커버리지=100.0%
2026-04-23 03:59:16 [ChainSaver] DB 최근5분 rows=7440 | IV커버=99.2%  이론가커버=99.2% | stream=2400 snap=5040 | 최근저장=2026-04-22 14:59:14
2026-04-23 03:59:46 [ChainSaver] 버퍼 엔트리=124 | price_ticks=312781 greeks_ticks=579075 snap_ticks=322167 | 이론가 커버리지=100.0%
2026-04-23 03:59:46 [ChainSaver] DB 최근5분 rows=7440 | IV커버=99.2%  이론가커버=99.2% | stream=2400 snap=5040 | 최근저장=2026-04-22 14:59:44
2026-04-23 04:00:16 [ChainSaver] 버퍼 엔트리=124 | price_ticks=314657 greeks_ticks=580848 snap_ticks=322959 | 이론가 커버리지=100.0%
2026-04-23 04:00:16 [ChainSaver] DB 최근5분 rows=7440 | IV커버=99.2%  이론가커버=99.2% | stream=2400 snap=5040 | 최근저장=2026-04-22 15:00:14
2026-04-23 04:00:46 [ChainSaver] 버퍼 엔트리=124 | price_ticks=316673 greeks_ticks=582598 snap_ticks=323973 | 이론가 커버리지=100.0%
2026-04-23 04:00:46 [ChainSaver] DB 최근5분 rows=7440 | IV커버=99.2%  이론가커버=99.2% | stream=2400 snap=5040 | 최근저장=2026-04-22 15:00:44
2026-04-23 04:01:16 [ChainSaver] 버퍼 엔트리=124 | price_ticks=319328 greeks_ticks=584588 snap_ticks=324750 | 이론가 커버리지=100.0%
2026-04-23 04:01:16 [ChainSaver] DB 최근5분 rows=7440 | IV커버=99.2%  이론가커버=99.2% | stream=2400 snap=5040 | 최근저장=2026-04-22 15:01:14
2026-04-23 04:01:46 [ChainSaver] 버퍼 엔트리=124 | price_ticks=321125 greeks_ticks=586436 snap_ticks=325701 | 이론가 커버리지=100.0%
2026-04-23 04:01:46 [ChainSaver] DB 최근5분 rows=7440 | IV커버=99.2%  이론가커버=99.2% | stream=2400 snap=5040 | 최근저장=2026-04-22 15:01:44
2026-04-23 04:02:16 [ChainSaver] 버퍼 엔트리=124 | price_ticks=322592 greeks_ticks=588333 snap_ticks=326471 | 이론가 커버리지=100.0%
2026-04-23 04:02:16 [ChainSaver] DB 최근5분 rows=7440 | IV커버=99.2%  이론가커버=99.2% | stream=2400 snap=5040 | 최근저장=2026-04-22 15:02:14
2026-04-23 04:02:46 [ChainSaver] 버퍼 엔트리=124 | price_ticks=323894 greeks_ticks=590222 snap_ticks=327385 | 이론가 커버리지=100.0%
2026-04-23 04:02:46 [ChainSaver] DB 최근5분 rows=7440 | IV커버=99.2%  이론가커버=99.2% | stream=2400 snap=5040 | 최근저장=2026-04-22 15:02:44
2026-04-23 04:03:16 [ChainSaver] 버퍼 엔트리=124 | price_ticks=325186 greeks_ticks=592077 snap_ticks=328169 | 이론가 커버리지=100.0%
2026-04-23 04:03:16 [ChainSaver] DB 최근5분 rows=7440 | IV커버=99.2%  이론가커버=99.2% | stream=2400 snap=5040 | 최근저장=2026-04-22 15:03:14
2026-04-23 04:03:46 [ChainSaver] 버퍼 엔트리=124 | price_ticks=326277 greeks_ticks=593712 snap_ticks=329076 | 이론가 커버리지=100.0%
2026-04-23 04:03:46 [ChainSaver] DB 최근5분 rows=7440 | IV커버=99.2%  이론가커버=99.2% | stream=2400 snap=5040 | 최근저장=2026-04-22 15:03:44
2026-04-23 04:04:16 [ChainSaver] 버퍼 엔트리=124 | price_ticks=327182 greeks_ticks=595590 snap_ticks=329846 | 이론가 커버리지=100.0%
2026-04-23 04:04:16 [ChainSaver] DB 최근5분 rows=7440 | IV커버=99.2%  이론가커버=99.2% | stream=2400 snap=5040 | 최근저장=2026-04-22 15:04:14
2026-04-23 04:04:46 [ChainSaver] 버퍼 엔트리=124 | price_ticks=328134 greeks_ticks=597452 snap_ticks=330813 | 이론가 커버리지=100.0%
2026-04-23 04:04:46 [ChainSaver] DB 최근5분 rows=7440 | IV커버=99.2%  이론가커버=99.2% | stream=2400 snap=5040 | 최근저장=2026-04-22 15:04:44
2026-04-23 04:05:16 [ChainSaver] 버퍼 엔트리=124 | price_ticks=329240 greeks_ticks=599196 snap_ticks=331583 | 이론가 커버리지=100.0%
2026-04-23 04:05:16 [ChainSaver] DB 최근5분 rows=7440 | IV커버=99.2%  이론가커버=99.2% | stream=2400 snap=5040 | 최근저장=2026-04-22 15:05:14
2026-04-23 04:05:46 [ChainSaver] 버퍼 엔트리=124 | price_ticks=330280 greeks_ticks=601043 snap_ticks=332568 | 이론가 커버리지=100.0%
2026-04-23 04:05:46 [ChainSaver] DB 최근5분 rows=7440 | IV커버=99.2%  이론가커버=99.2% | stream=2400 snap=5040 | 최근저장=2026-04-22 15:05:44
2026-04-23 04:06:16 [ChainSaver] 버퍼 엔트리=124 | price_ticks=331377 greeks_ticks=602879 snap_ticks=333338 | 이론가 커버리지=100.0%
2026-04-23 04:06:16 [ChainSaver] DB 최근5분 rows=7440 | IV커버=99.2%  이론가커버=99.2% | stream=2400 snap=5040 | 최근저장=2026-04-22 15:06:14
2026-04-23 04:06:46 [ChainSaver] 버퍼 엔트리=124 | price_ticks=332276 greeks_ticks=604782 snap_ticks=334311 | 이론가 커버리지=100.0%
2026-04-23 04:06:46 [ChainSaver] DB 최근5분 rows=7440 | IV커버=99.2%  이론가커버=99.2% | stream=2400 snap=5040 | 최근저장=2026-04-22 15:06:44
2026-04-23 04:07:16 [ChainSaver] 버퍼 엔트리=124 | price_ticks=333080 greeks_ticks=606615 snap_ticks=334989 | 이론가 커버리지=100.0%
2026-04-23 04:07:16 [ChainSaver] DB 최근5분 rows=7440 | IV커버=99.2%  이론가커버=99.2% | stream=2400 snap=5040 | 최근저장=2026-04-22 15:07:14
2026-04-23 04:07:46 [ChainSaver] 버퍼 엔트리=124 | price_ticks=333872 greeks_ticks=608446 snap_ticks=335882 | 이론가 커버리지=100.0%
2026-04-23 04:07:46 [ChainSaver] DB 최근5분 rows=7440 | IV커버=99.2%  이론가커버=99.2% | stream=2400 snap=5040 | 최근저장=2026-04-22 15:07:44
2026-04-23 04:08:16 [ChainSaver] 버퍼 엔트리=124 | price_ticks=334692 greeks_ticks=610290 snap_ticks=336498 | 이론가 커버리지=100.0%
2026-04-23 04:08:16 [ChainSaver] DB 최근5분 rows=7440 | IV커버=99.2%  이론가커버=99.2% | stream=2400 snap=5040 | 최근저장=2026-04-22 15:08:14
2026-04-23 04:08:46 [ChainSaver] 버퍼 엔트리=124 | price_ticks=335471 greeks_ticks=612154 snap_ticks=337222 | 이론가 커버리지=100.0%
2026-04-23 04:08:46 [ChainSaver] DB 최근5분 rows=7440 | IV커버=99.2%  이론가커버=99.2% | stream=2400 snap=5040 | 최근저장=2026-04-22 15:08:44
2026-04-23 04:09:16 [ChainSaver] 버퍼 엔트리=124 | price_ticks=336121 greeks_ticks=614032 snap_ticks=337796 | 이론가 커버리지=100.0%
2026-04-23 04:09:16 [ChainSaver] DB 최근5분 rows=7440 | IV커버=99.2%  이론가커버=99.2% | stream=2400 snap=5040 | 최근저장=2026-04-22 15:09:15
2026-04-23 04:09:46 [ChainSaver] 버퍼 엔트리=124 | price_ticks=336717 greeks_ticks=615853 snap_ticks=338593 | 이론가 커버리지=100.0%
2026-04-23 04:09:46 [ChainSaver] DB 최근5분 rows=7440 | IV커버=99.2%  이론가커버=99.2% | stream=2400 snap=5040 | 최근저장=2026-04-22 15:09:44
2026-04-23 04:10:16 [ChainSaver] 버퍼 엔트리=124 | price_ticks=337385 greeks_ticks=617677 snap_ticks=339141 | 이론가 커버리지=100.0%
2026-04-23 04:10:16 [ChainSaver] DB 최근5분 rows=7440 | IV커버=99.2%  이론가커버=99.2% | stream=2400 snap=5040 | 최근저장=2026-04-22 15:10:14
2026-04-23 04:10:46 [ChainSaver] 버퍼 엔트리=124 | price_ticks=338010 greeks_ticks=619565 snap_ticks=339976 | 이론가 커버리지=100.0%
2026-04-23 04:10:46 [ChainSaver] DB 최근5분 rows=7440 | IV커버=99.2%  이론가커버=99.2% | stream=2400 snap=5040 | 최근저장=2026-04-22 15:10:44
2026-04-23 04:11:16 [ChainSaver] 버퍼 엔트리=124 | price_ticks=338698 greeks_ticks=621426 snap_ticks=340545 | 이론가 커버리지=100.0%
2026-04-23 04:11:16 [ChainSaver] DB 최근5분 rows=7440 | IV커버=99.2%  이론가커버=99.2% | stream=2400 snap=5040 | 최근저장=2026-04-22 15:11:14
2026-04-23 04:11:46 [ChainSaver] 버퍼 엔트리=124 | price_ticks=339229 greeks_ticks=623164 snap_ticks=341326 | 이론가 커버리지=100.0%
2026-04-23 04:11:46 [ChainSaver] DB 최근5분 rows=7440 | IV커버=99.2%  이론가커버=99.2% | stream=2400 snap=5040 | 최근저장=2026-04-22 15:11:44
2026-04-23 04:12:16 [ChainSaver] 버퍼 엔트리=124 | price_ticks=339672 greeks_ticks=624982 snap_ticks=341872 | 이론가 커버리지=100.0%
2026-04-23 04:12:16 [ChainSaver] DB 최근5분 rows=7440 | IV커버=99.2%  이론가커버=99.2% | stream=2400 snap=5040 | 최근저장=2026-04-22 15:12:14
2026-04-23 04:12:46 [ChainSaver] 버퍼 엔트리=124 | price_ticks=340113 greeks_ticks=626827 snap_ticks=342680 | 이론가 커버리지=100.0%
2026-04-23 04:12:46 [ChainSaver] DB 최근5분 rows=7440 | IV커버=99.2%  이론가커버=99.2% | stream=2400 snap=5040 | 최근저장=2026-04-22 15:12:44
2026-04-23 04:13:16 [ChainSaver] 버퍼 엔트리=124 | price_ticks=340638 greeks_ticks=628577 snap_ticks=343198 | 이론가 커버리지=100.0%
2026-04-23 04:13:16 [ChainSaver] DB 최근5분 rows=7440 | IV커버=99.2%  이론가커버=99.2% | stream=2400 snap=5040 | 최근저장=2026-04-22 15:13:14
2026-04-23 04:13:46 [ChainSaver] 버퍼 엔트리=124 | price_ticks=341020 greeks_ticks=630460 snap_ticks=343917 | 이론가 커버리지=100.0%
2026-04-23 04:13:46 [ChainSaver] DB 최근5분 rows=7440 | IV커버=99.2%  이론가커버=99.2% | stream=2400 snap=5040 | 최근저장=2026-04-22 15:13:44
2026-04-23 04:14:16 [ChainSaver] 버퍼 엔트리=124 | price_ticks=341767 greeks_ticks=632304 snap_ticks=344435 | 이론가 커버리지=100.0%
2026-04-23 04:14:16 [ChainSaver] DB 최근5분 rows=7440 | IV커버=99.2%  이론가커버=99.2% | stream=2400 snap=5040 | 최근저장=2026-04-22 15:14:14
2026-04-23 04:14:46 [ChainSaver] 버퍼 엔트리=124 | price_ticks=342368 greeks_ticks=634025 snap_ticks=345111 | 이론가 커버리지=100.0%
2026-04-23 04:14:46 [ChainSaver] DB 최근5분 rows=7440 | IV커버=99.2%  이론가커버=99.2% | stream=2400 snap=5040 | 최근저장=2026-04-22 15:14:44
2026-04-23 04:15:16 [ChainSaver] 버퍼 엔트리=124 | price_ticks=343084 greeks_ticks=635890 snap_ticks=345629 | 이론가 커버리지=100.0%
2026-04-23 04:15:16 [ChainSaver] DB 최근5분 rows=7440 | IV커버=99.2%  이론가커버=99.2% | stream=2400 snap=5040 | 최근저장=2026-04-22 15:15:14
2026-04-23 04:15:46 [ChainSaver] 버퍼 엔트리=124 | price_ticks=343601 greeks_ticks=637644 snap_ticks=346404 | 이론가 커버리지=100.0%
2026-04-23 04:15:46 [ChainSaver] DB 최근5분 rows=7440 | IV커버=99.2%  이론가커버=99.2% | stream=2400 snap=5040 | 최근저장=2026-04-22 15:15:44
2026-04-23 04:16:16 [ChainSaver] 버퍼 엔트리=124 | price_ticks=344155 greeks_ticks=639357 snap_ticks=346922 | 이론가 커버리지=100.0%
2026-04-23 04:16:16 [ChainSaver] DB 최근5분 rows=7440 | IV커버=99.2%  이론가커버=99.2% | stream=2400 snap=5040 | 최근저장=2026-04-22 15:16:14
2026-04-23 04:16:46 [ChainSaver] 버퍼 엔트리=124 | price_ticks=344569 greeks_ticks=641187 snap_ticks=347611 | 이론가 커버리지=100.0%
2026-04-23 04:16:46 [ChainSaver] DB 최근5분 rows=7440 | IV커버=99.2%  이론가커버=99.2% | stream=2400 snap=5040 | 최근저장=2026-04-22 15:16:44
2026-04-23 04:17:16 [ChainSaver] 버퍼 엔트리=124 | price_ticks=345550 greeks_ticks=642937 snap_ticks=348099 | 이론가 커버리지=100.0%
2026-04-23 04:17:16 [ChainSaver] DB 최근5분 rows=7440 | IV커버=99.2%  이론가커버=99.2% | stream=2400 snap=5040 | 최근저장=2026-04-22 15:17:14
2026-04-23 04:17:46 [ChainSaver] 버퍼 엔트리=124 | price_ticks=346222 greeks_ticks=644813 snap_ticks=348750 | 이론가 커버리지=100.0%
2026-04-23 04:17:46 [ChainSaver] DB 최근5분 rows=7440 | IV커버=99.2%  이론가커버=99.2% | stream=2400 snap=5040 | 최근저장=2026-04-22 15:17:44
2026-04-23 04:18:16 [ChainSaver] 버퍼 엔트리=124 | price_ticks=346757 greeks_ticks=646635 snap_ticks=349184 | 이론가 커버리지=100.0%
2026-04-23 04:18:16 [ChainSaver] DB 최근5분 rows=7440 | IV커버=99.2%  이론가커버=99.2% | stream=2400 snap=5040 | 최근저장=2026-04-22 15:18:14
2026-04-23 04:18:46 [ChainSaver] 버퍼 엔트리=124 | price_ticks=347578 greeks_ticks=648485 snap_ticks=349842 | 이론가 커버리지=100.0%
2026-04-23 04:18:46 [ChainSaver] DB 최근5분 rows=7440 | IV커버=99.2%  이론가커버=99.2% | stream=2400 snap=5040 | 최근저장=2026-04-22 15:18:44
2026-04-23 04:19:16 [ChainSaver] 버퍼 엔트리=124 | price_ticks=348316 greeks_ticks=650223 snap_ticks=350276 | 이론가 커버리지=100.0%
2026-04-23 04:19:16 [ChainSaver] DB 최근5분 rows=7440 | IV커버=99.2%  이론가커버=99.2% | stream=2400 snap=5040 | 최근저장=2026-04-22 15:19:15
2026-04-23 04:19:47 [ChainSaver] 버퍼 엔트리=124 | price_ticks=349332 greeks_ticks=651968 snap_ticks=350910 | 이론가 커버리지=100.0%
2026-04-23 04:19:47 [ChainSaver] DB 최근5분 rows=7440 | IV커버=99.2%  이론가커버=99.2% | stream=2400 snap=5040 | 최근저장=2026-04-22 15:19:47
2026-04-23 04:20:18 [ChainSaver] 버퍼 엔트리=124 | price_ticks=350470 greeks_ticks=653596 snap_ticks=351359 | 이론가 커버리지=100.0%
2026-04-23 04:20:18 [ChainSaver] DB 최근5분 rows=7192 | IV커버=99.2%  이론가커버=99.2% | stream=2320 snap=4872 | 최근저장=2026-04-22 15:20:06
2026-04-23 04:20:53 [ChainSaver] 버퍼 엔트리=124 | price_ticks=351200 greeks_ticks=654929 snap_ticks=351685 | 이론가 커버리지=100.0%
2026-04-23 04:20:53 [ChainSaver] DB 최근5분 rows=6820 | IV커버=99.2%  이론가커버=99.2% | stream=2197 snap=4623 | 최근저장=2026-04-22 15:20:53
2026-04-23 04:21:17 [ChainSaver] 버퍼 엔트리=124 | price_ticks=351886 greeks_ticks=656289 snap_ticks=351997 | 이론가 커버리지=100.0%
2026-04-23 04:21:17 [ChainSaver] DB 최근5분 rows=6696 | IV커버=99.2%  이론가커버=99.2% | stream=2155 snap=4541 | 최근저장=2026-04-22 15:21:17
2026-04-23 04:21:46 [ChainSaver] 버퍼 엔트리=124 | price_ticks=352860 greeks_ticks=658283 snap_ticks=352313 | 이론가 커버리지=100.0%
2026-04-23 04:21:46 [ChainSaver] DB 최근5분 rows=6200 | IV커버=99.2%  이론가커버=99.2% | stream=1995 snap=4205 | 최근저장=2026-04-22 15:21:35
2026-04-23 04:22:17 [ChainSaver] 버퍼 엔트리=124 | price_ticks=353775 greeks_ticks=660415 snap_ticks=352750 | 이론가 커버리지=100.0%
2026-04-23 04:22:17 [ChainSaver] DB 최근5분 rows=5952 | IV커버=99.2%  이론가커버=99.2% | stream=1911 snap=4041 | 최근저장=2026-04-22 15:22:11
2026-04-23 04:22:46 [ChainSaver] 버퍼 엔트리=124 | price_ticks=354711 greeks_ticks=663016 snap_ticks=353363 | 이론가 커버리지=100.0%
2026-04-23 04:22:46 [ChainSaver] DB 최근5분 rows=5952 | IV커버=99.2%  이론가커버=99.2% | stream=1907 snap=4045 | 최근저장=2026-04-22 15:22:42
2026-04-23 04:23:16 [ChainSaver] 버퍼 엔트리=124 | price_ticks=355430 greeks_ticks=664837 snap_ticks=353783 | 이론가 커버리지=100.0%
2026-04-23 04:23:16 [ChainSaver] DB 최근5분 rows=5952 | IV커버=99.2%  이론가커버=99.2% | stream=1907 snap=4045 | 최근저장=2026-04-22 15:23:11
2026-04-23 04:23:46 [ChainSaver] 버퍼 엔트리=124 | price_ticks=356049 greeks_ticks=666711 snap_ticks=354437 | 이론가 커버리지=100.0%
2026-04-23 04:23:46 [ChainSaver] DB 최근5분 rows=5952 | IV커버=99.2%  이론가커버=99.2% | stream=1907 snap=4045 | 최근저장=2026-04-22 15:23:41
2026-04-23 04:24:16 [ChainSaver] 버퍼 엔트리=124 | price_ticks=356672 greeks_ticks=668569 snap_ticks=354857 | 이론가 커버리지=100.0%
2026-04-23 04:24:16 [ChainSaver] DB 최근5분 rows=5952 | IV커버=99.2%  이론가커버=99.2% | stream=1907 snap=4045 | 최근저장=2026-04-22 15:24:10
2026-04-23 04:24:46 [ChainSaver] 버퍼 엔트리=124 | price_ticks=357190 greeks_ticks=670400 snap_ticks=355520 | 이론가 커버리지=100.0%
2026-04-23 04:24:46 [ChainSaver] DB 최근5분 rows=6076 | IV커버=99.2%  이론가커버=99.2% | stream=1947 snap=4129 | 최근저장=2026-04-22 15:24:40
2026-04-23 04:25:16 [ChainSaver] 버퍼 엔트리=124 | price_ticks=357703 greeks_ticks=672098 snap_ticks=355940 | 이론가 커버리지=100.0%
2026-04-23 04:25:16 [ChainSaver] DB 최근5분 rows=6200 | IV커버=99.2%  이론가커버=99.2% | stream=1987 snap=4213 | 최근저장=2026-04-22 15:25:10
2026-04-23 04:25:46 [ChainSaver] 버퍼 엔트리=124 | price_ticks=358427 greeks_ticks=673991 snap_ticks=356605 | 이론가 커버리지=100.0%
2026-04-23 04:25:46 [ChainSaver] DB 최근5분 rows=6324 | IV커버=99.2%  이론가커버=99.2% | stream=2029 snap=4295 | 최근저장=2026-04-22 15:25:41
2026-04-23 04:26:16 [ChainSaver] 버퍼 엔트리=124 | price_ticks=359166 greeks_ticks=675752 snap_ticks=357053 | 이론가 커버리지=100.0%
2026-04-23 04:26:16 [ChainSaver] DB 최근5분 rows=6820 | IV커버=99.2%  이론가커버=99.2% | stream=2185 snap=4635 | 최근저장=2026-04-22 15:26:11
2026-04-23 04:26:46 [ChainSaver] 버퍼 엔트리=124 | price_ticks=359999 greeks_ticks=677473 snap_ticks=357677 | 이론가 커버리지=100.0%
2026-04-23 04:26:46 [ChainSaver] DB 최근5분 rows=7192 | IV커버=99.3%  이론가커버=99.3% | stream=2302 snap=4890 | 최근저장=2026-04-22 15:26:41
2026-04-23 04:27:16 [ChainSaver] 버퍼 엔트리=124 | price_ticks=360569 greeks_ticks=679422 snap_ticks=358125 | 이론가 커버리지=100.0%
2026-04-23 04:27:16 [ChainSaver] DB 최근5분 rows=7440 | IV커버=99.3%  이론가커버=99.3% | stream=2380 snap=5060 | 최근저장=2026-04-22 15:27:10
2026-04-23 04:27:46 [ChainSaver] 버퍼 엔트리=124 | price_ticks=361221 greeks_ticks=681192 snap_ticks=358750 | 이론가 커버리지=100.0%
2026-04-23 04:27:46 [ChainSaver] DB 최근5분 rows=7316 | IV커버=99.4%  이론가커버=99.4% | stream=2340 snap=4976 | 최근저장=2026-04-22 15:27:40
2026-04-23 04:28:16 [ChainSaver] 버퍼 엔트리=124 | price_ticks=361721 greeks_ticks=682892 snap_ticks=359198 | 이론가 커버리지=100.0%
2026-04-23 04:28:16 [ChainSaver] DB 최근5분 rows=7440 | IV커버=99.5%  이론가커버=99.5% | stream=2374 snap=5066 | 최근저장=2026-04-22 15:28:11
2026-04-23 04:28:46 [ChainSaver] 버퍼 엔트리=124 | price_ticks=362236 greeks_ticks=684529 snap_ticks=359868 | 이론가 커버리지=100.0%
2026-04-23 04:28:46 [ChainSaver] DB 최근5분 rows=7440 | IV커버=99.6%  이론가커버=99.6% | stream=2369 snap=5071 | 최근저장=2026-04-22 15:28:40
2026-04-23 04:29:16 [ChainSaver] 버퍼 엔트리=124 | price_ticks=362745 greeks_ticks=686380 snap_ticks=360316 | 이론가 커버리지=100.0%
2026-04-23 04:29:16 [ChainSaver] DB 최근5분 rows=7440 | IV커버=99.7%  이론가커버=99.7% | stream=2364 snap=5076 | 최근저장=2026-04-22 15:29:10
2026-04-23 04:29:46 [ChainSaver] 버퍼 엔트리=124 | price_ticks=363256 greeks_ticks=688211 snap_ticks=360995 | 이론가 커버리지=100.0%
2026-04-23 04:29:46 [ChainSaver] DB 최근5분 rows=7316 | IV커버=99.8%  이론가커버=99.8% | stream=2318 snap=4998 | 최근저장=2026-04-22 15:29:41
2026-04-23 04:30:16 [ChainSaver] 버퍼 엔트리=124 | price_ticks=363969 greeks_ticks=689834 snap_ticks=361443 | 이론가 커버리지=100.0%
2026-04-23 04:30:16 [ChainSaver] DB 최근5분 rows=7316 | IV커버=99.8%  이론가커버=99.8% | stream=2312 snap=5004 | 최근저장=2026-04-22 15:30:11
2026-04-23 04:30:46 [ChainSaver] 버퍼 엔트리=124 | price_ticks=364807 greeks_ticks=691842 snap_ticks=362072 | 이론가 커버리지=100.0%
2026-04-23 04:30:46 [ChainSaver] DB 최근5분 rows=7316 | IV커버=99.9%  이론가커버=99.9% | stream=2309 snap=5007 | 최근저장=2026-04-22 15:30:41
2026-04-23 04:31:16 [ChainSaver] 버퍼 엔트리=124 | price_ticks=365511 greeks_ticks=693678 snap_ticks=362520 | 이론가 커버리지=100.0%
2026-04-23 04:31:16 [ChainSaver] DB 최근5분 rows=7316 | IV커버=100.0% 이론가커버=100.0% | stream=2309 snap=5007 | 최근저장=2026-04-22 15:31:12
2026-04-23 04:31:46 [ChainSaver] 버퍼 엔트리=124 | price_ticks=366114 greeks_ticks=695517 snap_ticks=363182 | 이론가 커버리지=100.0%
2026-04-23 04:31:46 [ChainSaver] DB 최근5분 rows=7440 | IV커버=100.0% 이론가커버=100.0% | stream=2345 snap=5095 | 최근저장=2026-04-22 15:31:41
2026-04-23 04:32:16 [ChainSaver] 버퍼 엔트리=124 | price_ticks=366730 greeks_ticks=697379 snap_ticks=363630 | 이론가 커버리지=100.0%
2026-04-23 04:32:16 [ChainSaver] DB 최근5분 rows=7316 | IV커버=100.0% 이론가커버=100.0% | stream=2306 snap=5010 | 최근저장=2026-04-22 15:32:10
2026-04-23 04:32:46 [ChainSaver] 버퍼 엔트리=124 | price_ticks=367341 greeks_ticks=699229 snap_ticks=364269 | 이론가 커버리지=100.0%
2026-04-23 04:32:46 [ChainSaver] DB 최근5분 rows=7316 | IV커버=100.0% 이론가커버=100.0% | stream=2304 snap=5012 | 최근저장=2026-04-22 15:32:40
2026-04-23 04:33:16 [ChainSaver] 버퍼 엔트리=124 | price_ticks=368023 greeks_ticks=700978 snap_ticks=364709 | 이론가 커버리지=100.0%
2026-04-23 04:33:16 [ChainSaver] DB 최근5분 rows=7316 | IV커버=100.0% 이론가커버=100.0% | stream=2303 snap=5013 | 최근저장=2026-04-22 15:33:11
2026-04-23 04:33:46 [ChainSaver] 버퍼 엔트리=124 | price_ticks=368972 greeks_ticks=702952 snap_ticks=365314 | 이론가 커버리지=100.0%
2026-04-23 04:33:46 [ChainSaver] DB 최근5분 rows=7440 | IV커버=100.0% 이론가커버=100.0% | stream=2342 snap=5098 | 최근저장=2026-04-22 15:33:40
2026-04-23 04:34:16 [ChainSaver] 버퍼 엔트리=124 | price_ticks=369528 greeks_ticks=704838 snap_ticks=365742 | 이론가 커버리지=100.0%
2026-04-23 04:34:16 [ChainSaver] DB 최근5분 rows=7316 | IV커버=100.0% 이론가커버=100.0% | stream=2302 snap=5014 | 최근저장=2026-04-22 15:34:10
2026-04-23 04:34:46 [ChainSaver] 버퍼 엔트리=124 | price_ticks=370094 greeks_ticks=706550 snap_ticks=366361 | 이론가 커버리지=100.0%
2026-04-23 04:34:46 [ChainSaver] DB 최근5분 rows=7316 | IV커버=100.0% 이론가커버=100.0% | stream=2302 snap=5014 | 최근저장=2026-04-22 15:34:40
2026-04-23 04:35:16 [ChainSaver] 버퍼 엔트리=124 | price_ticks=370829 greeks_ticks=708219 snap_ticks=366779 | 이론가 커버리지=100.0%
2026-04-23 04:35:16 [ChainSaver] DB 최근5분 rows=7440 | IV커버=100.0% 이론가커버=100.0% | stream=2341 snap=5099 | 최근저장=2026-04-22 15:35:11
2026-04-23 04:35:46 [ChainSaver] 버퍼 엔트리=124 | price_ticks=371582 greeks_ticks=710173 snap_ticks=367413 | 이론가 커버리지=100.0%
2026-04-23 04:35:46 [ChainSaver] DB 최근5분 rows=7316 | IV커버=100.0% 이론가커버=100.0% | stream=2302 snap=5014 | 최근저장=2026-04-22 15:35:40
2026-04-23 04:36:16 [ChainSaver] 버퍼 엔트리=124 | price_ticks=372065 greeks_ticks=711784 snap_ticks=367833 | 이론가 커버리지=100.0%
2026-04-23 04:36:16 [ChainSaver] DB 최근5분 rows=7440 | IV커버=100.0% 이론가커버=100.0% | stream=2340 snap=5100 | 최근저장=2026-04-22 15:36:10
2026-04-23 04:36:46 [ChainSaver] 버퍼 엔트리=124 | price_ticks=372665 greeks_ticks=713652 snap_ticks=368485 | 이론가 커버리지=100.0%
2026-04-23 04:36:46 [ChainSaver] DB 최근5분 rows=7316 | IV커버=100.0% 이론가커버=100.0% | stream=2301 snap=5015 | 최근저장=2026-04-22 15:36:40
2026-04-23 04:37:16 [ChainSaver] 버퍼 엔트리=124 | price_ticks=373144 greeks_ticks=715523 snap_ticks=368905 | 이론가 커버리지=100.0%
2026-04-23 04:37:16 [ChainSaver] DB 최근5분 rows=7316 | IV커버=100.0% 이론가커버=100.0% | stream=2301 snap=5015 | 최근저장=2026-04-22 15:37:10
2026-04-23 04:37:48 [ChainSaver] 버퍼 엔트리=124 | price_ticks=373720 greeks_ticks=717021 snap_ticks=369573 | 이론가 커버리지=100.0%
2026-04-23 04:37:49 [ChainSaver] DB 최근5분 rows=7316 | IV커버=100.0% 이론가커버=100.0% | stream=2301 snap=5015 | 최근저장=2026-04-22 15:37:44
2026-04-23 04:38:24 [ChainSaver] 버퍼 엔트리=124 | price_ticks=374365 greeks_ticks=718750 snap_ticks=370134 | 이론가 커버리지=100.0%
2026-04-23 04:38:25 [ChainSaver] DB 최근5분 rows=6944 | IV커버=100.0% 이론가커버=100.0% | stream=2186 snap=4758 | 최근저장=2026-04-22 15:38:15
2026-04-23 04:38:49 [ChainSaver] 버퍼 엔트리=124 | price_ticks=374801 greeks_ticks=720096 snap_ticks=370464 | 이론가 커버리지=100.0%
2026-04-23 04:38:50 [ChainSaver] DB 최근5분 rows=6820 | IV커버=100.0% 이론가커버=100.0% | stream=2149 snap=4671 | 최근저장=2026-04-22 15:38:37
2026-04-23 04:39:29 [ChainSaver] 버퍼 엔트리=124 | price_ticks=375422 greeks_ticks=721745 snap_ticks=370878 | 이론가 커버리지=100.0%
2026-04-23 04:39:29 [ChainSaver] DB 최근5분 rows=6324 | IV커버=100.0% 이론가커버=100.0% | stream=1995 snap=4329 | 최근저장=2026-04-22 15:39:04
2026-04-23 04:39:46 [ChainSaver] 버퍼 엔트리=124 | price_ticks=375865 greeks_ticks=723137 snap_ticks=371260 | 이론가 커버리지=100.0%
2026-04-23 04:39:48 [ChainSaver] DB 최근5분 rows=6076 | IV커버=100.0% 이론가커버=100.0% | stream=1918 snap=4158 | 최근저장=2026-04-22 15:39:46
2026-04-23 04:40:16 [ChainSaver] 버퍼 엔트리=124 | price_ticks=376587 greeks_ticks=725949 snap_ticks=371744 | 이론가 커버리지=100.0%
2026-04-23 04:40:16 [ChainSaver] DB 최근5분 rows=6448 | IV커버=100.0% 이론가커버=100.0% | stream=2039 snap=4409 | 최근저장=2026-04-22 15:40:14
2026-04-23 04:40:47 [ChainSaver] 버퍼 엔트리=124 | price_ticks=377149 greeks_ticks=727673 snap_ticks=372426 | 이론가 커버리지=100.0%
2026-04-23 04:40:47 [ChainSaver] DB 최근5분 rows=6324 | IV커버=100.0% 이론가커버=100.0% | stream=2000 snap=4324 | 최근저장=2026-04-22 15:40:44
2026-04-23 04:41:16 [ChainSaver] 버퍼 엔트리=124 | price_ticks=377651 greeks_ticks=729429 snap_ticks=372874 | 이론가 커버리지=100.0%
2026-04-23 04:41:16 [ChainSaver] DB 최근5분 rows=6448 | IV커버=100.0% 이론가커버=100.0% | stream=2039 snap=4409 | 최근저장=2026-04-22 15:41:14
2026-04-23 04:41:46 [ChainSaver] 버퍼 엔트리=124 | price_ticks=378141 greeks_ticks=731287 snap_ticks=373558 | 이론가 커버리지=100.0%
2026-04-23 04:41:46 [ChainSaver] DB 최근5분 rows=6324 | IV커버=100.0% 이론가커버=100.0% | stream=2001 snap=4323 | 최근저장=2026-04-22 15:41:44
2026-04-23 04:42:16 [ChainSaver] 버퍼 엔트리=124 | price_ticks=378619 greeks_ticks=732893 snap_ticks=374006 | 이론가 커버리지=100.0%
2026-04-23 04:42:16 [ChainSaver] DB 최근5분 rows=6324 | IV커버=100.0% 이론가커버=100.0% | stream=2001 snap=4323 | 최근저장=2026-04-22 15:42:14
2026-04-23 04:42:46 [ChainSaver] 버퍼 엔트리=124 | price_ticks=379058 greeks_ticks=734838 snap_ticks=374715 | 이론가 커버리지=100.0%
2026-04-23 04:42:46 [ChainSaver] DB 최근5분 rows=6448 | IV커버=100.0% 이론가커버=100.0% | stream=2041 snap=4407 | 최근저장=2026-04-22 15:42:44
2026-04-23 04:43:16 [ChainSaver] 버퍼 엔트리=124 | price_ticks=379565 greeks_ticks=736706 snap_ticks=375163 | 이론가 커버리지=100.0%
2026-04-23 04:43:16 [ChainSaver] DB 최근5분 rows=6572 | IV커버=100.0% 이론가커버=100.0% | stream=2079 snap=4493 | 최근저장=2026-04-22 15:43:15
2026-04-23 04:43:46 [ChainSaver] 버퍼 엔트리=124 | price_ticks=380039 greeks_ticks=738573 snap_ticks=375821 | 이론가 커버리지=100.0%
2026-04-23 04:43:46 [ChainSaver] DB 최근5분 rows=6820 | IV커버=100.0% 이론가커버=100.0% | stream=2156 snap=4664 | 최근저장=2026-04-22 15:43:44
2026-04-23 04:44:16 [ChainSaver] 버퍼 엔트리=124 | price_ticks=380430 greeks_ticks=740305 snap_ticks=376268 | 이론가 커버리지=100.0%
2026-04-23 04:44:16 [ChainSaver] DB 최근5분 rows=7068 | IV커버=100.0% 이론가커버=100.0% | stream=2233 snap=4835 | 최근저장=2026-04-22 15:44:15
2026-04-23 04:44:46 [ChainSaver] 버퍼 엔트리=124 | price_ticks=380728 greeks_ticks=742001 snap_ticks=376874 | 이론가 커버리지=100.0%
2026-04-23 04:44:46 [ChainSaver] DB 최근5분 rows=7564 | IV커버=100.0% 이론가커버=100.0% | stream=2389 snap=5175 | 최근저장=2026-04-22 15:44:44
2026-04-23 04:45:16 [ChainSaver] 버퍼 엔트리=124 | price_ticks=381313 greeks_ticks=743827 snap_ticks=377322 | 이론가 커버리지=100.0%
2026-04-23 04:45:16 [ChainSaver] DB 최근5분 rows=7440 | IV커버=100.0% 이론가커버=100.0% | stream=2348 snap=5092 | 최근저장=2026-04-22 15:45:14
2026-04-23 04:45:46 [ChainSaver] 버퍼 엔트리=124 | price_ticks=381789 greeks_ticks=745692 snap_ticks=377998 | 이론가 커버리지=100.0%
2026-04-23 04:45:46 [ChainSaver] DB 최근5분 rows=7440 | IV커버=100.0% 이론가커버=100.0% | stream=2349 snap=5091 | 최근저장=2026-04-22 15:45:44
2026-04-23 04:46:16 [ChainSaver] 버퍼 엔트리=124 | price_ticks=382389 greeks_ticks=747565 snap_ticks=378446 | 이론가 커버리지=100.0%
2026-04-23 04:46:16 [ChainSaver] DB 최근5분 rows=7440 | IV커버=100.0% 이론가커버=100.0% | stream=2350 snap=5090 | 최근저장=2026-04-22 15:46:14
2026-04-23 04:46:46 [ChainSaver] 버퍼 엔트리=124 | price_ticks=382862 greeks_ticks=749269 snap_ticks=379116 | 이론가 커버리지=100.0%
2026-04-23 04:46:46 [ChainSaver] DB 최근5분 rows=7440 | IV커버=100.0% 이론가커버=100.0% | stream=2350 snap=5090 | 최근저장=2026-04-22 15:46:45
2026-04-23 04:47:16 [ChainSaver] 버퍼 엔트리=124 | price_ticks=383319 greeks_ticks=751121 snap_ticks=379564 | 이론가 커버리지=100.0%
2026-04-23 04:47:16 [ChainSaver] DB 최근5분 rows=7440 | IV커버=100.0% 이론가커버=100.0% | stream=2350 snap=5090 | 최근저장=2026-04-22 15:47:15
2026-04-23 04:47:47 [ChainSaver] 버퍼 엔트리=124 | price_ticks=383983 greeks_ticks=752395 snap_ticks=379996 | 이론가 커버리지=100.0%
2026-04-23 04:47:47 [ChainSaver] DB 최근5분 rows=7192 | IV커버=100.0% 이론가커버=100.0% | stream=2274 snap=4918 | 최근저장=2026-04-22 15:47:37
2026-04-23 04:48:37 [ChainSaver] 버퍼 엔트리=124 | price_ticks=384653 greeks_ticks=753642 snap_ticks=380354 | 이론가 커버리지=100.0%
2026-04-23 04:48:37 [ChainSaver] DB 최근5분 rows=6448 | IV커버=100.0% 이론가커버=100.0% | stream=2040 snap=4408 | 최근저장=2026-04-22 15:48:15
2026-04-23 04:49:10 [ChainSaver] 버퍼 엔트리=124 | price_ticks=384984 greeks_ticks=754651 snap_ticks=381007 | 이론가 커버리지=100.0%
2026-04-23 04:49:10 [ChainSaver] DB 최근5분 rows=5828 | IV커버=100.0% 이론가커버=100.0% | stream=1844 snap=3984 | 최근저장=2026-04-22 15:49:10
2026-04-23 04:49:38 [ChainSaver] 버퍼 엔트리=124 | price_ticks=385435 greeks_ticks=756236 snap_ticks=381072 | 이론가 커버리지=100.0%
2026-04-23 04:49:38 [ChainSaver] DB 최근5분 rows=5208 | IV커버=100.0% 이론가커버=100.0% | stream=1649 snap=3559 | 최근저장=2026-04-22 15:49:10
2026-04-23 04:50:04 [ChainSaver] 버퍼 엔트리=124 | price_ticks=385857 greeks_ticks=758068 snap_ticks=381276 | 이론가 커버리지=100.0%
2026-04-23 04:50:05 [ChainSaver] DB 최근5분 rows=4836 | IV커버=100.0% 이론가커버=100.0% | stream=1533 snap=3303 | 최근저장=2026-04-22 15:50:04
2026-04-23 04:50:50 [ChainSaver] 버퍼 엔트리=124 | price_ticks=386273 greeks_ticks=759455 snap_ticks=381486 | 이론가 커버리지=100.0%
2026-04-23 04:50:50 [ChainSaver] DB 최근5분 rows=3596 | IV커버=100.0% 이론가커버=100.0% | stream=1141 snap=2455 | 최근저장=2026-04-22 15:50:04
2026-04-23 04:52:19 [ChainSaver] 버퍼 엔트리=124 | price_ticks=387482 greeks_ticks=761321 snap_ticks=381696 | 이론가 커버리지=100.0%
2026-04-23 04:52:20 [ChainSaver] DB 최근5분 rows=1736 | IV커버=100.0% 이론가커버=100.0% | stream=555 snap=1181 | 최근저장=2026-04-22 15:52:19
2026-04-23 05:13:30 [ChainSaver] 버퍼 엔트리=124 | price_ticks=389195 greeks_ticks=764072 snap_ticks=382200 | 이론가 커버리지=100.0%
2026-04-23 05:13:30 [ChainSaver] DB 최근5분 rows=0 | IV커버=N/A    이론가커버=N/A | stream=0 snap=0 | 최근저장=2026-04-22 15:52:19
2026-04-23 05:56:08 [ChainSaver] 버퍼 엔트리=124 | price_ticks=392363 greeks_ticks=769802 snap_ticks=382409 | 이론가 커버리지=100.0%
2026-04-23 05:56:08 [ChainSaver] DB 최근5분 rows=0 | IV커버=N/A    이론가커버=N/A | stream=0 snap=0 | 최근저장=2026-04-22 15:52:19
2026-04-23 11:35:49 [ChainSaver] 버퍼 엔트리=0 | price_ticks=0 greeks_ticks=0 snap_ticks=0 | 이론가 커버리지=N/A
2026-04-23 11:35:49 [ChainSaver] DB 최근5분 rows=0 | IV커버=N/A    이론가커버=N/A | stream=0 snap=0 | 최근저장=2026-04-22 15:52:19
2026-04-23 11:36:19 [ChainSaver] 버퍼 엔트리=0 | price_ticks=0 greeks_ticks=0 snap_ticks=0 | 이론가 커버리지=N/A
2026-04-23 11:36:19 [ChainSaver] DB 최근5분 rows=0 | IV커버=N/A    이론가커버=N/A | stream=0 snap=0 | 최근저장=2026-04-22 15:52:19
2026-04-23 11:36:49 [ChainSaver] 버퍼 엔트리=0 | price_ticks=0 greeks_ticks=0 snap_ticks=0 | 이론가 커버리지=N/A
2026-04-23 11:36:49 [ChainSaver] DB 최근5분 rows=0 | IV커버=N/A    이론가커버=N/A | stream=0 snap=0 | 최근저장=2026-04-22 15:52:19
2026-04-23 11:37:19 [ChainSaver] 버퍼 엔트리=0 | price_ticks=0 greeks_ticks=0 snap_ticks=0 | 이론가 커버리지=N/A
2026-04-23 11:37:19 [ChainSaver] DB 최근5분 rows=0 | IV커버=N/A    이론가커버=N/A | stream=0 snap=0 | 최근저장=2026-04-22 15:52:19
2026-04-23 11:37:49 [ChainSaver] 버퍼 엔트리=0 | price_ticks=0 greeks_ticks=0 snap_ticks=0 | 이론가 커버리지=N/A
2026-04-23 11:37:49 [ChainSaver] DB 최근5분 rows=0 | IV커버=N/A    이론가커버=N/A | stream=0 snap=0 | 최근저장=2026-04-22 15:52:19
2026-04-23 11:38:19 [ChainSaver] 버퍼 엔트리=0 | price_ticks=0 greeks_ticks=0 snap_ticks=0 | 이론가 커버리지=N/A
2026-04-23 11:38:19 [ChainSaver] DB 최근5분 rows=0 | IV커버=N/A    이론가커버=N/A | stream=0 snap=0 | 최근저장=2026-04-22 15:52:19
2026-04-23 11:38:49 [ChainSaver] 버퍼 엔트리=0 | price_ticks=0 greeks_ticks=0 snap_ticks=0 | 이론가 커버리지=N/A
2026-04-23 11:38:49 [ChainSaver] DB 최근5분 rows=0 | IV커버=N/A    이론가커버=N/A | stream=0 snap=0 | 최근저장=2026-04-22 15:52:19
2026-04-23 12:10:08 [ChainSaver] 버퍼 엔트리=0 | price_ticks=0 greeks_ticks=0 snap_ticks=0 | 이론가 커버리지=N/A
2026-04-23 12:10:08 [ChainSaver] DB 최근5분 rows=0 | IV커버=N/A    이론가커버=N/A | stream=0 snap=0 | 최근저장=2026-04-22 15:52:19
2026-04-23 12:10:38 [ChainSaver] 버퍼 엔트리=0 | price_ticks=0 greeks_ticks=0 snap_ticks=0 | 이론가 커버리지=N/A
2026-04-23 12:10:38 [ChainSaver] DB 최근5분 rows=0 | IV커버=N/A    이론가커버=N/A | stream=0 snap=0 | 최근저장=2026-04-22 15:52:19
2026-04-23 12:11:08 [ChainSaver] 버퍼 엔트리=0 | price_ticks=0 greeks_ticks=0 snap_ticks=0 | 이론가 커버리지=N/A
2026-04-23 12:11:08 [ChainSaver] DB 최근5분 rows=0 | IV커버=N/A    이론가커버=N/A | stream=0 snap=0 | 최근저장=2026-04-22 15:52:19
2026-04-23 12:11:38 [ChainSaver] 버퍼 엔트리=0 | price_ticks=0 greeks_ticks=0 snap_ticks=0 | 이론가 커버리지=N/A
2026-04-23 12:11:38 [ChainSaver] DB 최근5분 rows=0 | IV커버=N/A    이론가커버=N/A | stream=0 snap=0 | 최근저장=2026-04-22 15:52:19
2026-04-23 12:12:08 [ChainSaver] 버퍼 엔트리=0 | price_ticks=0 greeks_ticks=0 snap_ticks=0 | 이론가 커버리지=N/A
2026-04-23 12:12:08 [ChainSaver] DB 최근5분 rows=0 | IV커버=N/A    이론가커버=N/A | stream=0 snap=0 | 최근저장=2026-04-22 15:52:19
2026-04-23 12:12:38 [ChainSaver] 버퍼 엔트리=0 | price_ticks=0 greeks_ticks=0 snap_ticks=0 | 이론가 커버리지=N/A
2026-04-23 12:12:38 [ChainSaver] DB 최근5분 rows=0 | IV커버=N/A    이론가커버=N/A | stream=0 snap=0 | 최근저장=2026-04-22 15:52:19
2026-04-23 12:13:08 [ChainSaver] 버퍼 엔트리=0 | price_ticks=0 greeks_ticks=0 snap_ticks=0 | 이론가 커버리지=N/A
2026-04-23 12:13:08 [ChainSaver] DB 최근5분 rows=0 | IV커버=N/A    이론가커버=N/A | stream=0 snap=0 | 최근저장=2026-04-22 15:52:19
2026-04-23 12:13:38 [ChainSaver] 버퍼 엔트리=0 | price_ticks=0 greeks_ticks=0 snap_ticks=0 | 이론가 커버리지=N/A
2026-04-23 12:13:38 [ChainSaver] DB 최근5분 rows=0 | IV커버=N/A    이론가커버=N/A | stream=0 snap=0 | 최근저장=2026-04-22 15:52:19
2026-04-23 12:14:08 [ChainSaver] 버퍼 엔트리=0 | price_ticks=0 greeks_ticks=0 snap_ticks=0 | 이론가 커버리지=N/A
2026-04-23 12:14:08 [ChainSaver] DB 최근5분 rows=0 | IV커버=N/A    이론가커버=N/A | stream=0 snap=0 | 최근저장=2026-04-22 15:52:19
2026-04-23 12:14:38 [ChainSaver] 버퍼 엔트리=0 | price_ticks=0 greeks_ticks=0 snap_ticks=0 | 이론가 커버리지=N/A
2026-04-23 12:14:38 [ChainSaver] DB 최근5분 rows=0 | IV커버=N/A    이론가커버=N/A | stream=0 snap=0 | 최근저장=2026-04-22 15:52:19
2026-04-23 12:15:08 [ChainSaver] 버퍼 엔트리=0 | price_ticks=0 greeks_ticks=0 snap_ticks=0 | 이론가 커버리지=N/A
2026-04-23 12:15:08 [ChainSaver] DB 최근5분 rows=0 | IV커버=N/A    이론가커버=N/A | stream=0 snap=0 | 최근저장=2026-04-22 15:52:19
2026-04-23 12:15:38 [ChainSaver] 버퍼 엔트리=0 | price_ticks=0 greeks_ticks=0 snap_ticks=0 | 이론가 커버리지=N/A
2026-04-23 12:15:38 [ChainSaver] DB 최근5분 rows=0 | IV커버=N/A    이론가커버=N/A | stream=0 snap=0 | 최근저장=2026-04-22 15:52:19
2026-04-23 12:16:08 [ChainSaver] 버퍼 엔트리=0 | price_ticks=0 greeks_ticks=0 snap_ticks=0 | 이론가 커버리지=N/A
2026-04-23 12:16:08 [ChainSaver] DB 최근5분 rows=0 | IV커버=N/A    이론가커버=N/A | stream=0 snap=0 | 최근저장=2026-04-22 15:52:19
2026-04-23 12:16:38 [ChainSaver] 버퍼 엔트리=0 | price_ticks=0 greeks_ticks=0 snap_ticks=0 | 이론가 커버리지=N/A
2026-04-23 12:16:38 [ChainSaver] DB 최근5분 rows=0 | IV커버=N/A    이론가커버=N/A | stream=0 snap=0 | 최근저장=2026-04-22 15:52:19
2026-04-23 12:17:08 [ChainSaver] 버퍼 엔트리=0 | price_ticks=0 greeks_ticks=0 snap_ticks=0 | 이론가 커버리지=N/A
2026-04-23 12:17:08 [ChainSaver] DB 최근5분 rows=0 | IV커버=N/A    이론가커버=N/A | stream=0 snap=0 | 최근저장=2026-04-22 15:52:19
2026-04-23 12:17:38 [ChainSaver] 버퍼 엔트리=0 | price_ticks=0 greeks_ticks=0 snap_ticks=0 | 이론가 커버리지=N/A
2026-04-23 12:17:38 [ChainSaver] DB 최근5분 rows=0 | IV커버=N/A    이론가커버=N/A | stream=0 snap=0 | 최근저장=2026-04-22 15:52:19
2026-04-23 12:18:08 [ChainSaver] 버퍼 엔트리=0 | price_ticks=0 greeks_ticks=0 snap_ticks=0 | 이론가 커버리지=N/A
2026-04-23 12:18:08 [ChainSaver] DB 최근5분 rows=0 | IV커버=N/A    이론가커버=N/A | stream=0 snap=0 | 최근저장=2026-04-22 15:52:19
2026-04-23 12:18:38 [ChainSaver] 버퍼 엔트리=0 | price_ticks=0 greeks_ticks=0 snap_ticks=0 | 이론가 커버리지=N/A
2026-04-23 12:18:38 [ChainSaver] DB 최근5분 rows=0 | IV커버=N/A    이론가커버=N/A | stream=0 snap=0 | 최근저장=2026-04-22 15:52:19
2026-04-23 12:19:08 [ChainSaver] 버퍼 엔트리=0 | price_ticks=0 greeks_ticks=0 snap_ticks=0 | 이론가 커버리지=N/A
2026-04-23 12:19:08 [ChainSaver] DB 최근5분 rows=0 | IV커버=N/A    이론가커버=N/A | stream=0 snap=0 | 최근저장=2026-04-22 15:52:19
2026-04-23 12:19:38 [ChainSaver] 버퍼 엔트리=0 | price_ticks=0 greeks_ticks=0 snap_ticks=0 | 이론가 커버리지=N/A
2026-04-23 12:19:38 [ChainSaver] DB 최근5분 rows=0 | IV커버=N/A    이론가커버=N/A | stream=0 snap=0 | 최근저장=2026-04-22 15:52:19
2026-04-23 12:20:08 [ChainSaver] 버퍼 엔트리=0 | price_ticks=0 greeks_ticks=0 snap_ticks=0 | 이론가 커버리지=N/A
2026-04-23 12:20:08 [ChainSaver] DB 최근5분 rows=0 | IV커버=N/A    이론가커버=N/A | stream=0 snap=0 | 최근저장=2026-04-22 15:52:19
2026-04-23 12:20:38 [ChainSaver] 버퍼 엔트리=0 | price_ticks=0 greeks_ticks=0 snap_ticks=0 | 이론가 커버리지=N/A
2026-04-23 12:20:38 [ChainSaver] DB 최근5분 rows=0 | IV커버=N/A    이론가커버=N/A | stream=0 snap=0 | 최근저장=2026-04-22 15:52:19
2026-04-23 12:21:08 [ChainSaver] 버퍼 엔트리=0 | price_ticks=0 greeks_ticks=0 snap_ticks=0 | 이론가 커버리지=N/A
2026-04-23 12:21:08 [ChainSaver] DB 최근5분 rows=0 | IV커버=N/A    이론가커버=N/A | stream=0 snap=0 | 최근저장=2026-04-22 15:52:19
2026-04-23 12:21:38 [ChainSaver] 버퍼 엔트리=0 | price_ticks=0 greeks_ticks=0 snap_ticks=0 | 이론가 커버리지=N/A
2026-04-23 12:21:38 [ChainSaver] DB 최근5분 rows=0 | IV커버=N/A    이론가커버=N/A | stream=0 snap=0 | 최근저장=2026-04-22 15:52:19
2026-04-23 12:22:08 [ChainSaver] 버퍼 엔트리=0 | price_ticks=0 greeks_ticks=0 snap_ticks=0 | 이론가 커버리지=N/A
2026-04-23 12:22:08 [ChainSaver] DB 최근5분 rows=0 | IV커버=N/A    이론가커버=N/A | stream=0 snap=0 | 최근저장=2026-04-22 15:52:19
2026-04-23 12:22:38 [ChainSaver] 버퍼 엔트리=0 | price_ticks=0 greeks_ticks=0 snap_ticks=0 | 이론가 커버리지=N/A
2026-04-23 12:22:38 [ChainSaver] DB 최근5분 rows=0 | IV커버=N/A    이론가커버=N/A | stream=0 snap=0 | 최근저장=2026-04-22 15:52:19
2026-04-23 12:23:08 [ChainSaver] 버퍼 엔트리=0 | price_ticks=0 greeks_ticks=0 snap_ticks=0 | 이론가 커버리지=N/A
2026-04-23 12:23:08 [ChainSaver] DB 최근5분 rows=0 | IV커버=N/A    이론가커버=N/A | stream=0 snap=0 | 최근저장=2026-04-22 15:52:19
2026-04-23 12:23:38 [ChainSaver] 버퍼 엔트리=0 | price_ticks=0 greeks_ticks=0 snap_ticks=0 | 이론가 커버리지=N/A
2026-04-23 12:23:38 [ChainSaver] DB 최근5분 rows=0 | IV커버=N/A    이론가커버=N/A | stream=0 snap=0 | 최근저장=2026-04-22 15:52:19
2026-04-23 12:24:08 [ChainSaver] 버퍼 엔트리=0 | price_ticks=0 greeks_ticks=0 snap_ticks=0 | 이론가 커버리지=N/A
2026-04-23 12:24:08 [ChainSaver] DB 최근5분 rows=0 | IV커버=N/A    이론가커버=N/A | stream=0 snap=0 | 최근저장=2026-04-22 15:52:19
2026-04-23 12:24:38 [ChainSaver] 버퍼 엔트리=0 | price_ticks=0 greeks_ticks=0 snap_ticks=0 | 이론가 커버리지=N/A
2026-04-23 12:24:38 [ChainSaver] DB 최근5분 rows=0 | IV커버=N/A    이론가커버=N/A | stream=0 snap=0 | 최근저장=2026-04-22 15:52:19
2026-04-23 12:25:08 [ChainSaver] 버퍼 엔트리=0 | price_ticks=0 greeks_ticks=0 snap_ticks=0 | 이론가 커버리지=N/A
2026-04-23 12:25:08 [ChainSaver] DB 최근5분 rows=0 | IV커버=N/A    이론가커버=N/A | stream=0 snap=0 | 최근저장=2026-04-22 15:52:19
2026-04-23 12:25:38 [ChainSaver] 버퍼 엔트리=0 | price_ticks=0 greeks_ticks=0 snap_ticks=0 | 이론가 커버리지=N/A
2026-04-23 12:25:38 [ChainSaver] DB 최근5분 rows=0 | IV커버=N/A    이론가커버=N/A | stream=0 snap=0 | 최근저장=2026-04-22 15:52:19
2026-04-23 12:26:08 [ChainSaver] 버퍼 엔트리=0 | price_ticks=0 greeks_ticks=0 snap_ticks=0 | 이론가 커버리지=N/A
2026-04-23 12:26:08 [ChainSaver] DB 최근5분 rows=0 | IV커버=N/A    이론가커버=N/A | stream=0 snap=0 | 최근저장=2026-04-22 15:52:19
2026-04-23 12:26:38 [ChainSaver] 버퍼 엔트리=0 | price_ticks=0 greeks_ticks=0 snap_ticks=0 | 이론가 커버리지=N/A
2026-04-23 12:26:38 [ChainSaver] DB 최근5분 rows=0 | IV커버=N/A    이론가커버=N/A | stream=0 snap=0 | 최근저장=2026-04-22 15:52:19
2026-04-23 12:27:08 [ChainSaver] 버퍼 엔트리=0 | price_ticks=0 greeks_ticks=0 snap_ticks=0 | 이론가 커버리지=N/A
2026-04-23 12:27:08 [ChainSaver] DB 최근5분 rows=0 | IV커버=N/A    이론가커버=N/A | stream=0 snap=0 | 최근저장=2026-04-22 15:52:19
2026-04-23 12:27:38 [ChainSaver] 버퍼 엔트리=0 | price_ticks=0 greeks_ticks=0 snap_ticks=0 | 이론가 커버리지=N/A
2026-04-23 12:27:38 [ChainSaver] DB 최근5분 rows=0 | IV커버=N/A    이론가커버=N/A | stream=0 snap=0 | 최근저장=2026-04-22 15:52:19
2026-04-23 12:28:08 [ChainSaver] 버퍼 엔트리=0 | price_ticks=0 greeks_ticks=0 snap_ticks=0 | 이론가 커버리지=N/A
2026-04-23 12:28:08 [ChainSaver] DB 최근5분 rows=0 | IV커버=N/A    이론가커버=N/A | stream=0 snap=0 | 최근저장=2026-04-22 15:52:19
2026-04-23 12:28:38 [ChainSaver] 버퍼 엔트리=0 | price_ticks=0 greeks_ticks=0 snap_ticks=0 | 이론가 커버리지=N/A
2026-04-23 12:28:38 [ChainSaver] DB 최근5분 rows=0 | IV커버=N/A    이론가커버=N/A | stream=0 snap=0 | 최근저장=2026-04-22 15:52:19
2026-04-23 12:29:08 [ChainSaver] 버퍼 엔트리=0 | price_ticks=0 greeks_ticks=0 snap_ticks=0 | 이론가 커버리지=N/A
2026-04-23 12:29:08 [ChainSaver] DB 최근5분 rows=0 | IV커버=N/A    이론가커버=N/A | stream=0 snap=0 | 최근저장=2026-04-22 15:52:19
2026-04-23 12:29:38 [ChainSaver] 버퍼 엔트리=0 | price_ticks=0 greeks_ticks=0 snap_ticks=0 | 이론가 커버리지=N/A
2026-04-23 12:29:38 [ChainSaver] DB 최근5분 rows=0 | IV커버=N/A    이론가커버=N/A | stream=0 snap=0 | 최근저장=2026-04-22 15:52:19
2026-04-23 12:30:08 [ChainSaver] 버퍼 엔트리=0 | price_ticks=0 greeks_ticks=0 snap_ticks=0 | 이론가 커버리지=N/A
2026-04-23 12:30:08 [ChainSaver] DB 최근5분 rows=0 | IV커버=N/A    이론가커버=N/A | stream=0 snap=0 | 최근저장=2026-04-22 15:52:19
2026-04-23 12:30:38 [ChainSaver] 버퍼 엔트리=0 | price_ticks=0 greeks_ticks=0 snap_ticks=0 | 이론가 커버리지=N/A
2026-04-23 12:30:38 [ChainSaver] DB 최근5분 rows=0 | IV커버=N/A    이론가커버=N/A | stream=0 snap=0 | 최근저장=2026-04-22 15:52:19
2026-04-23 12:31:08 [ChainSaver] 버퍼 엔트리=0 | price_ticks=0 greeks_ticks=0 snap_ticks=0 | 이론가 커버리지=N/A
2026-04-23 12:31:08 [ChainSaver] DB 최근5분 rows=0 | IV커버=N/A    이론가커버=N/A | stream=0 snap=0 | 최근저장=2026-04-22 15:52:19
2026-04-23 12:31:38 [ChainSaver] 버퍼 엔트리=0 | price_ticks=0 greeks_ticks=0 snap_ticks=0 | 이론가 커버리지=N/A
2026-04-23 12:31:38 [ChainSaver] DB 최근5분 rows=0 | IV커버=N/A    이론가커버=N/A | stream=0 snap=0 | 최근저장=2026-04-22 15:52:19
2026-04-23 12:32:08 [ChainSaver] 버퍼 엔트리=0 | price_ticks=0 greeks_ticks=0 snap_ticks=0 | 이론가 커버리지=N/A
2026-04-23 12:32:08 [ChainSaver] DB 최근5분 rows=0 | IV커버=N/A    이론가커버=N/A | stream=0 snap=0 | 최근저장=2026-04-22 15:52:19
2026-04-23 12:32:38 [ChainSaver] 버퍼 엔트리=0 | price_ticks=0 greeks_ticks=0 snap_ticks=0 | 이론가 커버리지=N/A
2026-04-23 12:32:38 [ChainSaver] DB 최근5분 rows=0 | IV커버=N/A    이론가커버=N/A | stream=0 snap=0 | 최근저장=2026-04-22 15:52:19
2026-04-23 12:33:08 [ChainSaver] 버퍼 엔트리=0 | price_ticks=0 greeks_ticks=0 snap_ticks=0 | 이론가 커버리지=N/A
2026-04-23 12:33:08 [ChainSaver] DB 최근5분 rows=0 | IV커버=N/A    이론가커버=N/A | stream=0 snap=0 | 최근저장=2026-04-22 15:52:19
2026-04-23 12:33:38 [ChainSaver] 버퍼 엔트리=0 | price_ticks=0 greeks_ticks=0 snap_ticks=0 | 이론가 커버리지=N/A
2026-04-23 12:33:38 [ChainSaver] DB 최근5분 rows=0 | IV커버=N/A    이론가커버=N/A | stream=0 snap=0 | 최근저장=2026-04-22 15:52:19
2026-04-23 12:34:08 [ChainSaver] 버퍼 엔트리=0 | price_ticks=0 greeks_ticks=0 snap_ticks=0 | 이론가 커버리지=N/A
2026-04-23 12:34:08 [ChainSaver] DB 최근5분 rows=0 | IV커버=N/A    이론가커버=N/A | stream=0 snap=0 | 최근저장=2026-04-22 15:52:19
2026-04-23 12:34:38 [ChainSaver] 버퍼 엔트리=0 | price_ticks=0 greeks_ticks=0 snap_ticks=0 | 이론가 커버리지=N/A
2026-04-23 12:34:38 [ChainSaver] DB 최근5분 rows=0 | IV커버=N/A    이론가커버=N/A | stream=0 snap=0 | 최근저장=2026-04-22 15:52:19
2026-04-23 12:35:08 [ChainSaver] 버퍼 엔트리=0 | price_ticks=0 greeks_ticks=0 snap_ticks=0 | 이론가 커버리지=N/A
2026-04-23 12:35:08 [ChainSaver] DB 최근5분 rows=0 | IV커버=N/A    이론가커버=N/A | stream=0 snap=0 | 최근저장=2026-04-22 15:52:19
2026-04-23 12:35:38 [ChainSaver] 버퍼 엔트리=0 | price_ticks=0 greeks_ticks=0 snap_ticks=0 | 이론가 커버리지=N/A
2026-04-23 12:35:38 [ChainSaver] DB 최근5분 rows=0 | IV커버=N/A    이론가커버=N/A | stream=0 snap=0 | 최근저장=2026-04-22 15:52:19
2026-04-23 12:36:08 [ChainSaver] 버퍼 엔트리=0 | price_ticks=0 greeks_ticks=0 snap_ticks=0 | 이론가 커버리지=N/A
2026-04-23 12:36:08 [ChainSaver] DB 최근5분 rows=0 | IV커버=N/A    이론가커버=N/A | stream=0 snap=0 | 최근저장=2026-04-22 15:52:19
2026-04-23 12:36:38 [ChainSaver] 버퍼 엔트리=0 | price_ticks=0 greeks_ticks=0 snap_ticks=0 | 이론가 커버리지=N/A
2026-04-23 12:36:38 [ChainSaver] DB 최근5분 rows=0 | IV커버=N/A    이론가커버=N/A | stream=0 snap=0 | 최근저장=2026-04-22 15:52:19
2026-04-23 12:37:08 [ChainSaver] 버퍼 엔트리=0 | price_ticks=0 greeks_ticks=0 snap_ticks=0 | 이론가 커버리지=N/A
2026-04-23 12:37:08 [ChainSaver] DB 최근5분 rows=0 | IV커버=N/A    이론가커버=N/A | stream=0 snap=0 | 최근저장=2026-04-22 15:52:19
2026-04-23 12:37:38 [ChainSaver] 버퍼 엔트리=0 | price_ticks=0 greeks_ticks=0 snap_ticks=0 | 이론가 커버리지=N/A
2026-04-23 12:37:38 [ChainSaver] DB 최근5분 rows=0 | IV커버=N/A    이론가커버=N/A | stream=0 snap=0 | 최근저장=2026-04-22 15:52:19
2026-04-23 12:38:08 [ChainSaver] 버퍼 엔트리=0 | price_ticks=0 greeks_ticks=0 snap_ticks=0 | 이론가 커버리지=N/A
2026-04-23 12:38:08 [ChainSaver] DB 최근5분 rows=0 | IV커버=N/A    이론가커버=N/A | stream=0 snap=0 | 최근저장=2026-04-22 15:52:19
2026-04-23 12:38:38 [ChainSaver] 버퍼 엔트리=0 | price_ticks=0 greeks_ticks=0 snap_ticks=0 | 이론가 커버리지=N/A
2026-04-23 12:38:40 [ChainSaver] DB 최근5분 rows=0 | IV커버=N/A    이론가커버=N/A | stream=0 snap=0 | 최근저장=2026-04-22 15:52:19
2026-04-23 12:39:08 [ChainSaver] 버퍼 엔트리=0 | price_ticks=0 greeks_ticks=0 snap_ticks=0 | 이론가 커버리지=N/A
2026-04-23 12:39:08 [ChainSaver] DB 최근5분 rows=0 | IV커버=N/A    이론가커버=N/A | stream=0 snap=0 | 최근저장=2026-04-22 15:52:19
2026-04-23 12:39:38 [ChainSaver] 버퍼 엔트리=0 | price_ticks=0 greeks_ticks=0 snap_ticks=0 | 이론가 커버리지=N/A
2026-04-23 12:39:38 [ChainSaver] DB 최근5분 rows=0 | IV커버=N/A    이론가커버=N/A | stream=0 snap=0 | 최근저장=2026-04-22 15:52:19
2026-04-23 12:40:08 [ChainSaver] 버퍼 엔트리=0 | price_ticks=0 greeks_ticks=0 snap_ticks=0 | 이론가 커버리지=N/A
2026-04-23 12:40:08 [ChainSaver] DB 최근5분 rows=0 | IV커버=N/A    이론가커버=N/A | stream=0 snap=0 | 최근저장=2026-04-22 15:52:19
2026-04-23 12:40:38 [ChainSaver] 버퍼 엔트리=0 | price_ticks=0 greeks_ticks=0 snap_ticks=0 | 이론가 커버리지=N/A
2026-04-23 12:40:38 [ChainSaver] DB 최근5분 rows=0 | IV커버=N/A    이론가커버=N/A | stream=0 snap=0 | 최근저장=2026-04-22 15:52:19
2026-04-23 12:41:08 [ChainSaver] 버퍼 엔트리=0 | price_ticks=0 greeks_ticks=0 snap_ticks=0 | 이론가 커버리지=N/A
2026-04-23 12:41:08 [ChainSaver] DB 최근5분 rows=0 | IV커버=N/A    이론가커버=N/A | stream=0 snap=0 | 최근저장=2026-04-22 15:52:19
2026-04-23 12:41:38 [ChainSaver] 버퍼 엔트리=0 | price_ticks=0 greeks_ticks=0 snap_ticks=0 | 이론가 커버리지=N/A
2026-04-23 12:41:38 [ChainSaver] DB 최근5분 rows=0 | IV커버=N/A    이론가커버=N/A | stream=0 snap=0 | 최근저장=2026-04-22 15:52:19
2026-04-23 12:42:08 [ChainSaver] 버퍼 엔트리=0 | price_ticks=0 greeks_ticks=0 snap_ticks=0 | 이론가 커버리지=N/A
2026-04-23 12:42:08 [ChainSaver] DB 최근5분 rows=0 | IV커버=N/A    이론가커버=N/A | stream=0 snap=0 | 최근저장=2026-04-22 15:52:19
2026-04-23 12:42:38 [ChainSaver] 버퍼 엔트리=0 | price_ticks=0 greeks_ticks=0 snap_ticks=0 | 이론가 커버리지=N/A
2026-04-23 12:42:38 [ChainSaver] DB 최근5분 rows=0 | IV커버=N/A    이론가커버=N/A | stream=0 snap=0 | 최근저장=2026-04-22 15:52:19
2026-04-23 12:43:08 [ChainSaver] 버퍼 엔트리=0 | price_ticks=0 greeks_ticks=0 snap_ticks=0 | 이론가 커버리지=N/A
2026-04-23 12:43:08 [ChainSaver] DB 최근5분 rows=0 | IV커버=N/A    이론가커버=N/A | stream=0 snap=0 | 최근저장=2026-04-22 15:52:19
2026-04-23 12:43:38 [ChainSaver] 버퍼 엔트리=0 | price_ticks=0 greeks_ticks=0 snap_ticks=0 | 이론가 커버리지=N/A
2026-04-23 12:43:38 [ChainSaver] DB 최근5분 rows=0 | IV커버=N/A    이론가커버=N/A | stream=0 snap=0 | 최근저장=2026-04-22 15:52:19
2026-04-23 12:44:08 [ChainSaver] 버퍼 엔트리=0 | price_ticks=0 greeks_ticks=0 snap_ticks=0 | 이론가 커버리지=N/A
2026-04-23 12:44:08 [ChainSaver] DB 최근5분 rows=0 | IV커버=N/A    이론가커버=N/A | stream=0 snap=0 | 최근저장=2026-04-22 15:52:19
2026-04-23 12:44:38 [ChainSaver] 버퍼 엔트리=0 | price_ticks=0 greeks_ticks=0 snap_ticks=0 | 이론가 커버리지=N/A
2026-04-23 12:44:38 [ChainSaver] DB 최근5분 rows=0 | IV커버=N/A    이론가커버=N/A | stream=0 snap=0 | 최근저장=2026-04-22 15:52:19
2026-04-23 12:45:08 [ChainSaver] 버퍼 엔트리=20 | price_ticks=363 greeks_ticks=0 snap_ticks=0 | 이론가 커버리지=N/A
2026-04-23 12:45:08 [ChainSaver] DB 최근5분 rows=0 | IV커버=N/A    이론가커버=N/A | stream=0 snap=0 | 최근저장=2026-04-22 15:52:19
2026-04-23 12:45:38 [ChainSaver] 버퍼 엔트리=20 | price_ticks=978 greeks_ticks=0 snap_ticks=0 | 이론가 커버리지=N/A
2026-04-23 12:45:38 [ChainSaver] DB 최근5분 rows=0 | IV커버=N/A    이론가커버=N/A | stream=0 snap=0 | 최근저장=2026-04-22 15:52:19
2026-04-23 12:46:08 [ChainSaver] 버퍼 엔트리=20 | price_ticks=1508 greeks_ticks=0 snap_ticks=0 | 이론가 커버리지=N/A
2026-04-23 12:46:08 [ChainSaver] DB 최근5분 rows=0 | IV커버=N/A    이론가커버=N/A | stream=0 snap=0 | 최근저장=2026-04-22 15:52:19
2026-04-23 12:46:38 [ChainSaver] 버퍼 엔트리=20 | price_ticks=2012 greeks_ticks=0 snap_ticks=0 | 이론가 커버리지=N/A
2026-04-23 12:46:38 [ChainSaver] DB 최근5분 rows=0 | IV커버=N/A    이론가커버=N/A | stream=0 snap=0 | 최근저장=2026-04-22 15:52:19
2026-04-23 12:47:08 [ChainSaver] 버퍼 엔트리=20 | price_ticks=2445 greeks_ticks=0 snap_ticks=0 | 이론가 커버리지=N/A
2026-04-23 12:47:08 [ChainSaver] DB 최근5분 rows=0 | IV커버=N/A    이론가커버=N/A | stream=0 snap=0 | 최근저장=2026-04-22 15:52:19
2026-04-23 12:47:38 [ChainSaver] 버퍼 엔트리=20 | price_ticks=2746 greeks_ticks=0 snap_ticks=0 | 이론가 커버리지=N/A
2026-04-23 12:47:38 [ChainSaver] DB 최근5분 rows=0 | IV커버=N/A    이론가커버=N/A | stream=0 snap=0 | 최근저장=2026-04-22 15:52:19
2026-04-23 12:48:08 [ChainSaver] 버퍼 엔트리=20 | price_ticks=3031 greeks_ticks=0 snap_ticks=0 | 이론가 커버리지=N/A
2026-04-23 12:48:08 [ChainSaver] DB 최근5분 rows=0 | IV커버=N/A    이론가커버=N/A | stream=0 snap=0 | 최근저장=2026-04-22 15:52:19
2026-04-23 12:48:38 [ChainSaver] 버퍼 엔트리=20 | price_ticks=3329 greeks_ticks=0 snap_ticks=0 | 이론가 커버리지=N/A
2026-04-23 12:48:38 [ChainSaver] DB 최근5분 rows=0 | IV커버=N/A    이론가커버=N/A | stream=0 snap=0 | 최근저장=2026-04-22 15:52:19
2026-04-23 12:49:08 [ChainSaver] 버퍼 엔트리=20 | price_ticks=3555 greeks_ticks=0 snap_ticks=0 | 이론가 커버리지=N/A
2026-04-23 12:49:08 [ChainSaver] DB 최근5분 rows=0 | IV커버=N/A    이론가커버=N/A | stream=0 snap=0 | 최근저장=2026-04-22 15:52:19
2026-04-23 12:49:38 [ChainSaver] 버퍼 엔트리=20 | price_ticks=3793 greeks_ticks=0 snap_ticks=0 | 이론가 커버리지=N/A
2026-04-23 12:49:38 [ChainSaver] DB 최근5분 rows=0 | IV커버=N/A    이론가커버=N/A | stream=0 snap=0 | 최근저장=2026-04-22 15:52:19
2026-04-23 12:50:08 [ChainSaver] 버퍼 엔트리=20 | price_ticks=4186 greeks_ticks=0 snap_ticks=0 | 이론가 커버리지=N/A
2026-04-23 12:50:08 [ChainSaver] DB 최근5분 rows=0 | IV커버=N/A    이론가커버=N/A | stream=0 snap=0 | 최근저장=2026-04-22 15:52:19
2026-04-23 12:50:38 [ChainSaver] 버퍼 엔트리=20 | price_ticks=4510 greeks_ticks=0 snap_ticks=0 | 이론가 커버리지=N/A
2026-04-23 12:50:38 [ChainSaver] DB 최근5분 rows=0 | IV커버=N/A    이론가커버=N/A | stream=0 snap=0 | 최근저장=2026-04-22 15:52:19
2026-04-23 12:51:08 [ChainSaver] 버퍼 엔트리=20 | price_ticks=4987 greeks_ticks=0 snap_ticks=0 | 이론가 커버리지=N/A
2026-04-23 12:51:08 [ChainSaver] DB 최근5분 rows=0 | IV커버=N/A    이론가커버=N/A | stream=0 snap=0 | 최근저장=2026-04-22 15:52:19
2026-04-23 12:51:38 [ChainSaver] 버퍼 엔트리=20 | price_ticks=5289 greeks_ticks=0 snap_ticks=0 | 이론가 커버리지=N/A
2026-04-23 12:51:38 [ChainSaver] DB 최근5분 rows=0 | IV커버=N/A    이론가커버=N/A | stream=0 snap=0 | 최근저장=2026-04-22 15:52:19
2026-04-23 12:52:08 [ChainSaver] 버퍼 엔트리=20 | price_ticks=5762 greeks_ticks=0 snap_ticks=0 | 이론가 커버리지=N/A
2026-04-23 12:52:08 [ChainSaver] DB 최근5분 rows=0 | IV커버=N/A    이론가커버=N/A | stream=0 snap=0 | 최근저장=2026-04-22 15:52:19
2026-04-23 12:52:38 [ChainSaver] 버퍼 엔트리=20 | price_ticks=6122 greeks_ticks=0 snap_ticks=0 | 이론가 커버리지=N/A
2026-04-23 12:52:38 [ChainSaver] DB 최근5분 rows=0 | IV커버=N/A    이론가커버=N/A | stream=0 snap=0 | 최근저장=2026-04-22 15:52:19
2026-04-23 12:53:08 [ChainSaver] 버퍼 엔트리=20 | price_ticks=6407 greeks_ticks=0 snap_ticks=0 | 이론가 커버리지=N/A
2026-04-23 12:53:08 [ChainSaver] DB 최근5분 rows=0 | IV커버=N/A    이론가커버=N/A | stream=0 snap=0 | 최근저장=2026-04-22 15:52:19
2026-04-23 12:53:38 [ChainSaver] 버퍼 엔트리=20 | price_ticks=6646 greeks_ticks=0 snap_ticks=0 | 이론가 커버리지=N/A
2026-04-23 12:53:38 [ChainSaver] DB 최근5분 rows=0 | IV커버=N/A    이론가커버=N/A | stream=0 snap=0 | 최근저장=2026-04-22 15:52:19
2026-04-23 12:54:08 [ChainSaver] 버퍼 엔트리=20 | price_ticks=6723 greeks_ticks=0 snap_ticks=0 | 이론가 커버리지=N/A
2026-04-23 12:54:08 [ChainSaver] DB 최근5분 rows=0 | IV커버=N/A    이론가커버=N/A | stream=0 snap=0 | 최근저장=2026-04-22 15:52:19
2026-04-23 12:54:38 [ChainSaver] 버퍼 엔트리=20 | price_ticks=6871 greeks_ticks=0 snap_ticks=0 | 이론가 커버리지=N/A
2026-04-23 12:54:38 [ChainSaver] DB 최근5분 rows=0 | IV커버=N/A    이론가커버=N/A | stream=0 snap=0 | 최근저장=2026-04-22 15:52:19
2026-04-23 12:55:08 [ChainSaver] 버퍼 엔트리=20 | price_ticks=7067 greeks_ticks=0 snap_ticks=0 | 이론가 커버리지=N/A
2026-04-23 12:55:08 [ChainSaver] DB 최근5분 rows=0 | IV커버=N/A    이론가커버=N/A | stream=0 snap=0 | 최근저장=2026-04-22 15:52:19
2026-04-23 12:55:38 [ChainSaver] 버퍼 엔트리=20 | price_ticks=7312 greeks_ticks=0 snap_ticks=0 | 이론가 커버리지=N/A
2026-04-23 12:55:38 [ChainSaver] DB 최근5분 rows=0 | IV커버=N/A    이론가커버=N/A | stream=0 snap=0 | 최근저장=2026-04-22 15:52:19
2026-04-23 12:56:08 [ChainSaver] 버퍼 엔트리=20 | price_ticks=7825 greeks_ticks=11 snap_ticks=0 | 이론가 커버리지=N/A
2026-04-23 12:56:08 [ChainSaver] DB 최근5분 rows=0 | IV커버=N/A    이론가커버=N/A | stream=0 snap=0 | 최근저장=2026-04-22 15:52:19
2026-04-23 12:56:38 [ChainSaver] 버퍼 엔트리=20 | price_ticks=8120 greeks_ticks=115 snap_ticks=0 | 이론가 커버리지=N/A
2026-04-23 12:56:38 [ChainSaver] DB 최근5분 rows=0 | IV커버=N/A    이론가커버=N/A | stream=0 snap=0 | 최근저장=2026-04-22 15:52:19
2026-04-23 12:57:08 [ChainSaver] 버퍼 엔트리=20 | price_ticks=8284 greeks_ticks=707 snap_ticks=0 | 이론가 커버리지=N/A
2026-04-23 12:57:08 [ChainSaver] DB 최근5분 rows=0 | IV커버=N/A    이론가커버=N/A | stream=0 snap=0 | 최근저장=2026-04-22 15:52:19
2026-04-23 12:57:38 [ChainSaver] 버퍼 엔트리=20 | price_ticks=8504 greeks_ticks=1428 snap_ticks=0 | 이론가 커버리지=N/A
2026-04-23 12:57:38 [ChainSaver] DB 최근5분 rows=0 | IV커버=N/A    이론가커버=N/A | stream=0 snap=0 | 최근저장=2026-04-22 15:52:19
2026-04-23 12:58:08 [ChainSaver] 버퍼 엔트리=20 | price_ticks=8807 greeks_ticks=2399 snap_ticks=0 | 이론가 커버리지=N/A
2026-04-23 12:58:08 [ChainSaver] DB 최근5분 rows=0 | IV커버=N/A    이론가커버=N/A | stream=0 snap=0 | 최근저장=2026-04-22 15:52:19
2026-04-23 12:58:38 [ChainSaver] 버퍼 엔트리=20 | price_ticks=9033 greeks_ticks=3295 snap_ticks=0 | 이론가 커버리지=N/A
2026-04-23 12:58:38 [ChainSaver] DB 최근5분 rows=0 | IV커버=N/A    이론가커버=N/A | stream=0 snap=0 | 최근저장=2026-04-22 15:52:19
2026-04-23 12:59:08 [ChainSaver] 버퍼 엔트리=20 | price_ticks=9202 greeks_ticks=4411 snap_ticks=0 | 이론가 커버리지=N/A
2026-04-23 12:59:08 [ChainSaver] DB 최근5분 rows=0 | IV커버=N/A    이론가커버=N/A | stream=0 snap=0 | 최근저장=2026-04-22 15:52:19
2026-04-23 12:59:38 [ChainSaver] 버퍼 엔트리=20 | price_ticks=9342 greeks_ticks=4934 snap_ticks=0 | 이론가 커버리지=N/A
2026-04-23 12:59:38 [ChainSaver] DB 최근5분 rows=0 | IV커버=N/A    이론가커버=N/A | stream=0 snap=0 | 최근저장=2026-04-22 15:52:19
