time,strike,c_price,c_delta,c_gamma,c_dgamma,p_price,p_delta,p_gamma,p_dgamma,iv_c,iv_p
2026-03-28 18:34:49,155,―,―,―,―,―,―,―,―,―,―
2026-03-28 18:34:49,160,―,―,―,―,―,―,―,―,―,―
2026-03-28 18:34:49,165,―,―,―,―,―,―,―,―,―,―
2026-03-28 18:34:49,170,―,―,―,―,―,―,―,―,―,―
2026-03-28 18:34:49,175,―,―,―,―,―,―,―,―,―,―
2026-03-28 18:34:49,180,―,―,―,―,―,―,―,―,―,―
2026-03-28 18:34:49,185,―,―,―,―,―,―,―,―,―,―
2026-03-28 18:34:49,190,―,―,―,―,―,―,―,―,―,―
2026-03-28 18:34:49,195,―,―,―,―,―,―,―,―,―,―
2026-03-28 18:34:49,200,―,―,―,―,―,―,―,―,―,―
2026-03-28 18:34:49,205,―,―,―,―,―,―,―,―,―,―
2026-03-28 18:34:49,210,―,―,―,―,―,―,―,―,―,―
2026-03-28 18:34:49,215,―,―,―,―,―,―,―,―,―,―
2026-03-28 18:34:49,220,―,―,―,―,―,―,―,―,―,―
2026-03-28 18:34:49,225,―,―,―,―,―,―,―,―,―,―
2026-03-28 18:34:49,230,―,―,―,―,―,―,―,―,―,―
2026-03-28 18:34:49,235,―,―,―,―,―,―,―,―,―,―
2026-03-28 18:34:49,240,―,―,―,―,―,―,―,―,―,―
2026-03-28 18:34:49,245,―,―,―,―,―,―,―,―,―,―
2026-03-28 18:34:49,250,―,―,―,―,―,―,―,―,―,―
2026-03-28 18:34:49,255,―,―,―,―,―,―,―,―,―,―
2026-03-28 18:34:49,260,―,―,―,―,―,―,―,―,―,―
2026-03-28 18:34:49,265,―,―,―,―,―,―,―,―,―,―
2026-03-28 18:34:49,270,―,―,―,―,―,―,―,―,―,―
2026-03-28 18:34:49,275,―,―,―,―,―,―,―,―,―,―
2026-03-28 18:34:49,280,―,―,―,―,―,―,―,―,―,―
2026-03-28 18:34:49,285,―,―,―,―,―,―,―,―,―,―
2026-03-28 18:34:49,290,―,―,―,―,―,―,―,―,―,―
2026-03-28 18:34:49,295,―,―,―,―,―,―,―,―,―,―
2026-03-28 18:34:49,300,―,―,―,―,―,―,―,―,―,―
2026-03-28 18:34:49,305,―,―,―,―,―,―,―,―,―,―
2026-03-28 18:34:49,310,―,―,―,―,―,―,―,―,―,―
2026-03-28 18:34:49,315,―,―,―,―,―,―,―,―,―,―
2026-03-28 18:34:49,320,―,―,―,―,―,―,―,―,―,―
2026-03-28 18:34:49,325,―,―,―,―,―,―,―,―,―,―
2026-03-28 18:34:49,330,―,―,―,―,―,―,―,―,―,―
2026-03-28 18:34:49,335,―,―,―,―,―,―,―,―,―,―
2026-03-28 18:34:49,340,―,―,―,―,―,―,―,―,―,―
2026-03-28 18:34:49,345,―,―,―,―,―,―,―,―,―,―
2026-03-28 18:34:49,350,―,―,―,―,―,―,―,―,―,―
2026-03-28 18:34:49,355,―,―,―,―,―,―,―,―,―,―
2026-03-28 18:35:04,155,―,―,―,―,―,―,―,―,―,―
2026-03-28 18:35:04,160,―,―,―,―,―,―,―,―,―,―
2026-03-28 18:35:04,165,―,―,―,―,―,―,―,―,―,―
2026-03-28 18:35:04,170,―,―,―,―,―,―,―,―,―,―
2026-03-28 18:35:04,175,―,―,―,―,―,―,―,―,―,―
2026-03-28 18:35:04,180,―,―,―,―,―,―,―,―,―,―
2026-03-28 18:35:04,185,―,―,―,―,―,―,―,―,―,―
2026-03-28 18:35:04,190,―,―,―,―,―,―,―,―,―,―
2026-03-28 18:35:04,195,―,―,―,―,―,―,―,―,―,―
2026-03-28 18:35:04,200,―,―,―,―,―,―,―,―,―,―
2026-03-28 18:35:04,205,―,―,―,―,―,―,―,―,―,―
2026-03-28 18:35:04,210,―,―,―,―,―,―,―,―,―,―
2026-03-28 18:35:04,215,―,―,―,―,―,―,―,―,―,―
2026-03-28 18:35:04,220,―,―,―,―,―,―,―,―,―,―
2026-03-28 18:35:04,225,―,―,―,―,―,―,―,―,―,―
2026-03-28 18:35:04,230,―,―,―,―,―,―,―,―,―,―
2026-03-28 18:35:04,235,―,―,―,―,―,―,―,―,―,―
2026-03-28 18:35:04,240,―,―,―,―,―,―,―,―,―,―
2026-03-28 18:35:04,245,―,―,―,―,―,―,―,―,―,―
2026-03-28 18:35:04,250,―,―,―,―,―,―,―,―,―,―
2026-03-28 18:35:04,255,―,―,―,―,―,―,―,―,―,―
2026-03-28 18:35:04,260,―,―,―,―,―,―,―,―,―,―
2026-03-28 18:35:04,265,―,―,―,―,―,―,―,―,―,―
2026-03-28 18:35:04,270,―,―,―,―,―,―,―,―,―,―
2026-03-28 18:35:04,275,―,―,―,―,―,―,―,―,―,―
2026-03-28 18:35:04,280,―,―,―,―,―,―,―,―,―,―
2026-03-28 18:35:04,285,―,―,―,―,―,―,―,―,―,―
2026-03-28 18:35:04,290,―,―,―,―,―,―,―,―,―,―
2026-03-28 18:35:04,295,―,―,―,―,―,―,―,―,―,―
2026-03-28 18:35:04,300,―,―,―,―,―,―,―,―,―,―
2026-03-28 18:35:04,305,―,―,―,―,―,―,―,―,―,―
2026-03-28 18:35:04,310,―,―,―,―,―,―,―,―,―,―
2026-03-28 18:35:04,315,―,―,―,―,―,―,―,―,―,―
2026-03-28 18:35:04,320,―,―,―,―,―,―,―,―,―,―
2026-03-28 18:35:04,325,―,―,―,―,―,―,―,―,―,―
2026-03-28 18:35:04,330,―,―,―,―,―,―,―,―,―,―
2026-03-28 18:35:04,335,―,―,―,―,―,―,―,―,―,―
2026-03-28 18:35:04,340,―,―,―,―,―,―,―,―,―,―
2026-03-28 18:35:04,345,―,―,―,―,―,―,―,―,―,―
2026-03-28 18:35:04,350,―,―,―,―,―,―,―,―,―,―
2026-03-28 18:35:04,355,―,―,―,―,―,―,―,―,―,―
2026-03-28 18:35:19,155,―,―,―,―,―,―,―,―,―,―
2026-03-28 18:35:19,160,―,―,―,―,―,―,―,―,―,―
2026-03-28 18:35:19,165,―,―,―,―,―,―,―,―,―,―
2026-03-28 18:35:19,170,―,―,―,―,―,―,―,―,―,―
2026-03-28 18:35:19,175,―,―,―,―,―,―,―,―,―,―
2026-03-28 18:35:19,180,―,―,―,―,―,―,―,―,―,―
2026-03-28 18:35:19,185,―,―,―,―,―,―,―,―,―,―
2026-03-28 18:35:19,190,―,―,―,―,―,―,―,―,―,―
2026-03-28 18:35:19,195,―,―,―,―,―,―,―,―,―,―
2026-03-28 18:35:19,200,―,―,―,―,―,―,―,―,―,―
2026-03-28 18:35:19,205,―,―,―,―,―,―,―,―,―,―
2026-03-28 18:35:19,210,―,―,―,―,―,―,―,―,―,―
2026-03-28 18:35:19,215,―,―,―,―,―,―,―,―,―,―
2026-03-28 18:35:19,220,―,―,―,―,―,―,―,―,―,―
2026-03-28 18:35:19,225,―,―,―,―,―,―,―,―,―,―
2026-03-28 18:35:19,230,―,―,―,―,―,―,―,―,―,―
2026-03-28 18:35:19,235,―,―,―,―,―,―,―,―,―,―
2026-03-28 18:35:19,240,―,―,―,―,―,―,―,―,―,―
2026-03-28 18:35:19,245,―,―,―,―,―,―,―,―,―,―
2026-03-28 18:35:19,250,―,―,―,―,―,―,―,―,―,―
2026-03-28 18:35:19,255,―,―,―,―,―,―,―,―,―,―
2026-03-28 18:35:19,260,―,―,―,―,―,―,―,―,―,―
2026-03-28 18:35:19,265,―,―,―,―,―,―,―,―,―,―
2026-03-28 18:35:19,270,―,―,―,―,―,―,―,―,―,―
2026-03-28 18:35:19,275,―,―,―,―,―,―,―,―,―,―
2026-03-28 18:35:19,280,―,―,―,―,―,―,―,―,―,―
2026-03-28 18:35:19,285,―,―,―,―,―,―,―,―,―,―
2026-03-28 18:35:19,290,―,―,―,―,―,―,―,―,―,―
2026-03-28 18:35:19,295,―,―,―,―,―,―,―,―,―,―
2026-03-28 18:35:19,300,―,―,―,―,―,―,―,―,―,―
2026-03-28 18:35:19,305,―,―,―,―,―,―,―,―,―,―
2026-03-28 18:35:19,310,―,―,―,―,―,―,―,―,―,―
2026-03-28 18:35:19,315,―,―,―,―,―,―,―,―,―,―
2026-03-28 18:35:19,320,―,―,―,―,―,―,―,―,―,―
2026-03-28 18:35:19,325,―,―,―,―,―,―,―,―,―,―
2026-03-28 18:35:19,330,―,―,―,―,―,―,―,―,―,―
2026-03-28 18:35:19,335,―,―,―,―,―,―,―,―,―,―
2026-03-28 18:35:19,340,―,―,―,―,―,―,―,―,―,―
2026-03-28 18:35:19,345,―,―,―,―,―,―,―,―,―,―
2026-03-28 18:35:19,350,―,―,―,―,―,―,―,―,―,―
2026-03-28 18:35:19,355,―,―,―,―,―,―,―,―,―,―
2026-03-28 18:35:34,155,―,―,―,―,―,―,―,―,―,―
2026-03-28 18:35:34,160,―,―,―,―,―,―,―,―,―,―
2026-03-28 18:35:34,165,―,―,―,―,―,―,―,―,―,―
2026-03-28 18:35:34,170,―,―,―,―,―,―,―,―,―,―
2026-03-28 18:35:34,175,―,―,―,―,―,―,―,―,―,―
2026-03-28 18:35:34,180,―,―,―,―,―,―,―,―,―,―
2026-03-28 18:35:34,185,―,―,―,―,―,―,―,―,―,―
2026-03-28 18:35:34,190,―,―,―,―,―,―,―,―,―,―
2026-03-28 18:35:34,195,―,―,―,―,―,―,―,―,―,―
2026-03-28 18:35:34,200,―,―,―,―,―,―,―,―,―,―
2026-03-28 18:35:34,205,―,―,―,―,―,―,―,―,―,―
2026-03-28 18:35:34,210,―,―,―,―,―,―,―,―,―,―
2026-03-28 18:35:34,215,―,―,―,―,―,―,―,―,―,―
2026-03-28 18:35:34,220,―,―,―,―,―,―,―,―,―,―
2026-03-28 18:35:34,225,―,―,―,―,―,―,―,―,―,―
2026-03-28 18:35:34,230,―,―,―,―,―,―,―,―,―,―
2026-03-28 18:35:34,235,―,―,―,―,―,―,―,―,―,―
2026-03-28 18:35:34,240,―,―,―,―,―,―,―,―,―,―
2026-03-28 18:35:34,245,―,―,―,―,―,―,―,―,―,―
2026-03-28 18:35:34,250,―,―,―,―,―,―,―,―,―,―
2026-03-28 18:35:34,255,―,―,―,―,―,―,―,―,―,―
2026-03-28 18:35:34,260,―,―,―,―,―,―,―,―,―,―
2026-03-28 18:35:34,265,―,―,―,―,―,―,―,―,―,―
2026-03-28 18:35:34,270,―,―,―,―,―,―,―,―,―,―
2026-03-28 18:35:34,275,―,―,―,―,―,―,―,―,―,―
2026-03-28 18:35:34,280,―,―,―,―,―,―,―,―,―,―
2026-03-28 18:35:34,285,―,―,―,―,―,―,―,―,―,―
2026-03-28 18:35:34,290,―,―,―,―,―,―,―,―,―,―
2026-03-28 18:35:34,295,―,―,―,―,―,―,―,―,―,―
2026-03-28 18:35:34,300,―,―,―,―,―,―,―,―,―,―
2026-03-28 18:35:34,305,―,―,―,―,―,―,―,―,―,―
2026-03-28 18:35:34,310,―,―,―,―,―,―,―,―,―,―
2026-03-28 18:35:34,315,―,―,―,―,―,―,―,―,―,―
2026-03-28 18:35:34,320,―,―,―,―,―,―,―,―,―,―
2026-03-28 18:35:34,325,―,―,―,―,―,―,―,―,―,―
2026-03-28 18:35:34,330,―,―,―,―,―,―,―,―,―,―
2026-03-28 18:35:34,335,―,―,―,―,―,―,―,―,―,―
2026-03-28 18:35:34,340,―,―,―,―,―,―,―,―,―,―
2026-03-28 18:35:34,345,―,―,―,―,―,―,―,―,―,―
2026-03-28 18:35:34,350,―,―,―,―,―,―,―,―,―,―
2026-03-28 18:35:34,355,―,―,―,―,―,―,―,―,―,―
2026-03-28 18:35:49,155,―,―,―,―,―,―,―,―,―,―
2026-03-28 18:35:49,160,―,―,―,―,―,―,―,―,―,―
2026-03-28 18:35:49,165,―,―,―,―,―,―,―,―,―,―
2026-03-28 18:35:49,170,―,―,―,―,―,―,―,―,―,―
2026-03-28 18:35:49,175,―,―,―,―,―,―,―,―,―,―
2026-03-28 18:35:49,180,―,―,―,―,―,―,―,―,―,―
2026-03-28 18:35:49,185,―,―,―,―,―,―,―,―,―,―
2026-03-28 18:35:49,190,―,―,―,―,―,―,―,―,―,―
2026-03-28 18:35:49,195,―,―,―,―,―,―,―,―,―,―
2026-03-28 18:35:49,200,―,―,―,―,―,―,―,―,―,―
2026-03-28 18:35:49,205,―,―,―,―,―,―,―,―,―,―
2026-03-28 18:35:49,210,―,―,―,―,―,―,―,―,―,―
2026-03-28 18:35:49,215,―,―,―,―,―,―,―,―,―,―
2026-03-28 18:35:49,220,―,―,―,―,―,―,―,―,―,―
2026-03-28 18:35:49,225,―,―,―,―,―,―,―,―,―,―
2026-03-28 18:35:49,230,―,―,―,―,―,―,―,―,―,―
2026-03-28 18:35:49,235,―,―,―,―,―,―,―,―,―,―
2026-03-28 18:35:49,240,―,―,―,―,―,―,―,―,―,―
2026-03-28 18:35:49,245,―,―,―,―,―,―,―,―,―,―
2026-03-28 18:35:49,250,―,―,―,―,―,―,―,―,―,―
2026-03-28 18:35:49,255,―,―,―,―,―,―,―,―,―,―
2026-03-28 18:35:49,260,―,―,―,―,―,―,―,―,―,―
2026-03-28 18:35:49,265,―,―,―,―,―,―,―,―,―,―
2026-03-28 18:35:49,270,―,―,―,―,―,―,―,―,―,―
2026-03-28 18:35:49,275,―,―,―,―,―,―,―,―,―,―
2026-03-28 18:35:49,280,―,―,―,―,―,―,―,―,―,―
2026-03-28 18:35:49,285,―,―,―,―,―,―,―,―,―,―
2026-03-28 18:35:49,290,―,―,―,―,―,―,―,―,―,―
2026-03-28 18:35:49,295,―,―,―,―,―,―,―,―,―,―
2026-03-28 18:35:49,300,―,―,―,―,―,―,―,―,―,―
2026-03-28 18:35:49,305,―,―,―,―,―,―,―,―,―,―
2026-03-28 18:35:49,310,―,―,―,―,―,―,―,―,―,―
2026-03-28 18:35:49,315,―,―,―,―,―,―,―,―,―,―
2026-03-28 18:35:49,320,―,―,―,―,―,―,―,―,―,―
2026-03-28 18:35:49,325,―,―,―,―,―,―,―,―,―,―
2026-03-28 18:35:49,330,―,―,―,―,―,―,―,―,―,―
2026-03-28 18:35:49,335,―,―,―,―,―,―,―,―,―,―
2026-03-28 18:35:49,340,―,―,―,―,―,―,―,―,―,―
2026-03-28 18:35:49,345,―,―,―,―,―,―,―,―,―,―
2026-03-28 18:35:49,350,―,―,―,―,―,―,―,―,―,―
2026-03-28 18:35:49,355,―,―,―,―,―,―,―,―,―,―
2026-03-28 18:36:04,155,―,―,―,―,―,―,―,―,―,―
2026-03-28 18:36:04,160,―,―,―,―,―,―,―,―,―,―
2026-03-28 18:36:04,165,―,―,―,―,―,―,―,―,―,―
2026-03-28 18:36:04,170,―,―,―,―,―,―,―,―,―,―
2026-03-28 18:36:04,175,―,―,―,―,―,―,―,―,―,―
2026-03-28 18:36:04,180,―,―,―,―,―,―,―,―,―,―
2026-03-28 18:36:04,185,―,―,―,―,―,―,―,―,―,―
2026-03-28 18:36:04,190,―,―,―,―,―,―,―,―,―,―
2026-03-28 18:36:04,195,―,―,―,―,―,―,―,―,―,―
2026-03-28 18:36:04,200,―,―,―,―,―,―,―,―,―,―
2026-03-28 18:36:04,205,―,―,―,―,―,―,―,―,―,―
2026-03-28 18:36:04,210,―,―,―,―,―,―,―,―,―,―
2026-03-28 18:36:04,215,―,―,―,―,―,―,―,―,―,―
2026-03-28 18:36:04,220,―,―,―,―,―,―,―,―,―,―
2026-03-28 18:36:04,225,―,―,―,―,―,―,―,―,―,―
2026-03-28 18:36:04,230,―,―,―,―,―,―,―,―,―,―
2026-03-28 18:36:04,235,―,―,―,―,―,―,―,―,―,―
2026-03-28 18:36:04,240,―,―,―,―,―,―,―,―,―,―
2026-03-28 18:36:04,245,―,―,―,―,―,―,―,―,―,―
2026-03-28 18:36:04,250,―,―,―,―,―,―,―,―,―,―
2026-03-28 18:36:04,255,―,―,―,―,―,―,―,―,―,―
2026-03-28 18:36:04,260,―,―,―,―,―,―,―,―,―,―
2026-03-28 18:36:04,265,―,―,―,―,―,―,―,―,―,―
2026-03-28 18:36:04,270,―,―,―,―,―,―,―,―,―,―
2026-03-28 18:36:04,275,―,―,―,―,―,―,―,―,―,―
2026-03-28 18:36:04,280,―,―,―,―,―,―,―,―,―,―
2026-03-28 18:36:04,285,―,―,―,―,―,―,―,―,―,―
2026-03-28 18:36:04,290,―,―,―,―,―,―,―,―,―,―
2026-03-28 18:36:04,295,―,―,―,―,―,―,―,―,―,―
2026-03-28 18:36:04,300,―,―,―,―,―,―,―,―,―,―
2026-03-28 18:36:04,305,―,―,―,―,―,―,―,―,―,―
2026-03-28 18:36:04,310,―,―,―,―,―,―,―,―,―,―
2026-03-28 18:36:04,315,―,―,―,―,―,―,―,―,―,―
2026-03-28 18:36:04,320,―,―,―,―,―,―,―,―,―,―
2026-03-28 18:36:04,325,―,―,―,―,―,―,―,―,―,―
2026-03-28 18:36:04,330,―,―,―,―,―,―,―,―,―,―
2026-03-28 18:36:04,335,―,―,―,―,―,―,―,―,―,―
2026-03-28 18:36:04,340,―,―,―,―,―,―,―,―,―,―
2026-03-28 18:36:04,345,―,―,―,―,―,―,―,―,―,―
2026-03-28 18:36:04,350,―,―,―,―,―,―,―,―,―,―
2026-03-28 18:36:04,355,―,―,―,―,―,―,―,―,―,―
2026-03-28 18:36:19,155,―,―,―,―,―,―,―,―,―,―
2026-03-28 18:36:19,160,―,―,―,―,―,―,―,―,―,―
2026-03-28 18:36:19,165,―,―,―,―,―,―,―,―,―,―
2026-03-28 18:36:19,170,―,―,―,―,―,―,―,―,―,―
2026-03-28 18:36:19,175,―,―,―,―,―,―,―,―,―,―
2026-03-28 18:36:19,180,―,―,―,―,―,―,―,―,―,―
2026-03-28 18:36:19,185,―,―,―,―,―,―,―,―,―,―
2026-03-28 18:36:19,190,―,―,―,―,―,―,―,―,―,―
2026-03-28 18:36:19,195,―,―,―,―,―,―,―,―,―,―
2026-03-28 18:36:19,200,―,―,―,―,―,―,―,―,―,―
2026-03-28 18:36:19,205,―,―,―,―,―,―,―,―,―,―
2026-03-28 18:36:19,210,―,―,―,―,―,―,―,―,―,―
2026-03-28 18:36:19,215,―,―,―,―,―,―,―,―,―,―
2026-03-28 18:36:19,220,―,―,―,―,―,―,―,―,―,―
2026-03-28 18:36:19,225,―,―,―,―,―,―,―,―,―,―
2026-03-28 18:36:19,230,―,―,―,―,―,―,―,―,―,―
2026-03-28 18:36:19,235,―,―,―,―,―,―,―,―,―,―
2026-03-28 18:36:19,240,―,―,―,―,―,―,―,―,―,―
2026-03-28 18:36:19,245,―,―,―,―,―,―,―,―,―,―
2026-03-28 18:36:19,250,―,―,―,―,―,―,―,―,―,―
2026-03-28 18:36:19,255,―,―,―,―,―,―,―,―,―,―
2026-03-28 18:36:19,260,―,―,―,―,―,―,―,―,―,―
2026-03-28 18:36:19,265,―,―,―,―,―,―,―,―,―,―
2026-03-28 18:36:19,270,―,―,―,―,―,―,―,―,―,―
2026-03-28 18:36:19,275,―,―,―,―,―,―,―,―,―,―
2026-03-28 18:36:19,280,―,―,―,―,―,―,―,―,―,―
2026-03-28 18:36:19,285,―,―,―,―,―,―,―,―,―,―
2026-03-28 18:36:19,290,―,―,―,―,―,―,―,―,―,―
2026-03-28 18:36:19,295,―,―,―,―,―,―,―,―,―,―
2026-03-28 18:36:19,300,―,―,―,―,―,―,―,―,―,―
2026-03-28 18:36:19,305,―,―,―,―,―,―,―,―,―,―
2026-03-28 18:36:19,310,―,―,―,―,―,―,―,―,―,―
2026-03-28 18:36:19,315,―,―,―,―,―,―,―,―,―,―
2026-03-28 18:36:19,320,―,―,―,―,―,―,―,―,―,―
2026-03-28 18:36:19,325,―,―,―,―,―,―,―,―,―,―
2026-03-28 18:36:19,330,―,―,―,―,―,―,―,―,―,―
2026-03-28 18:36:19,335,―,―,―,―,―,―,―,―,―,―
2026-03-28 18:36:19,340,―,―,―,―,―,―,―,―,―,―
2026-03-28 18:36:19,345,―,―,―,―,―,―,―,―,―,―
2026-03-28 18:36:19,350,―,―,―,―,―,―,―,―,―,―
2026-03-28 18:36:19,355,―,―,―,―,―,―,―,―,―,―
2026-03-28 18:36:34,155,―,―,―,―,―,―,―,―,―,―
2026-03-28 18:36:34,160,―,―,―,―,―,―,―,―,―,―
2026-03-28 18:36:34,165,―,―,―,―,―,―,―,―,―,―
2026-03-28 18:36:34,170,―,―,―,―,―,―,―,―,―,―
2026-03-28 18:36:34,175,―,―,―,―,―,―,―,―,―,―
2026-03-28 18:36:34,180,―,―,―,―,―,―,―,―,―,―
2026-03-28 18:36:34,185,―,―,―,―,―,―,―,―,―,―
2026-03-28 18:36:34,190,―,―,―,―,―,―,―,―,―,―
2026-03-28 18:36:34,195,―,―,―,―,―,―,―,―,―,―
2026-03-28 18:36:34,200,―,―,―,―,―,―,―,―,―,―
2026-03-28 18:36:34,205,―,―,―,―,―,―,―,―,―,―
2026-03-28 18:36:34,210,―,―,―,―,―,―,―,―,―,―
2026-03-28 18:36:34,215,―,―,―,―,―,―,―,―,―,―
2026-03-28 18:36:34,220,―,―,―,―,―,―,―,―,―,―
2026-03-28 18:36:34,225,―,―,―,―,―,―,―,―,―,―
2026-03-28 18:36:34,230,―,―,―,―,―,―,―,―,―,―
2026-03-28 18:36:34,235,―,―,―,―,―,―,―,―,―,―
2026-03-28 18:36:34,240,―,―,―,―,―,―,―,―,―,―
2026-03-28 18:36:34,245,―,―,―,―,―,―,―,―,―,―
2026-03-28 18:36:34,250,―,―,―,―,―,―,―,―,―,―
2026-03-28 18:36:34,255,―,―,―,―,―,―,―,―,―,―
2026-03-28 18:36:34,260,―,―,―,―,―,―,―,―,―,―
2026-03-28 18:36:34,265,―,―,―,―,―,―,―,―,―,―
2026-03-28 18:36:34,270,―,―,―,―,―,―,―,―,―,―
2026-03-28 18:36:34,275,―,―,―,―,―,―,―,―,―,―
2026-03-28 18:36:34,280,―,―,―,―,―,―,―,―,―,―
2026-03-28 18:36:34,285,―,―,―,―,―,―,―,―,―,―
2026-03-28 18:36:34,290,―,―,―,―,―,―,―,―,―,―
2026-03-28 18:36:34,295,―,―,―,―,―,―,―,―,―,―
2026-03-28 18:36:34,300,―,―,―,―,―,―,―,―,―,―
2026-03-28 18:36:34,305,―,―,―,―,―,―,―,―,―,―
2026-03-28 18:36:34,310,―,―,―,―,―,―,―,―,―,―
2026-03-28 18:36:34,315,―,―,―,―,―,―,―,―,―,―
2026-03-28 18:36:34,320,―,―,―,―,―,―,―,―,―,―
2026-03-28 18:36:34,325,―,―,―,―,―,―,―,―,―,―
2026-03-28 18:36:34,330,―,―,―,―,―,―,―,―,―,―
2026-03-28 18:36:34,335,―,―,―,―,―,―,―,―,―,―
2026-03-28 18:36:34,340,―,―,―,―,―,―,―,―,―,―
2026-03-28 18:36:34,345,―,―,―,―,―,―,―,―,―,―
2026-03-28 18:36:34,350,―,―,―,―,―,―,―,―,―,―
2026-03-28 18:36:34,355,―,―,―,―,―,―,―,―,―,―
2026-03-28 18:36:49,155,―,―,―,―,―,―,―,―,―,―
2026-03-28 18:36:49,160,―,―,―,―,―,―,―,―,―,―
2026-03-28 18:36:49,165,―,―,―,―,―,―,―,―,―,―
2026-03-28 18:36:49,170,―,―,―,―,―,―,―,―,―,―
2026-03-28 18:36:49,175,―,―,―,―,―,―,―,―,―,―
2026-03-28 18:36:49,180,―,―,―,―,―,―,―,―,―,―
2026-03-28 18:36:49,185,―,―,―,―,―,―,―,―,―,―
2026-03-28 18:36:49,190,―,―,―,―,―,―,―,―,―,―
2026-03-28 18:36:49,195,―,―,―,―,―,―,―,―,―,―
2026-03-28 18:36:49,200,―,―,―,―,―,―,―,―,―,―
2026-03-28 18:36:49,205,―,―,―,―,―,―,―,―,―,―
2026-03-28 18:36:49,210,―,―,―,―,―,―,―,―,―,―
2026-03-28 18:36:49,215,―,―,―,―,―,―,―,―,―,―
2026-03-28 18:36:49,220,―,―,―,―,―,―,―,―,―,―
2026-03-28 18:36:49,225,―,―,―,―,―,―,―,―,―,―
2026-03-28 18:36:49,230,―,―,―,―,―,―,―,―,―,―
2026-03-28 18:36:49,235,―,―,―,―,―,―,―,―,―,―
2026-03-28 18:36:49,240,―,―,―,―,―,―,―,―,―,―
2026-03-28 18:36:49,245,―,―,―,―,―,―,―,―,―,―
2026-03-28 18:36:49,250,―,―,―,―,―,―,―,―,―,―
2026-03-28 18:36:49,255,―,―,―,―,―,―,―,―,―,―
2026-03-28 18:36:49,260,―,―,―,―,―,―,―,―,―,―
2026-03-28 18:36:49,265,―,―,―,―,―,―,―,―,―,―
2026-03-28 18:36:49,270,―,―,―,―,―,―,―,―,―,―
2026-03-28 18:36:49,275,―,―,―,―,―,―,―,―,―,―
2026-03-28 18:36:49,280,―,―,―,―,―,―,―,―,―,―
2026-03-28 18:36:49,285,―,―,―,―,―,―,―,―,―,―
2026-03-28 18:36:49,290,―,―,―,―,―,―,―,―,―,―
2026-03-28 18:36:49,295,―,―,―,―,―,―,―,―,―,―
2026-03-28 18:36:49,300,―,―,―,―,―,―,―,―,―,―
2026-03-28 18:36:49,305,―,―,―,―,―,―,―,―,―,―
2026-03-28 18:36:49,310,―,―,―,―,―,―,―,―,―,―
2026-03-28 18:36:49,315,―,―,―,―,―,―,―,―,―,―
2026-03-28 18:36:49,320,―,―,―,―,―,―,―,―,―,―
2026-03-28 18:36:49,325,―,―,―,―,―,―,―,―,―,―
2026-03-28 18:36:49,330,―,―,―,―,―,―,―,―,―,―
2026-03-28 18:36:49,335,―,―,―,―,―,―,―,―,―,―
2026-03-28 18:36:49,340,―,―,―,―,―,―,―,―,―,―
2026-03-28 18:36:49,345,―,―,―,―,―,―,―,―,―,―
2026-03-28 18:36:49,350,―,―,―,―,―,―,―,―,―,―
2026-03-28 18:36:49,355,―,―,―,―,―,―,―,―,―,―
2026-03-28 18:37:04,155,―,―,―,―,―,―,―,―,―,―
2026-03-28 18:37:04,160,―,―,―,―,―,―,―,―,―,―
2026-03-28 18:37:04,165,―,―,―,―,―,―,―,―,―,―
2026-03-28 18:37:04,170,―,―,―,―,―,―,―,―,―,―
2026-03-28 18:37:04,175,―,―,―,―,―,―,―,―,―,―
2026-03-28 18:37:04,180,―,―,―,―,―,―,―,―,―,―
2026-03-28 18:37:04,185,―,―,―,―,―,―,―,―,―,―
2026-03-28 18:37:04,190,―,―,―,―,―,―,―,―,―,―
2026-03-28 18:37:04,195,―,―,―,―,―,―,―,―,―,―
2026-03-28 18:37:04,200,―,―,―,―,―,―,―,―,―,―
2026-03-28 18:37:04,205,―,―,―,―,―,―,―,―,―,―
2026-03-28 18:37:04,210,―,―,―,―,―,―,―,―,―,―
2026-03-28 18:37:04,215,―,―,―,―,―,―,―,―,―,―
2026-03-28 18:37:04,220,―,―,―,―,―,―,―,―,―,―
2026-03-28 18:37:04,225,―,―,―,―,―,―,―,―,―,―
2026-03-28 18:37:04,230,―,―,―,―,―,―,―,―,―,―
2026-03-28 18:37:04,235,―,―,―,―,―,―,―,―,―,―
2026-03-28 18:37:04,240,―,―,―,―,―,―,―,―,―,―
2026-03-28 18:37:04,245,―,―,―,―,―,―,―,―,―,―
2026-03-28 18:37:04,250,―,―,―,―,―,―,―,―,―,―
2026-03-28 18:37:04,255,―,―,―,―,―,―,―,―,―,―
2026-03-28 18:37:04,260,―,―,―,―,―,―,―,―,―,―
2026-03-28 18:37:04,265,―,―,―,―,―,―,―,―,―,―
2026-03-28 18:37:04,270,―,―,―,―,―,―,―,―,―,―
2026-03-28 18:37:04,275,―,―,―,―,―,―,―,―,―,―
2026-03-28 18:37:04,280,―,―,―,―,―,―,―,―,―,―
2026-03-28 18:37:04,285,―,―,―,―,―,―,―,―,―,―
2026-03-28 18:37:04,290,―,―,―,―,―,―,―,―,―,―
2026-03-28 18:37:04,295,―,―,―,―,―,―,―,―,―,―
2026-03-28 18:37:04,300,―,―,―,―,―,―,―,―,―,―
2026-03-28 18:37:04,305,―,―,―,―,―,―,―,―,―,―
2026-03-28 18:37:04,310,―,―,―,―,―,―,―,―,―,―
2026-03-28 18:37:04,315,―,―,―,―,―,―,―,―,―,―
2026-03-28 18:37:04,320,―,―,―,―,―,―,―,―,―,―
2026-03-28 18:37:04,325,―,―,―,―,―,―,―,―,―,―
2026-03-28 18:37:04,330,―,―,―,―,―,―,―,―,―,―
2026-03-28 18:37:04,335,―,―,―,―,―,―,―,―,―,―
2026-03-28 18:37:04,340,―,―,―,―,―,―,―,―,―,―
2026-03-28 18:37:04,345,―,―,―,―,―,―,―,―,―,―
2026-03-28 18:37:04,350,―,―,―,―,―,―,―,―,―,―
2026-03-28 18:37:04,355,―,―,―,―,―,―,―,―,―,―
2026-03-28 18:37:19,155,―,―,―,―,―,―,―,―,―,―
2026-03-28 18:37:19,160,―,―,―,―,―,―,―,―,―,―
2026-03-28 18:37:19,165,―,―,―,―,―,―,―,―,―,―
2026-03-28 18:37:19,170,―,―,―,―,―,―,―,―,―,―
2026-03-28 18:37:19,175,―,―,―,―,―,―,―,―,―,―
2026-03-28 18:37:19,180,―,―,―,―,―,―,―,―,―,―
2026-03-28 18:37:19,185,―,―,―,―,―,―,―,―,―,―
2026-03-28 18:37:19,190,―,―,―,―,―,―,―,―,―,―
2026-03-28 18:37:19,195,―,―,―,―,―,―,―,―,―,―
2026-03-28 18:37:19,200,―,―,―,―,―,―,―,―,―,―
2026-03-28 18:37:19,205,―,―,―,―,―,―,―,―,―,―
2026-03-28 18:37:19,210,―,―,―,―,―,―,―,―,―,―
2026-03-28 18:37:19,215,―,―,―,―,―,―,―,―,―,―
2026-03-28 18:37:19,220,―,―,―,―,―,―,―,―,―,―
2026-03-28 18:37:19,225,―,―,―,―,―,―,―,―,―,―
2026-03-28 18:37:19,230,―,―,―,―,―,―,―,―,―,―
2026-03-28 18:37:19,235,―,―,―,―,―,―,―,―,―,―
2026-03-28 18:37:19,240,―,―,―,―,―,―,―,―,―,―
2026-03-28 18:37:19,245,―,―,―,―,―,―,―,―,―,―
2026-03-28 18:37:19,250,―,―,―,―,―,―,―,―,―,―
2026-03-28 18:37:19,255,―,―,―,―,―,―,―,―,―,―
2026-03-28 18:37:19,260,―,―,―,―,―,―,―,―,―,―
2026-03-28 18:37:19,265,―,―,―,―,―,―,―,―,―,―
2026-03-28 18:37:19,270,―,―,―,―,―,―,―,―,―,―
2026-03-28 18:37:19,275,―,―,―,―,―,―,―,―,―,―
2026-03-28 18:37:19,280,―,―,―,―,―,―,―,―,―,―
2026-03-28 18:37:19,285,―,―,―,―,―,―,―,―,―,―
2026-03-28 18:37:19,290,―,―,―,―,―,―,―,―,―,―
2026-03-28 18:37:19,295,―,―,―,―,―,―,―,―,―,―
2026-03-28 18:37:19,300,―,―,―,―,―,―,―,―,―,―
2026-03-28 18:37:19,305,―,―,―,―,―,―,―,―,―,―
2026-03-28 18:37:19,310,―,―,―,―,―,―,―,―,―,―
2026-03-28 18:37:19,315,―,―,―,―,―,―,―,―,―,―
2026-03-28 18:37:19,320,―,―,―,―,―,―,―,―,―,―
2026-03-28 18:37:19,325,―,―,―,―,―,―,―,―,―,―
2026-03-28 18:37:19,330,―,―,―,―,―,―,―,―,―,―
2026-03-28 18:37:19,335,―,―,―,―,―,―,―,―,―,―
2026-03-28 18:37:19,340,―,―,―,―,―,―,―,―,―,―
2026-03-28 18:37:19,345,―,―,―,―,―,―,―,―,―,―
2026-03-28 18:37:19,350,―,―,―,―,―,―,―,―,―,―
2026-03-28 18:37:19,355,―,―,―,―,―,―,―,―,―,―
2026-03-28 18:37:34,155,―,―,―,―,―,―,―,―,―,―
2026-03-28 18:37:34,160,―,―,―,―,―,―,―,―,―,―
2026-03-28 18:37:34,165,―,―,―,―,―,―,―,―,―,―
2026-03-28 18:37:34,170,―,―,―,―,―,―,―,―,―,―
2026-03-28 18:37:34,175,―,―,―,―,―,―,―,―,―,―
2026-03-28 18:37:34,180,―,―,―,―,―,―,―,―,―,―
2026-03-28 18:37:34,185,―,―,―,―,―,―,―,―,―,―
2026-03-28 18:37:34,190,―,―,―,―,―,―,―,―,―,―
2026-03-28 18:37:34,195,―,―,―,―,―,―,―,―,―,―
2026-03-28 18:37:34,200,―,―,―,―,―,―,―,―,―,―
2026-03-28 18:37:34,205,―,―,―,―,―,―,―,―,―,―
2026-03-28 18:37:34,210,―,―,―,―,―,―,―,―,―,―
2026-03-28 18:37:34,215,―,―,―,―,―,―,―,―,―,―
2026-03-28 18:37:34,220,―,―,―,―,―,―,―,―,―,―
2026-03-28 18:37:34,225,―,―,―,―,―,―,―,―,―,―
2026-03-28 18:37:34,230,―,―,―,―,―,―,―,―,―,―
2026-03-28 18:37:34,235,―,―,―,―,―,―,―,―,―,―
2026-03-28 18:37:34,240,―,―,―,―,―,―,―,―,―,―
2026-03-28 18:37:34,245,―,―,―,―,―,―,―,―,―,―
2026-03-28 18:37:34,250,―,―,―,―,―,―,―,―,―,―
2026-03-28 18:37:34,255,―,―,―,―,―,―,―,―,―,―
2026-03-28 18:37:34,260,―,―,―,―,―,―,―,―,―,―
2026-03-28 18:37:34,265,―,―,―,―,―,―,―,―,―,―
2026-03-28 18:37:34,270,―,―,―,―,―,―,―,―,―,―
2026-03-28 18:37:34,275,―,―,―,―,―,―,―,―,―,―
2026-03-28 18:37:34,280,―,―,―,―,―,―,―,―,―,―
2026-03-28 18:37:34,285,―,―,―,―,―,―,―,―,―,―
2026-03-28 18:37:34,290,―,―,―,―,―,―,―,―,―,―
2026-03-28 18:37:34,295,―,―,―,―,―,―,―,―,―,―
2026-03-28 18:37:34,300,―,―,―,―,―,―,―,―,―,―
2026-03-28 18:37:34,305,―,―,―,―,―,―,―,―,―,―
2026-03-28 18:37:34,310,―,―,―,―,―,―,―,―,―,―
2026-03-28 18:37:34,315,―,―,―,―,―,―,―,―,―,―
2026-03-28 18:37:34,320,―,―,―,―,―,―,―,―,―,―
2026-03-28 18:37:34,325,―,―,―,―,―,―,―,―,―,―
2026-03-28 18:37:34,330,―,―,―,―,―,―,―,―,―,―
2026-03-28 18:37:34,335,―,―,―,―,―,―,―,―,―,―
2026-03-28 18:37:34,340,―,―,―,―,―,―,―,―,―,―
2026-03-28 18:37:34,345,―,―,―,―,―,―,―,―,―,―
2026-03-28 18:37:34,350,―,―,―,―,―,―,―,―,―,―
2026-03-28 18:37:34,355,―,―,―,―,―,―,―,―,―,―
2026-03-28 18:37:49,155,―,―,―,―,―,―,―,―,―,―
2026-03-28 18:37:49,160,―,―,―,―,―,―,―,―,―,―
2026-03-28 18:37:49,165,―,―,―,―,―,―,―,―,―,―
2026-03-28 18:37:49,170,―,―,―,―,―,―,―,―,―,―
2026-03-28 18:37:49,175,―,―,―,―,―,―,―,―,―,―
2026-03-28 18:37:49,180,―,―,―,―,―,―,―,―,―,―
2026-03-28 18:37:49,185,―,―,―,―,―,―,―,―,―,―
2026-03-28 18:37:49,190,―,―,―,―,―,―,―,―,―,―
2026-03-28 18:37:49,195,―,―,―,―,―,―,―,―,―,―
2026-03-28 18:37:49,200,―,―,―,―,―,―,―,―,―,―
2026-03-28 18:37:49,205,―,―,―,―,―,―,―,―,―,―
2026-03-28 18:37:49,210,―,―,―,―,―,―,―,―,―,―
2026-03-28 18:37:49,215,―,―,―,―,―,―,―,―,―,―
2026-03-28 18:37:49,220,―,―,―,―,―,―,―,―,―,―
2026-03-28 18:37:49,225,―,―,―,―,―,―,―,―,―,―
2026-03-28 18:37:49,230,―,―,―,―,―,―,―,―,―,―
2026-03-28 18:37:49,235,―,―,―,―,―,―,―,―,―,―
2026-03-28 18:37:49,240,―,―,―,―,―,―,―,―,―,―
2026-03-28 18:37:49,245,―,―,―,―,―,―,―,―,―,―
2026-03-28 18:37:49,250,―,―,―,―,―,―,―,―,―,―
2026-03-28 18:37:49,255,―,―,―,―,―,―,―,―,―,―
2026-03-28 18:37:49,260,―,―,―,―,―,―,―,―,―,―
2026-03-28 18:37:49,265,―,―,―,―,―,―,―,―,―,―
2026-03-28 18:37:49,270,―,―,―,―,―,―,―,―,―,―
2026-03-28 18:37:49,275,―,―,―,―,―,―,―,―,―,―
2026-03-28 18:37:49,280,―,―,―,―,―,―,―,―,―,―
2026-03-28 18:37:49,285,―,―,―,―,―,―,―,―,―,―
2026-03-28 18:37:49,290,―,―,―,―,―,―,―,―,―,―
2026-03-28 18:37:49,295,―,―,―,―,―,―,―,―,―,―
2026-03-28 18:37:49,300,―,―,―,―,―,―,―,―,―,―
2026-03-28 18:37:49,305,―,―,―,―,―,―,―,―,―,―
2026-03-28 18:37:49,310,―,―,―,―,―,―,―,―,―,―
2026-03-28 18:37:49,315,―,―,―,―,―,―,―,―,―,―
2026-03-28 18:37:49,320,―,―,―,―,―,―,―,―,―,―
2026-03-28 18:37:49,325,―,―,―,―,―,―,―,―,―,―
2026-03-28 18:37:49,330,―,―,―,―,―,―,―,―,―,―
2026-03-28 18:37:49,335,―,―,―,―,―,―,―,―,―,―
2026-03-28 18:37:49,340,―,―,―,―,―,―,―,―,―,―
2026-03-28 18:37:49,345,―,―,―,―,―,―,―,―,―,―
2026-03-28 18:37:49,350,―,―,―,―,―,―,―,―,―,―
2026-03-28 18:37:49,355,―,―,―,―,―,―,―,―,―,―
2026-03-28 18:38:04,155,―,―,―,―,―,―,―,―,―,―
2026-03-28 18:38:04,160,―,―,―,―,―,―,―,―,―,―
2026-03-28 18:38:04,165,―,―,―,―,―,―,―,―,―,―
2026-03-28 18:38:04,170,―,―,―,―,―,―,―,―,―,―
2026-03-28 18:38:04,175,―,―,―,―,―,―,―,―,―,―
2026-03-28 18:38:04,180,―,―,―,―,―,―,―,―,―,―
2026-03-28 18:38:04,185,―,―,―,―,―,―,―,―,―,―
2026-03-28 18:38:04,190,―,―,―,―,―,―,―,―,―,―
2026-03-28 18:38:04,195,―,―,―,―,―,―,―,―,―,―
2026-03-28 18:38:04,200,―,―,―,―,―,―,―,―,―,―
2026-03-28 18:38:04,205,―,―,―,―,―,―,―,―,―,―
2026-03-28 18:38:04,210,―,―,―,―,―,―,―,―,―,―
2026-03-28 18:38:04,215,―,―,―,―,―,―,―,―,―,―
2026-03-28 18:38:04,220,―,―,―,―,―,―,―,―,―,―
2026-03-28 18:38:04,225,―,―,―,―,―,―,―,―,―,―
2026-03-28 18:38:04,230,―,―,―,―,―,―,―,―,―,―
2026-03-28 18:38:04,235,―,―,―,―,―,―,―,―,―,―
2026-03-28 18:38:04,240,―,―,―,―,―,―,―,―,―,―
2026-03-28 18:38:04,245,―,―,―,―,―,―,―,―,―,―
2026-03-28 18:38:04,250,―,―,―,―,―,―,―,―,―,―
2026-03-28 18:38:04,255,―,―,―,―,―,―,―,―,―,―
2026-03-28 18:38:04,260,―,―,―,―,―,―,―,―,―,―
2026-03-28 18:38:04,265,―,―,―,―,―,―,―,―,―,―
2026-03-28 18:38:04,270,―,―,―,―,―,―,―,―,―,―
2026-03-28 18:38:04,275,―,―,―,―,―,―,―,―,―,―
2026-03-28 18:38:04,280,―,―,―,―,―,―,―,―,―,―
2026-03-28 18:38:04,285,―,―,―,―,―,―,―,―,―,―
2026-03-28 18:38:04,290,―,―,―,―,―,―,―,―,―,―
2026-03-28 18:38:04,295,―,―,―,―,―,―,―,―,―,―
2026-03-28 18:38:04,300,―,―,―,―,―,―,―,―,―,―
2026-03-28 18:38:04,305,―,―,―,―,―,―,―,―,―,―
2026-03-28 18:38:04,310,―,―,―,―,―,―,―,―,―,―
2026-03-28 18:38:04,315,―,―,―,―,―,―,―,―,―,―
2026-03-28 18:38:04,320,―,―,―,―,―,―,―,―,―,―
2026-03-28 18:38:04,325,―,―,―,―,―,―,―,―,―,―
2026-03-28 18:38:04,330,―,―,―,―,―,―,―,―,―,―
2026-03-28 18:38:04,335,―,―,―,―,―,―,―,―,―,―
2026-03-28 18:38:04,340,―,―,―,―,―,―,―,―,―,―
2026-03-28 18:38:04,345,―,―,―,―,―,―,―,―,―,―
2026-03-28 18:38:04,350,―,―,―,―,―,―,―,―,―,―
2026-03-28 18:38:04,355,―,―,―,―,―,―,―,―,―,―
2026-03-28 18:38:19,155,―,―,―,―,―,―,―,―,―,―
2026-03-28 18:38:19,160,―,―,―,―,―,―,―,―,―,―
2026-03-28 18:38:19,165,―,―,―,―,―,―,―,―,―,―
2026-03-28 18:38:19,170,―,―,―,―,―,―,―,―,―,―
2026-03-28 18:38:19,175,―,―,―,―,―,―,―,―,―,―
2026-03-28 18:38:19,180,―,―,―,―,―,―,―,―,―,―
2026-03-28 18:38:19,185,―,―,―,―,―,―,―,―,―,―
2026-03-28 18:38:19,190,―,―,―,―,―,―,―,―,―,―
2026-03-28 18:38:19,195,―,―,―,―,―,―,―,―,―,―
2026-03-28 18:38:19,200,―,―,―,―,―,―,―,―,―,―
2026-03-28 18:38:19,205,―,―,―,―,―,―,―,―,―,―
2026-03-28 18:38:19,210,―,―,―,―,―,―,―,―,―,―
2026-03-28 18:38:19,215,―,―,―,―,―,―,―,―,―,―
2026-03-28 18:38:19,220,―,―,―,―,―,―,―,―,―,―
2026-03-28 18:38:19,225,―,―,―,―,―,―,―,―,―,―
2026-03-28 18:38:19,230,―,―,―,―,―,―,―,―,―,―
2026-03-28 18:38:19,235,―,―,―,―,―,―,―,―,―,―
2026-03-28 18:38:19,240,―,―,―,―,―,―,―,―,―,―
2026-03-28 18:38:19,245,―,―,―,―,―,―,―,―,―,―
2026-03-28 18:38:19,250,―,―,―,―,―,―,―,―,―,―
2026-03-28 18:38:19,255,―,―,―,―,―,―,―,―,―,―
2026-03-28 18:38:19,260,―,―,―,―,―,―,―,―,―,―
2026-03-28 18:38:19,265,―,―,―,―,―,―,―,―,―,―
2026-03-28 18:38:19,270,―,―,―,―,―,―,―,―,―,―
2026-03-28 18:38:19,275,―,―,―,―,―,―,―,―,―,―
2026-03-28 18:38:19,280,―,―,―,―,―,―,―,―,―,―
2026-03-28 18:38:19,285,―,―,―,―,―,―,―,―,―,―
2026-03-28 18:38:19,290,―,―,―,―,―,―,―,―,―,―
2026-03-28 18:38:19,295,―,―,―,―,―,―,―,―,―,―
2026-03-28 18:38:19,300,―,―,―,―,―,―,―,―,―,―
2026-03-28 18:38:19,305,―,―,―,―,―,―,―,―,―,―
2026-03-28 18:38:19,310,―,―,―,―,―,―,―,―,―,―
2026-03-28 18:38:19,315,―,―,―,―,―,―,―,―,―,―
2026-03-28 18:38:19,320,―,―,―,―,―,―,―,―,―,―
2026-03-28 18:38:19,325,―,―,―,―,―,―,―,―,―,―
2026-03-28 18:38:19,330,―,―,―,―,―,―,―,―,―,―
2026-03-28 18:38:19,335,―,―,―,―,―,―,―,―,―,―
2026-03-28 18:38:19,340,―,―,―,―,―,―,―,―,―,―
2026-03-28 18:38:19,345,―,―,―,―,―,―,―,―,―,―
2026-03-28 18:38:19,350,―,―,―,―,―,―,―,―,―,―
2026-03-28 18:38:19,355,―,―,―,―,―,―,―,―,―,―
2026-03-28 18:38:34,155,―,―,―,―,―,―,―,―,―,―
2026-03-28 18:38:34,160,―,―,―,―,―,―,―,―,―,―
2026-03-28 18:38:34,165,―,―,―,―,―,―,―,―,―,―
2026-03-28 18:38:34,170,―,―,―,―,―,―,―,―,―,―
2026-03-28 18:38:34,175,―,―,―,―,―,―,―,―,―,―
2026-03-28 18:38:34,180,―,―,―,―,―,―,―,―,―,―
2026-03-28 18:38:34,185,―,―,―,―,―,―,―,―,―,―
2026-03-28 18:38:34,190,―,―,―,―,―,―,―,―,―,―
2026-03-28 18:38:34,195,―,―,―,―,―,―,―,―,―,―
2026-03-28 18:38:34,200,―,―,―,―,―,―,―,―,―,―
2026-03-28 18:38:34,205,―,―,―,―,―,―,―,―,―,―
2026-03-28 18:38:34,210,―,―,―,―,―,―,―,―,―,―
2026-03-28 18:38:34,215,―,―,―,―,―,―,―,―,―,―
2026-03-28 18:38:34,220,―,―,―,―,―,―,―,―,―,―
2026-03-28 18:38:34,225,―,―,―,―,―,―,―,―,―,―
2026-03-28 18:38:34,230,―,―,―,―,―,―,―,―,―,―
2026-03-28 18:38:34,235,―,―,―,―,―,―,―,―,―,―
2026-03-28 18:38:34,240,―,―,―,―,―,―,―,―,―,―
2026-03-28 18:38:34,245,―,―,―,―,―,―,―,―,―,―
2026-03-28 18:38:34,250,―,―,―,―,―,―,―,―,―,―
2026-03-28 18:38:34,255,―,―,―,―,―,―,―,―,―,―
2026-03-28 18:38:34,260,―,―,―,―,―,―,―,―,―,―
2026-03-28 18:38:34,265,―,―,―,―,―,―,―,―,―,―
2026-03-28 18:38:34,270,―,―,―,―,―,―,―,―,―,―
2026-03-28 18:38:34,275,―,―,―,―,―,―,―,―,―,―
2026-03-28 18:38:34,280,―,―,―,―,―,―,―,―,―,―
2026-03-28 18:38:34,285,―,―,―,―,―,―,―,―,―,―
2026-03-28 18:38:34,290,―,―,―,―,―,―,―,―,―,―
2026-03-28 18:38:34,295,―,―,―,―,―,―,―,―,―,―
2026-03-28 18:38:34,300,―,―,―,―,―,―,―,―,―,―
2026-03-28 18:38:34,305,―,―,―,―,―,―,―,―,―,―
2026-03-28 18:38:34,310,―,―,―,―,―,―,―,―,―,―
2026-03-28 18:38:34,315,―,―,―,―,―,―,―,―,―,―
2026-03-28 18:38:34,320,―,―,―,―,―,―,―,―,―,―
2026-03-28 18:38:34,325,―,―,―,―,―,―,―,―,―,―
2026-03-28 18:38:34,330,―,―,―,―,―,―,―,―,―,―
2026-03-28 18:38:34,335,―,―,―,―,―,―,―,―,―,―
2026-03-28 18:38:34,340,―,―,―,―,―,―,―,―,―,―
2026-03-28 18:38:34,345,―,―,―,―,―,―,―,―,―,―
2026-03-28 18:38:34,350,―,―,―,―,―,―,―,―,―,―
2026-03-28 18:38:34,355,―,―,―,―,―,―,―,―,―,―
2026-03-28 18:38:49,155,―,―,―,―,―,―,―,―,―,―
2026-03-28 18:38:49,160,―,―,―,―,―,―,―,―,―,―
2026-03-28 18:38:49,165,―,―,―,―,―,―,―,―,―,―
2026-03-28 18:38:49,170,―,―,―,―,―,―,―,―,―,―
2026-03-28 18:38:49,175,―,―,―,―,―,―,―,―,―,―
2026-03-28 18:38:49,180,―,―,―,―,―,―,―,―,―,―
2026-03-28 18:38:49,185,―,―,―,―,―,―,―,―,―,―
2026-03-28 18:38:49,190,―,―,―,―,―,―,―,―,―,―
2026-03-28 18:38:49,195,―,―,―,―,―,―,―,―,―,―
2026-03-28 18:38:49,200,―,―,―,―,―,―,―,―,―,―
2026-03-28 18:38:49,205,―,―,―,―,―,―,―,―,―,―
2026-03-28 18:38:49,210,―,―,―,―,―,―,―,―,―,―
2026-03-28 18:38:49,215,―,―,―,―,―,―,―,―,―,―
2026-03-28 18:38:49,220,―,―,―,―,―,―,―,―,―,―
2026-03-28 18:38:49,225,―,―,―,―,―,―,―,―,―,―
2026-03-28 18:38:49,230,―,―,―,―,―,―,―,―,―,―
2026-03-28 18:38:49,235,―,―,―,―,―,―,―,―,―,―
2026-03-28 18:38:49,240,―,―,―,―,―,―,―,―,―,―
2026-03-28 18:38:49,245,―,―,―,―,―,―,―,―,―,―
2026-03-28 18:38:49,250,―,―,―,―,―,―,―,―,―,―
2026-03-28 18:38:49,255,―,―,―,―,―,―,―,―,―,―
2026-03-28 18:38:49,260,―,―,―,―,―,―,―,―,―,―
2026-03-28 18:38:49,265,―,―,―,―,―,―,―,―,―,―
2026-03-28 18:38:49,270,―,―,―,―,―,―,―,―,―,―
2026-03-28 18:38:49,275,―,―,―,―,―,―,―,―,―,―
2026-03-28 18:38:49,280,―,―,―,―,―,―,―,―,―,―
2026-03-28 18:38:49,285,―,―,―,―,―,―,―,―,―,―
2026-03-28 18:38:49,290,―,―,―,―,―,―,―,―,―,―
2026-03-28 18:38:49,295,―,―,―,―,―,―,―,―,―,―
2026-03-28 18:38:49,300,―,―,―,―,―,―,―,―,―,―
2026-03-28 18:38:49,305,―,―,―,―,―,―,―,―,―,―
2026-03-28 18:38:49,310,―,―,―,―,―,―,―,―,―,―
2026-03-28 18:38:49,315,―,―,―,―,―,―,―,―,―,―
2026-03-28 18:38:49,320,―,―,―,―,―,―,―,―,―,―
2026-03-28 18:38:49,325,―,―,―,―,―,―,―,―,―,―
2026-03-28 18:38:49,330,―,―,―,―,―,―,―,―,―,―
2026-03-28 18:38:49,335,―,―,―,―,―,―,―,―,―,―
2026-03-28 18:38:49,340,―,―,―,―,―,―,―,―,―,―
2026-03-28 18:38:49,345,―,―,―,―,―,―,―,―,―,―
2026-03-28 18:38:49,350,―,―,―,―,―,―,―,―,―,―
2026-03-28 18:38:49,355,―,―,―,―,―,―,―,―,―,―
2026-03-28 18:39:04,155,―,―,―,―,―,―,―,―,―,―
2026-03-28 18:39:04,160,―,―,―,―,―,―,―,―,―,―
2026-03-28 18:39:04,165,―,―,―,―,―,―,―,―,―,―
2026-03-28 18:39:04,170,―,―,―,―,―,―,―,―,―,―
2026-03-28 18:39:04,175,―,―,―,―,―,―,―,―,―,―
2026-03-28 18:39:04,180,―,―,―,―,―,―,―,―,―,―
2026-03-28 18:39:04,185,―,―,―,―,―,―,―,―,―,―
2026-03-28 18:39:04,190,―,―,―,―,―,―,―,―,―,―
2026-03-28 18:39:04,195,―,―,―,―,―,―,―,―,―,―
2026-03-28 18:39:04,200,―,―,―,―,―,―,―,―,―,―
2026-03-28 18:39:04,205,―,―,―,―,―,―,―,―,―,―
2026-03-28 18:39:04,210,―,―,―,―,―,―,―,―,―,―
2026-03-28 18:39:04,215,―,―,―,―,―,―,―,―,―,―
2026-03-28 18:39:04,220,―,―,―,―,―,―,―,―,―,―
2026-03-28 18:39:04,225,―,―,―,―,―,―,―,―,―,―
2026-03-28 18:39:04,230,―,―,―,―,―,―,―,―,―,―
2026-03-28 18:39:04,235,―,―,―,―,―,―,―,―,―,―
2026-03-28 18:39:04,240,―,―,―,―,―,―,―,―,―,―
2026-03-28 18:39:04,245,―,―,―,―,―,―,―,―,―,―
2026-03-28 18:39:04,250,―,―,―,―,―,―,―,―,―,―
2026-03-28 18:39:04,255,―,―,―,―,―,―,―,―,―,―
2026-03-28 18:39:04,260,―,―,―,―,―,―,―,―,―,―
2026-03-28 18:39:04,265,―,―,―,―,―,―,―,―,―,―
2026-03-28 18:39:04,270,―,―,―,―,―,―,―,―,―,―
2026-03-28 18:39:04,275,―,―,―,―,―,―,―,―,―,―
2026-03-28 18:39:04,280,―,―,―,―,―,―,―,―,―,―
2026-03-28 18:39:04,285,―,―,―,―,―,―,―,―,―,―
2026-03-28 18:39:04,290,―,―,―,―,―,―,―,―,―,―
2026-03-28 18:39:04,295,―,―,―,―,―,―,―,―,―,―
2026-03-28 18:39:04,300,―,―,―,―,―,―,―,―,―,―
2026-03-28 18:39:04,305,―,―,―,―,―,―,―,―,―,―
2026-03-28 18:39:04,310,―,―,―,―,―,―,―,―,―,―
2026-03-28 18:39:04,315,―,―,―,―,―,―,―,―,―,―
2026-03-28 18:39:04,320,―,―,―,―,―,―,―,―,―,―
2026-03-28 18:39:04,325,―,―,―,―,―,―,―,―,―,―
2026-03-28 18:39:04,330,―,―,―,―,―,―,―,―,―,―
2026-03-28 18:39:04,335,―,―,―,―,―,―,―,―,―,―
2026-03-28 18:39:04,340,―,―,―,―,―,―,―,―,―,―
2026-03-28 18:39:04,345,―,―,―,―,―,―,―,―,―,―
2026-03-28 18:39:04,350,―,―,―,―,―,―,―,―,―,―
2026-03-28 18:39:04,355,―,―,―,―,―,―,―,―,―,―
2026-03-28 18:39:19,155,―,―,―,―,―,―,―,―,―,―
2026-03-28 18:39:19,160,―,―,―,―,―,―,―,―,―,―
2026-03-28 18:39:19,165,―,―,―,―,―,―,―,―,―,―
2026-03-28 18:39:19,170,―,―,―,―,―,―,―,―,―,―
2026-03-28 18:39:19,175,―,―,―,―,―,―,―,―,―,―
2026-03-28 18:39:19,180,―,―,―,―,―,―,―,―,―,―
2026-03-28 18:39:19,185,―,―,―,―,―,―,―,―,―,―
2026-03-28 18:39:19,190,―,―,―,―,―,―,―,―,―,―
2026-03-28 18:39:19,195,―,―,―,―,―,―,―,―,―,―
2026-03-28 18:39:19,200,―,―,―,―,―,―,―,―,―,―
2026-03-28 18:39:19,205,―,―,―,―,―,―,―,―,―,―
2026-03-28 18:39:19,210,―,―,―,―,―,―,―,―,―,―
2026-03-28 18:39:19,215,―,―,―,―,―,―,―,―,―,―
2026-03-28 18:39:19,220,―,―,―,―,―,―,―,―,―,―
2026-03-28 18:39:19,225,―,―,―,―,―,―,―,―,―,―
2026-03-28 18:39:19,230,―,―,―,―,―,―,―,―,―,―
2026-03-28 18:39:19,235,―,―,―,―,―,―,―,―,―,―
2026-03-28 18:39:19,240,―,―,―,―,―,―,―,―,―,―
2026-03-28 18:39:19,245,―,―,―,―,―,―,―,―,―,―
2026-03-28 18:39:19,250,―,―,―,―,―,―,―,―,―,―
2026-03-28 18:39:19,255,―,―,―,―,―,―,―,―,―,―
2026-03-28 18:39:19,260,―,―,―,―,―,―,―,―,―,―
2026-03-28 18:39:19,265,―,―,―,―,―,―,―,―,―,―
2026-03-28 18:39:19,270,―,―,―,―,―,―,―,―,―,―
2026-03-28 18:39:19,275,―,―,―,―,―,―,―,―,―,―
2026-03-28 18:39:19,280,―,―,―,―,―,―,―,―,―,―
2026-03-28 18:39:19,285,―,―,―,―,―,―,―,―,―,―
2026-03-28 18:39:19,290,―,―,―,―,―,―,―,―,―,―
2026-03-28 18:39:19,295,―,―,―,―,―,―,―,―,―,―
2026-03-28 18:39:19,300,―,―,―,―,―,―,―,―,―,―
2026-03-28 18:39:19,305,―,―,―,―,―,―,―,―,―,―
2026-03-28 18:39:19,310,―,―,―,―,―,―,―,―,―,―
2026-03-28 18:39:19,315,―,―,―,―,―,―,―,―,―,―
2026-03-28 18:39:19,320,―,―,―,―,―,―,―,―,―,―
2026-03-28 18:39:19,325,―,―,―,―,―,―,―,―,―,―
2026-03-28 18:39:19,330,―,―,―,―,―,―,―,―,―,―
2026-03-28 18:39:19,335,―,―,―,―,―,―,―,―,―,―
2026-03-28 18:39:19,340,―,―,―,―,―,―,―,―,―,―
2026-03-28 18:39:19,345,―,―,―,―,―,―,―,―,―,―
2026-03-28 18:39:19,350,―,―,―,―,―,―,―,―,―,―
2026-03-28 18:39:19,355,―,―,―,―,―,―,―,―,―,―
2026-03-28 18:39:34,155,―,―,―,―,―,―,―,―,―,―
2026-03-28 18:39:34,160,―,―,―,―,―,―,―,―,―,―
2026-03-28 18:39:34,165,―,―,―,―,―,―,―,―,―,―
2026-03-28 18:39:34,170,―,―,―,―,―,―,―,―,―,―
2026-03-28 18:39:34,175,―,―,―,―,―,―,―,―,―,―
2026-03-28 18:39:34,180,―,―,―,―,―,―,―,―,―,―
2026-03-28 18:39:34,185,―,―,―,―,―,―,―,―,―,―
2026-03-28 18:39:34,190,―,―,―,―,―,―,―,―,―,―
2026-03-28 18:39:34,195,―,―,―,―,―,―,―,―,―,―
2026-03-28 18:39:34,200,―,―,―,―,―,―,―,―,―,―
2026-03-28 18:39:34,205,―,―,―,―,―,―,―,―,―,―
2026-03-28 18:39:34,210,―,―,―,―,―,―,―,―,―,―
2026-03-28 18:39:34,215,―,―,―,―,―,―,―,―,―,―
2026-03-28 18:39:34,220,―,―,―,―,―,―,―,―,―,―
2026-03-28 18:39:34,225,―,―,―,―,―,―,―,―,―,―
2026-03-28 18:39:34,230,―,―,―,―,―,―,―,―,―,―
2026-03-28 18:39:34,235,―,―,―,―,―,―,―,―,―,―
2026-03-28 18:39:34,240,―,―,―,―,―,―,―,―,―,―
2026-03-28 18:39:34,245,―,―,―,―,―,―,―,―,―,―
2026-03-28 18:39:34,250,―,―,―,―,―,―,―,―,―,―
2026-03-28 18:39:34,255,―,―,―,―,―,―,―,―,―,―
2026-03-28 18:39:34,260,―,―,―,―,―,―,―,―,―,―
2026-03-28 18:39:34,265,―,―,―,―,―,―,―,―,―,―
2026-03-28 18:39:34,270,―,―,―,―,―,―,―,―,―,―
2026-03-28 18:39:34,275,―,―,―,―,―,―,―,―,―,―
2026-03-28 18:39:34,280,―,―,―,―,―,―,―,―,―,―
2026-03-28 18:39:34,285,―,―,―,―,―,―,―,―,―,―
2026-03-28 18:39:34,290,―,―,―,―,―,―,―,―,―,―
2026-03-28 18:39:34,295,―,―,―,―,―,―,―,―,―,―
2026-03-28 18:39:34,300,―,―,―,―,―,―,―,―,―,―
2026-03-28 18:39:34,305,―,―,―,―,―,―,―,―,―,―
2026-03-28 18:39:34,310,―,―,―,―,―,―,―,―,―,―
2026-03-28 18:39:34,315,―,―,―,―,―,―,―,―,―,―
2026-03-28 18:39:34,320,―,―,―,―,―,―,―,―,―,―
2026-03-28 18:39:34,325,―,―,―,―,―,―,―,―,―,―
2026-03-28 18:39:34,330,―,―,―,―,―,―,―,―,―,―
2026-03-28 18:39:34,335,―,―,―,―,―,―,―,―,―,―
2026-03-28 18:39:34,340,―,―,―,―,―,―,―,―,―,―
2026-03-28 18:39:34,345,―,―,―,―,―,―,―,―,―,―
2026-03-28 18:39:34,350,―,―,―,―,―,―,―,―,―,―
2026-03-28 18:39:34,355,―,―,―,―,―,―,―,―,―,―
2026-03-28 18:39:49,155,―,―,―,―,―,―,―,―,―,―
2026-03-28 18:39:49,160,―,―,―,―,―,―,―,―,―,―
2026-03-28 18:39:49,165,―,―,―,―,―,―,―,―,―,―
2026-03-28 18:39:49,170,―,―,―,―,―,―,―,―,―,―
2026-03-28 18:39:49,175,―,―,―,―,―,―,―,―,―,―
2026-03-28 18:39:49,180,―,―,―,―,―,―,―,―,―,―
2026-03-28 18:39:49,185,―,―,―,―,―,―,―,―,―,―
2026-03-28 18:39:49,190,―,―,―,―,―,―,―,―,―,―
2026-03-28 18:39:49,195,―,―,―,―,―,―,―,―,―,―
2026-03-28 18:39:49,200,―,―,―,―,―,―,―,―,―,―
2026-03-28 18:39:49,205,―,―,―,―,―,―,―,―,―,―
2026-03-28 18:39:49,210,―,―,―,―,―,―,―,―,―,―
2026-03-28 18:39:49,215,―,―,―,―,―,―,―,―,―,―
2026-03-28 18:39:49,220,―,―,―,―,―,―,―,―,―,―
2026-03-28 18:39:49,225,―,―,―,―,―,―,―,―,―,―
2026-03-28 18:39:49,230,―,―,―,―,―,―,―,―,―,―
2026-03-28 18:39:49,235,―,―,―,―,―,―,―,―,―,―
2026-03-28 18:39:49,240,―,―,―,―,―,―,―,―,―,―
2026-03-28 18:39:49,245,―,―,―,―,―,―,―,―,―,―
2026-03-28 18:39:49,250,―,―,―,―,―,―,―,―,―,―
2026-03-28 18:39:49,255,―,―,―,―,―,―,―,―,―,―
2026-03-28 18:39:49,260,―,―,―,―,―,―,―,―,―,―
2026-03-28 18:39:49,265,―,―,―,―,―,―,―,―,―,―
2026-03-28 18:39:49,270,―,―,―,―,―,―,―,―,―,―
2026-03-28 18:39:49,275,―,―,―,―,―,―,―,―,―,―
2026-03-28 18:39:49,280,―,―,―,―,―,―,―,―,―,―
2026-03-28 18:39:49,285,―,―,―,―,―,―,―,―,―,―
2026-03-28 18:39:49,290,―,―,―,―,―,―,―,―,―,―
2026-03-28 18:39:49,295,―,―,―,―,―,―,―,―,―,―
2026-03-28 18:39:49,300,―,―,―,―,―,―,―,―,―,―
2026-03-28 18:39:49,305,―,―,―,―,―,―,―,―,―,―
2026-03-28 18:39:49,310,―,―,―,―,―,―,―,―,―,―
2026-03-28 18:39:49,315,―,―,―,―,―,―,―,―,―,―
2026-03-28 18:39:49,320,―,―,―,―,―,―,―,―,―,―
2026-03-28 18:39:49,325,―,―,―,―,―,―,―,―,―,―
2026-03-28 18:39:49,330,―,―,―,―,―,―,―,―,―,―
2026-03-28 18:39:49,335,―,―,―,―,―,―,―,―,―,―
2026-03-28 18:39:49,340,―,―,―,―,―,―,―,―,―,―
2026-03-28 18:39:49,345,―,―,―,―,―,―,―,―,―,―
2026-03-28 18:39:49,350,―,―,―,―,―,―,―,―,―,―
2026-03-28 18:39:49,355,―,―,―,―,―,―,―,―,―,―
2026-03-28 18:40:04,155,―,―,―,―,―,―,―,―,―,―
2026-03-28 18:40:04,160,―,―,―,―,―,―,―,―,―,―
2026-03-28 18:40:04,165,―,―,―,―,―,―,―,―,―,―
2026-03-28 18:40:04,170,―,―,―,―,―,―,―,―,―,―
2026-03-28 18:40:04,175,―,―,―,―,―,―,―,―,―,―
2026-03-28 18:40:04,180,―,―,―,―,―,―,―,―,―,―
2026-03-28 18:40:04,185,―,―,―,―,―,―,―,―,―,―
2026-03-28 18:40:04,190,―,―,―,―,―,―,―,―,―,―
2026-03-28 18:40:04,195,―,―,―,―,―,―,―,―,―,―
2026-03-28 18:40:04,200,―,―,―,―,―,―,―,―,―,―
2026-03-28 18:40:04,205,―,―,―,―,―,―,―,―,―,―
2026-03-28 18:40:04,210,―,―,―,―,―,―,―,―,―,―
2026-03-28 18:40:04,215,―,―,―,―,―,―,―,―,―,―
2026-03-28 18:40:04,220,―,―,―,―,―,―,―,―,―,―
2026-03-28 18:40:04,225,―,―,―,―,―,―,―,―,―,―
2026-03-28 18:40:04,230,―,―,―,―,―,―,―,―,―,―
2026-03-28 18:40:04,235,―,―,―,―,―,―,―,―,―,―
2026-03-28 18:40:04,240,―,―,―,―,―,―,―,―,―,―
2026-03-28 18:40:04,245,―,―,―,―,―,―,―,―,―,―
2026-03-28 18:40:04,250,―,―,―,―,―,―,―,―,―,―
2026-03-28 18:40:04,255,―,―,―,―,―,―,―,―,―,―
2026-03-28 18:40:04,260,―,―,―,―,―,―,―,―,―,―
2026-03-28 18:40:04,265,―,―,―,―,―,―,―,―,―,―
2026-03-28 18:40:04,270,―,―,―,―,―,―,―,―,―,―
2026-03-28 18:40:04,275,―,―,―,―,―,―,―,―,―,―
2026-03-28 18:40:04,280,―,―,―,―,―,―,―,―,―,―
2026-03-28 18:40:04,285,―,―,―,―,―,―,―,―,―,―
2026-03-28 18:40:04,290,―,―,―,―,―,―,―,―,―,―
2026-03-28 18:40:04,295,―,―,―,―,―,―,―,―,―,―
2026-03-28 18:40:04,300,―,―,―,―,―,―,―,―,―,―
2026-03-28 18:40:04,305,―,―,―,―,―,―,―,―,―,―
2026-03-28 18:40:04,310,―,―,―,―,―,―,―,―,―,―
2026-03-28 18:40:04,315,―,―,―,―,―,―,―,―,―,―
2026-03-28 18:40:04,320,―,―,―,―,―,―,―,―,―,―
2026-03-28 18:40:04,325,―,―,―,―,―,―,―,―,―,―
2026-03-28 18:40:04,330,―,―,―,―,―,―,―,―,―,―
2026-03-28 18:40:04,335,―,―,―,―,―,―,―,―,―,―
2026-03-28 18:40:04,340,―,―,―,―,―,―,―,―,―,―
2026-03-28 18:40:04,345,―,―,―,―,―,―,―,―,―,―
2026-03-28 18:40:04,350,―,―,―,―,―,―,―,―,―,―
2026-03-28 18:40:04,355,―,―,―,―,―,―,―,―,―,―
2026-03-28 18:40:19,155,―,―,―,―,―,―,―,―,―,―
2026-03-28 18:40:19,160,―,―,―,―,―,―,―,―,―,―
2026-03-28 18:40:19,165,―,―,―,―,―,―,―,―,―,―
2026-03-28 18:40:19,170,―,―,―,―,―,―,―,―,―,―
2026-03-28 18:40:19,175,―,―,―,―,―,―,―,―,―,―
2026-03-28 18:40:19,180,―,―,―,―,―,―,―,―,―,―
2026-03-28 18:40:19,185,―,―,―,―,―,―,―,―,―,―
2026-03-28 18:40:19,190,―,―,―,―,―,―,―,―,―,―
2026-03-28 18:40:19,195,―,―,―,―,―,―,―,―,―,―
2026-03-28 18:40:19,200,―,―,―,―,―,―,―,―,―,―
2026-03-28 18:40:19,205,―,―,―,―,―,―,―,―,―,―
2026-03-28 18:40:19,210,―,―,―,―,―,―,―,―,―,―
2026-03-28 18:40:19,215,―,―,―,―,―,―,―,―,―,―
2026-03-28 18:40:19,220,―,―,―,―,―,―,―,―,―,―
2026-03-28 18:40:19,225,―,―,―,―,―,―,―,―,―,―
2026-03-28 18:40:19,230,―,―,―,―,―,―,―,―,―,―
2026-03-28 18:40:19,235,―,―,―,―,―,―,―,―,―,―
2026-03-28 18:40:19,240,―,―,―,―,―,―,―,―,―,―
2026-03-28 18:40:19,245,―,―,―,―,―,―,―,―,―,―
2026-03-28 18:40:19,250,―,―,―,―,―,―,―,―,―,―
2026-03-28 18:40:19,255,―,―,―,―,―,―,―,―,―,―
2026-03-28 18:40:19,260,―,―,―,―,―,―,―,―,―,―
2026-03-28 18:40:19,265,―,―,―,―,―,―,―,―,―,―
2026-03-28 18:40:19,270,―,―,―,―,―,―,―,―,―,―
2026-03-28 18:40:19,275,―,―,―,―,―,―,―,―,―,―
2026-03-28 18:40:19,280,―,―,―,―,―,―,―,―,―,―
2026-03-28 18:40:19,285,―,―,―,―,―,―,―,―,―,―
2026-03-28 18:40:19,290,―,―,―,―,―,―,―,―,―,―
2026-03-28 18:40:19,295,―,―,―,―,―,―,―,―,―,―
2026-03-28 18:40:19,300,―,―,―,―,―,―,―,―,―,―
2026-03-28 18:40:19,305,―,―,―,―,―,―,―,―,―,―
2026-03-28 18:40:19,310,―,―,―,―,―,―,―,―,―,―
2026-03-28 18:40:19,315,―,―,―,―,―,―,―,―,―,―
2026-03-28 18:40:19,320,―,―,―,―,―,―,―,―,―,―
2026-03-28 18:40:19,325,―,―,―,―,―,―,―,―,―,―
2026-03-28 18:40:19,330,―,―,―,―,―,―,―,―,―,―
2026-03-28 18:40:19,335,―,―,―,―,―,―,―,―,―,―
2026-03-28 18:40:19,340,―,―,―,―,―,―,―,―,―,―
2026-03-28 18:40:19,345,―,―,―,―,―,―,―,―,―,―
2026-03-28 18:40:19,350,―,―,―,―,―,―,―,―,―,―
2026-03-28 18:40:19,355,―,―,―,―,―,―,―,―,―,―
2026-03-28 18:40:34,155,―,―,―,―,―,―,―,―,―,―
2026-03-28 18:40:34,160,―,―,―,―,―,―,―,―,―,―
2026-03-28 18:40:34,165,―,―,―,―,―,―,―,―,―,―
2026-03-28 18:40:34,170,―,―,―,―,―,―,―,―,―,―
2026-03-28 18:40:34,175,―,―,―,―,―,―,―,―,―,―
2026-03-28 18:40:34,180,―,―,―,―,―,―,―,―,―,―
2026-03-28 18:40:34,185,―,―,―,―,―,―,―,―,―,―
2026-03-28 18:40:34,190,―,―,―,―,―,―,―,―,―,―
2026-03-28 18:40:34,195,―,―,―,―,―,―,―,―,―,―
2026-03-28 18:40:34,200,―,―,―,―,―,―,―,―,―,―
2026-03-28 18:40:34,205,―,―,―,―,―,―,―,―,―,―
2026-03-28 18:40:34,210,―,―,―,―,―,―,―,―,―,―
2026-03-28 18:40:34,215,―,―,―,―,―,―,―,―,―,―
2026-03-28 18:40:34,220,―,―,―,―,―,―,―,―,―,―
2026-03-28 18:40:34,225,―,―,―,―,―,―,―,―,―,―
2026-03-28 18:40:34,230,―,―,―,―,―,―,―,―,―,―
2026-03-28 18:40:34,235,―,―,―,―,―,―,―,―,―,―
2026-03-28 18:40:34,240,―,―,―,―,―,―,―,―,―,―
2026-03-28 18:40:34,245,―,―,―,―,―,―,―,―,―,―
2026-03-28 18:40:34,250,―,―,―,―,―,―,―,―,―,―
2026-03-28 18:40:34,255,―,―,―,―,―,―,―,―,―,―
2026-03-28 18:40:34,260,―,―,―,―,―,―,―,―,―,―
2026-03-28 18:40:34,265,―,―,―,―,―,―,―,―,―,―
2026-03-28 18:40:34,270,―,―,―,―,―,―,―,―,―,―
2026-03-28 18:40:34,275,―,―,―,―,―,―,―,―,―,―
2026-03-28 18:40:34,280,―,―,―,―,―,―,―,―,―,―
2026-03-28 18:40:34,285,―,―,―,―,―,―,―,―,―,―
2026-03-28 18:40:34,290,―,―,―,―,―,―,―,―,―,―
2026-03-28 18:40:34,295,―,―,―,―,―,―,―,―,―,―
2026-03-28 18:40:34,300,―,―,―,―,―,―,―,―,―,―
2026-03-28 18:40:34,305,―,―,―,―,―,―,―,―,―,―
2026-03-28 18:40:34,310,―,―,―,―,―,―,―,―,―,―
2026-03-28 18:40:34,315,―,―,―,―,―,―,―,―,―,―
2026-03-28 18:40:34,320,―,―,―,―,―,―,―,―,―,―
2026-03-28 18:40:34,325,―,―,―,―,―,―,―,―,―,―
2026-03-28 18:40:34,330,―,―,―,―,―,―,―,―,―,―
2026-03-28 18:40:34,335,―,―,―,―,―,―,―,―,―,―
2026-03-28 18:40:34,340,―,―,―,―,―,―,―,―,―,―
2026-03-28 18:40:34,345,―,―,―,―,―,―,―,―,―,―
2026-03-28 18:40:34,350,―,―,―,―,―,―,―,―,―,―
2026-03-28 18:40:34,355,―,―,―,―,―,―,―,―,―,―
2026-03-28 18:40:49,155,―,―,―,―,―,―,―,―,―,―
2026-03-28 18:40:49,160,―,―,―,―,―,―,―,―,―,―
2026-03-28 18:40:49,165,―,―,―,―,―,―,―,―,―,―
2026-03-28 18:40:49,170,―,―,―,―,―,―,―,―,―,―
2026-03-28 18:40:49,175,―,―,―,―,―,―,―,―,―,―
2026-03-28 18:40:49,180,―,―,―,―,―,―,―,―,―,―
2026-03-28 18:40:49,185,―,―,―,―,―,―,―,―,―,―
2026-03-28 18:40:49,190,―,―,―,―,―,―,―,―,―,―
2026-03-28 18:40:49,195,―,―,―,―,―,―,―,―,―,―
2026-03-28 18:40:49,200,―,―,―,―,―,―,―,―,―,―
2026-03-28 18:40:49,205,―,―,―,―,―,―,―,―,―,―
2026-03-28 18:40:49,210,―,―,―,―,―,―,―,―,―,―
2026-03-28 18:40:49,215,―,―,―,―,―,―,―,―,―,―
2026-03-28 18:40:49,220,―,―,―,―,―,―,―,―,―,―
2026-03-28 18:40:49,225,―,―,―,―,―,―,―,―,―,―
2026-03-28 18:40:49,230,―,―,―,―,―,―,―,―,―,―
2026-03-28 18:40:49,235,―,―,―,―,―,―,―,―,―,―
2026-03-28 18:40:49,240,―,―,―,―,―,―,―,―,―,―
2026-03-28 18:40:49,245,―,―,―,―,―,―,―,―,―,―
2026-03-28 18:40:49,250,―,―,―,―,―,―,―,―,―,―
2026-03-28 18:40:49,255,―,―,―,―,―,―,―,―,―,―
2026-03-28 18:40:49,260,―,―,―,―,―,―,―,―,―,―
2026-03-28 18:40:49,265,―,―,―,―,―,―,―,―,―,―
2026-03-28 18:40:49,270,―,―,―,―,―,―,―,―,―,―
2026-03-28 18:40:49,275,―,―,―,―,―,―,―,―,―,―
2026-03-28 18:40:49,280,―,―,―,―,―,―,―,―,―,―
2026-03-28 18:40:49,285,―,―,―,―,―,―,―,―,―,―
2026-03-28 18:40:49,290,―,―,―,―,―,―,―,―,―,―
2026-03-28 18:40:49,295,―,―,―,―,―,―,―,―,―,―
2026-03-28 18:40:49,300,―,―,―,―,―,―,―,―,―,―
2026-03-28 18:40:49,305,―,―,―,―,―,―,―,―,―,―
2026-03-28 18:40:49,310,―,―,―,―,―,―,―,―,―,―
2026-03-28 18:40:49,315,―,―,―,―,―,―,―,―,―,―
2026-03-28 18:40:49,320,―,―,―,―,―,―,―,―,―,―
2026-03-28 18:40:49,325,―,―,―,―,―,―,―,―,―,―
2026-03-28 18:40:49,330,―,―,―,―,―,―,―,―,―,―
2026-03-28 18:40:49,335,―,―,―,―,―,―,―,―,―,―
2026-03-28 18:40:49,340,―,―,―,―,―,―,―,―,―,―
2026-03-28 18:40:49,345,―,―,―,―,―,―,―,―,―,―
2026-03-28 18:40:49,350,―,―,―,―,―,―,―,―,―,―
2026-03-28 18:40:49,355,―,―,―,―,―,―,―,―,―,―
2026-03-28 18:41:04,155,―,―,―,―,―,―,―,―,―,―
2026-03-28 18:41:04,160,―,―,―,―,―,―,―,―,―,―
2026-03-28 18:41:04,165,―,―,―,―,―,―,―,―,―,―
2026-03-28 18:41:04,170,―,―,―,―,―,―,―,―,―,―
2026-03-28 18:41:04,175,―,―,―,―,―,―,―,―,―,―
2026-03-28 18:41:04,180,―,―,―,―,―,―,―,―,―,―
2026-03-28 18:41:04,185,―,―,―,―,―,―,―,―,―,―
2026-03-28 18:41:04,190,―,―,―,―,―,―,―,―,―,―
2026-03-28 18:41:04,195,―,―,―,―,―,―,―,―,―,―
2026-03-28 18:41:04,200,―,―,―,―,―,―,―,―,―,―
2026-03-28 18:41:04,205,―,―,―,―,―,―,―,―,―,―
2026-03-28 18:41:04,210,―,―,―,―,―,―,―,―,―,―
2026-03-28 18:41:04,215,―,―,―,―,―,―,―,―,―,―
2026-03-28 18:41:04,220,―,―,―,―,―,―,―,―,―,―
2026-03-28 18:41:04,225,―,―,―,―,―,―,―,―,―,―
2026-03-28 18:41:04,230,―,―,―,―,―,―,―,―,―,―
2026-03-28 18:41:04,235,―,―,―,―,―,―,―,―,―,―
2026-03-28 18:41:04,240,―,―,―,―,―,―,―,―,―,―
2026-03-28 18:41:04,245,―,―,―,―,―,―,―,―,―,―
2026-03-28 18:41:04,250,―,―,―,―,―,―,―,―,―,―
2026-03-28 18:41:04,255,―,―,―,―,―,―,―,―,―,―
2026-03-28 18:41:04,260,―,―,―,―,―,―,―,―,―,―
2026-03-28 18:41:04,265,―,―,―,―,―,―,―,―,―,―
2026-03-28 18:41:04,270,―,―,―,―,―,―,―,―,―,―
2026-03-28 18:41:04,275,―,―,―,―,―,―,―,―,―,―
2026-03-28 18:41:04,280,―,―,―,―,―,―,―,―,―,―
2026-03-28 18:41:04,285,―,―,―,―,―,―,―,―,―,―
2026-03-28 18:41:04,290,―,―,―,―,―,―,―,―,―,―
2026-03-28 18:41:04,295,―,―,―,―,―,―,―,―,―,―
2026-03-28 18:41:04,300,―,―,―,―,―,―,―,―,―,―
2026-03-28 18:41:04,305,―,―,―,―,―,―,―,―,―,―
2026-03-28 18:41:04,310,―,―,―,―,―,―,―,―,―,―
2026-03-28 18:41:04,315,―,―,―,―,―,―,―,―,―,―
2026-03-28 18:41:04,320,―,―,―,―,―,―,―,―,―,―
2026-03-28 18:41:04,325,―,―,―,―,―,―,―,―,―,―
2026-03-28 18:41:04,330,―,―,―,―,―,―,―,―,―,―
2026-03-28 18:41:04,335,―,―,―,―,―,―,―,―,―,―
2026-03-28 18:41:04,340,―,―,―,―,―,―,―,―,―,―
2026-03-28 18:41:04,345,―,―,―,―,―,―,―,―,―,―
2026-03-28 18:41:04,350,―,―,―,―,―,―,―,―,―,―
2026-03-28 18:41:04,355,―,―,―,―,―,―,―,―,―,―
2026-03-28 18:41:19,155,―,―,―,―,―,―,―,―,―,―
2026-03-28 18:41:19,160,―,―,―,―,―,―,―,―,―,―
2026-03-28 18:41:19,165,―,―,―,―,―,―,―,―,―,―
2026-03-28 18:41:19,170,―,―,―,―,―,―,―,―,―,―
2026-03-28 18:41:19,175,―,―,―,―,―,―,―,―,―,―
2026-03-28 18:41:19,180,―,―,―,―,―,―,―,―,―,―
2026-03-28 18:41:19,185,―,―,―,―,―,―,―,―,―,―
2026-03-28 18:41:19,190,―,―,―,―,―,―,―,―,―,―
2026-03-28 18:41:19,195,―,―,―,―,―,―,―,―,―,―
2026-03-28 18:41:19,200,―,―,―,―,―,―,―,―,―,―
2026-03-28 18:41:19,205,―,―,―,―,―,―,―,―,―,―
2026-03-28 18:41:19,210,―,―,―,―,―,―,―,―,―,―
2026-03-28 18:41:19,215,―,―,―,―,―,―,―,―,―,―
2026-03-28 18:41:19,220,―,―,―,―,―,―,―,―,―,―
2026-03-28 18:41:19,225,―,―,―,―,―,―,―,―,―,―
2026-03-28 18:41:19,230,―,―,―,―,―,―,―,―,―,―
2026-03-28 18:41:19,235,―,―,―,―,―,―,―,―,―,―
2026-03-28 18:41:19,240,―,―,―,―,―,―,―,―,―,―
2026-03-28 18:41:19,245,―,―,―,―,―,―,―,―,―,―
2026-03-28 18:41:19,250,―,―,―,―,―,―,―,―,―,―
2026-03-28 18:41:19,255,―,―,―,―,―,―,―,―,―,―
2026-03-28 18:41:19,260,―,―,―,―,―,―,―,―,―,―
2026-03-28 18:41:19,265,―,―,―,―,―,―,―,―,―,―
2026-03-28 18:41:19,270,―,―,―,―,―,―,―,―,―,―
2026-03-28 18:41:19,275,―,―,―,―,―,―,―,―,―,―
2026-03-28 18:41:19,280,―,―,―,―,―,―,―,―,―,―
2026-03-28 18:41:19,285,―,―,―,―,―,―,―,―,―,―
2026-03-28 18:41:19,290,―,―,―,―,―,―,―,―,―,―
2026-03-28 18:41:19,295,―,―,―,―,―,―,―,―,―,―
2026-03-28 18:41:19,300,―,―,―,―,―,―,―,―,―,―
2026-03-28 18:41:19,305,―,―,―,―,―,―,―,―,―,―
2026-03-28 18:41:19,310,―,―,―,―,―,―,―,―,―,―
2026-03-28 18:41:19,315,―,―,―,―,―,―,―,―,―,―
2026-03-28 18:41:19,320,―,―,―,―,―,―,―,―,―,―
2026-03-28 18:41:19,325,―,―,―,―,―,―,―,―,―,―
2026-03-28 18:41:19,330,―,―,―,―,―,―,―,―,―,―
2026-03-28 18:41:19,335,―,―,―,―,―,―,―,―,―,―
2026-03-28 18:41:19,340,―,―,―,―,―,―,―,―,―,―
2026-03-28 18:41:19,345,―,―,―,―,―,―,―,―,―,―
2026-03-28 18:41:19,350,―,―,―,―,―,―,―,―,―,―
2026-03-28 18:41:19,355,―,―,―,―,―,―,―,―,―,―
2026-03-28 18:41:34,155,―,―,―,―,―,―,―,―,―,―
2026-03-28 18:41:34,160,―,―,―,―,―,―,―,―,―,―
2026-03-28 18:41:34,165,―,―,―,―,―,―,―,―,―,―
2026-03-28 18:41:34,170,―,―,―,―,―,―,―,―,―,―
2026-03-28 18:41:34,175,―,―,―,―,―,―,―,―,―,―
2026-03-28 18:41:34,180,―,―,―,―,―,―,―,―,―,―
2026-03-28 18:41:34,185,―,―,―,―,―,―,―,―,―,―
2026-03-28 18:41:34,190,―,―,―,―,―,―,―,―,―,―
2026-03-28 18:41:34,195,―,―,―,―,―,―,―,―,―,―
2026-03-28 18:41:34,200,―,―,―,―,―,―,―,―,―,―
2026-03-28 18:41:34,205,―,―,―,―,―,―,―,―,―,―
2026-03-28 18:41:34,210,―,―,―,―,―,―,―,―,―,―
2026-03-28 18:41:34,215,―,―,―,―,―,―,―,―,―,―
2026-03-28 18:41:34,220,―,―,―,―,―,―,―,―,―,―
2026-03-28 18:41:34,225,―,―,―,―,―,―,―,―,―,―
2026-03-28 18:41:34,230,―,―,―,―,―,―,―,―,―,―
2026-03-28 18:41:34,235,―,―,―,―,―,―,―,―,―,―
2026-03-28 18:41:34,240,―,―,―,―,―,―,―,―,―,―
2026-03-28 18:41:34,245,―,―,―,―,―,―,―,―,―,―
2026-03-28 18:41:34,250,―,―,―,―,―,―,―,―,―,―
2026-03-28 18:41:34,255,―,―,―,―,―,―,―,―,―,―
2026-03-28 18:41:34,260,―,―,―,―,―,―,―,―,―,―
2026-03-28 18:41:34,265,―,―,―,―,―,―,―,―,―,―
2026-03-28 18:41:34,270,―,―,―,―,―,―,―,―,―,―
2026-03-28 18:41:34,275,―,―,―,―,―,―,―,―,―,―
2026-03-28 18:41:34,280,―,―,―,―,―,―,―,―,―,―
2026-03-28 18:41:34,285,―,―,―,―,―,―,―,―,―,―
2026-03-28 18:41:34,290,―,―,―,―,―,―,―,―,―,―
2026-03-28 18:41:34,295,―,―,―,―,―,―,―,―,―,―
2026-03-28 18:41:34,300,―,―,―,―,―,―,―,―,―,―
2026-03-28 18:41:34,305,―,―,―,―,―,―,―,―,―,―
2026-03-28 18:41:34,310,―,―,―,―,―,―,―,―,―,―
2026-03-28 18:41:34,315,―,―,―,―,―,―,―,―,―,―
2026-03-28 18:41:34,320,―,―,―,―,―,―,―,―,―,―
2026-03-28 18:41:34,325,―,―,―,―,―,―,―,―,―,―
2026-03-28 18:41:34,330,―,―,―,―,―,―,―,―,―,―
2026-03-28 18:41:34,335,―,―,―,―,―,―,―,―,―,―
2026-03-28 18:41:34,340,―,―,―,―,―,―,―,―,―,―
2026-03-28 18:41:34,345,―,―,―,―,―,―,―,―,―,―
2026-03-28 18:41:34,350,―,―,―,―,―,―,―,―,―,―
2026-03-28 18:41:34,355,―,―,―,―,―,―,―,―,―,―
2026-03-28 18:41:49,155,―,―,―,―,―,―,―,―,―,―
2026-03-28 18:41:49,160,―,―,―,―,―,―,―,―,―,―
2026-03-28 18:41:49,165,―,―,―,―,―,―,―,―,―,―
2026-03-28 18:41:49,170,―,―,―,―,―,―,―,―,―,―
2026-03-28 18:41:49,175,―,―,―,―,―,―,―,―,―,―
2026-03-28 18:41:49,180,―,―,―,―,―,―,―,―,―,―
2026-03-28 18:41:49,185,―,―,―,―,―,―,―,―,―,―
2026-03-28 18:41:49,190,―,―,―,―,―,―,―,―,―,―
2026-03-28 18:41:49,195,―,―,―,―,―,―,―,―,―,―
2026-03-28 18:41:49,200,―,―,―,―,―,―,―,―,―,―
2026-03-28 18:41:49,205,―,―,―,―,―,―,―,―,―,―
2026-03-28 18:41:49,210,―,―,―,―,―,―,―,―,―,―
2026-03-28 18:41:49,215,―,―,―,―,―,―,―,―,―,―
2026-03-28 18:41:49,220,―,―,―,―,―,―,―,―,―,―
2026-03-28 18:41:49,225,―,―,―,―,―,―,―,―,―,―
2026-03-28 18:41:49,230,―,―,―,―,―,―,―,―,―,―
2026-03-28 18:41:49,235,―,―,―,―,―,―,―,―,―,―
2026-03-28 18:41:49,240,―,―,―,―,―,―,―,―,―,―
2026-03-28 18:41:49,245,―,―,―,―,―,―,―,―,―,―
2026-03-28 18:41:49,250,―,―,―,―,―,―,―,―,―,―
2026-03-28 18:41:49,255,―,―,―,―,―,―,―,―,―,―
2026-03-28 18:41:49,260,―,―,―,―,―,―,―,―,―,―
2026-03-28 18:41:49,265,―,―,―,―,―,―,―,―,―,―
2026-03-28 18:41:49,270,―,―,―,―,―,―,―,―,―,―
2026-03-28 18:41:49,275,―,―,―,―,―,―,―,―,―,―
2026-03-28 18:41:49,280,―,―,―,―,―,―,―,―,―,―
2026-03-28 18:41:49,285,―,―,―,―,―,―,―,―,―,―
2026-03-28 18:41:49,290,―,―,―,―,―,―,―,―,―,―
2026-03-28 18:41:49,295,―,―,―,―,―,―,―,―,―,―
2026-03-28 18:41:49,300,―,―,―,―,―,―,―,―,―,―
2026-03-28 18:41:49,305,―,―,―,―,―,―,―,―,―,―
2026-03-28 18:41:49,310,―,―,―,―,―,―,―,―,―,―
2026-03-28 18:41:49,315,―,―,―,―,―,―,―,―,―,―
2026-03-28 18:41:49,320,―,―,―,―,―,―,―,―,―,―
2026-03-28 18:41:49,325,―,―,―,―,―,―,―,―,―,―
2026-03-28 18:41:49,330,―,―,―,―,―,―,―,―,―,―
2026-03-28 18:41:49,335,―,―,―,―,―,―,―,―,―,―
2026-03-28 18:41:49,340,―,―,―,―,―,―,―,―,―,―
2026-03-28 18:41:49,345,―,―,―,―,―,―,―,―,―,―
2026-03-28 18:41:49,350,―,―,―,―,―,―,―,―,―,―
2026-03-28 18:41:49,355,―,―,―,―,―,―,―,―,―,―
2026-03-28 18:42:04,155,―,―,―,―,―,―,―,―,―,―
2026-03-28 18:42:04,160,―,―,―,―,―,―,―,―,―,―
2026-03-28 18:42:04,165,―,―,―,―,―,―,―,―,―,―
2026-03-28 18:42:04,170,―,―,―,―,―,―,―,―,―,―
2026-03-28 18:42:04,175,―,―,―,―,―,―,―,―,―,―
2026-03-28 18:42:04,180,―,―,―,―,―,―,―,―,―,―
2026-03-28 18:42:04,185,―,―,―,―,―,―,―,―,―,―
2026-03-28 18:42:04,190,―,―,―,―,―,―,―,―,―,―
2026-03-28 18:42:04,195,―,―,―,―,―,―,―,―,―,―
2026-03-28 18:42:04,200,―,―,―,―,―,―,―,―,―,―
2026-03-28 18:42:04,205,―,―,―,―,―,―,―,―,―,―
2026-03-28 18:42:04,210,―,―,―,―,―,―,―,―,―,―
2026-03-28 18:42:04,215,―,―,―,―,―,―,―,―,―,―
2026-03-28 18:42:04,220,―,―,―,―,―,―,―,―,―,―
2026-03-28 18:42:04,225,―,―,―,―,―,―,―,―,―,―
2026-03-28 18:42:04,230,―,―,―,―,―,―,―,―,―,―
2026-03-28 18:42:04,235,―,―,―,―,―,―,―,―,―,―
2026-03-28 18:42:04,240,―,―,―,―,―,―,―,―,―,―
2026-03-28 18:42:04,245,―,―,―,―,―,―,―,―,―,―
2026-03-28 18:42:04,250,―,―,―,―,―,―,―,―,―,―
2026-03-28 18:42:04,255,―,―,―,―,―,―,―,―,―,―
2026-03-28 18:42:04,260,―,―,―,―,―,―,―,―,―,―
2026-03-28 18:42:04,265,―,―,―,―,―,―,―,―,―,―
2026-03-28 18:42:04,270,―,―,―,―,―,―,―,―,―,―
2026-03-28 18:42:04,275,―,―,―,―,―,―,―,―,―,―
2026-03-28 18:42:04,280,―,―,―,―,―,―,―,―,―,―
2026-03-28 18:42:04,285,―,―,―,―,―,―,―,―,―,―
2026-03-28 18:42:04,290,―,―,―,―,―,―,―,―,―,―
2026-03-28 18:42:04,295,―,―,―,―,―,―,―,―,―,―
2026-03-28 18:42:04,300,―,―,―,―,―,―,―,―,―,―
2026-03-28 18:42:04,305,―,―,―,―,―,―,―,―,―,―
2026-03-28 18:42:04,310,―,―,―,―,―,―,―,―,―,―
2026-03-28 18:42:04,315,―,―,―,―,―,―,―,―,―,―
2026-03-28 18:42:04,320,―,―,―,―,―,―,―,―,―,―
2026-03-28 18:42:04,325,―,―,―,―,―,―,―,―,―,―
2026-03-28 18:42:04,330,―,―,―,―,―,―,―,―,―,―
2026-03-28 18:42:04,335,―,―,―,―,―,―,―,―,―,―
2026-03-28 18:42:04,340,―,―,―,―,―,―,―,―,―,―
2026-03-28 18:42:04,345,―,―,―,―,―,―,―,―,―,―
2026-03-28 18:42:04,350,―,―,―,―,―,―,―,―,―,―
2026-03-28 18:42:04,355,―,―,―,―,―,―,―,―,―,―
2026-03-28 18:42:19,155,―,―,―,―,―,―,―,―,―,―
2026-03-28 18:42:19,160,―,―,―,―,―,―,―,―,―,―
2026-03-28 18:42:19,165,―,―,―,―,―,―,―,―,―,―
2026-03-28 18:42:19,170,―,―,―,―,―,―,―,―,―,―
2026-03-28 18:42:19,175,―,―,―,―,―,―,―,―,―,―
2026-03-28 18:42:19,180,―,―,―,―,―,―,―,―,―,―
2026-03-28 18:42:19,185,―,―,―,―,―,―,―,―,―,―
2026-03-28 18:42:19,190,―,―,―,―,―,―,―,―,―,―
2026-03-28 18:42:19,195,―,―,―,―,―,―,―,―,―,―
2026-03-28 18:42:19,200,―,―,―,―,―,―,―,―,―,―
2026-03-28 18:42:19,205,―,―,―,―,―,―,―,―,―,―
2026-03-28 18:42:19,210,―,―,―,―,―,―,―,―,―,―
2026-03-28 18:42:19,215,―,―,―,―,―,―,―,―,―,―
2026-03-28 18:42:19,220,―,―,―,―,―,―,―,―,―,―
2026-03-28 18:42:19,225,―,―,―,―,―,―,―,―,―,―
2026-03-28 18:42:19,230,―,―,―,―,―,―,―,―,―,―
2026-03-28 18:42:19,235,―,―,―,―,―,―,―,―,―,―
2026-03-28 18:42:19,240,―,―,―,―,―,―,―,―,―,―
2026-03-28 18:42:19,245,―,―,―,―,―,―,―,―,―,―
2026-03-28 18:42:19,250,―,―,―,―,―,―,―,―,―,―
2026-03-28 18:42:19,255,―,―,―,―,―,―,―,―,―,―
2026-03-28 18:42:19,260,―,―,―,―,―,―,―,―,―,―
2026-03-28 18:42:19,265,―,―,―,―,―,―,―,―,―,―
2026-03-28 18:42:19,270,―,―,―,―,―,―,―,―,―,―
2026-03-28 18:42:19,275,―,―,―,―,―,―,―,―,―,―
2026-03-28 18:42:19,280,―,―,―,―,―,―,―,―,―,―
2026-03-28 18:42:19,285,―,―,―,―,―,―,―,―,―,―
2026-03-28 18:42:19,290,―,―,―,―,―,―,―,―,―,―
2026-03-28 18:42:19,295,―,―,―,―,―,―,―,―,―,―
2026-03-28 18:42:19,300,―,―,―,―,―,―,―,―,―,―
2026-03-28 18:42:19,305,―,―,―,―,―,―,―,―,―,―
2026-03-28 18:42:19,310,―,―,―,―,―,―,―,―,―,―
2026-03-28 18:42:19,315,―,―,―,―,―,―,―,―,―,―
2026-03-28 18:42:19,320,―,―,―,―,―,―,―,―,―,―
2026-03-28 18:42:19,325,―,―,―,―,―,―,―,―,―,―
2026-03-28 18:42:19,330,―,―,―,―,―,―,―,―,―,―
2026-03-28 18:42:19,335,―,―,―,―,―,―,―,―,―,―
2026-03-28 18:42:19,340,―,―,―,―,―,―,―,―,―,―
2026-03-28 18:42:19,345,―,―,―,―,―,―,―,―,―,―
2026-03-28 18:42:19,350,―,―,―,―,―,―,―,―,―,―
2026-03-28 18:42:19,355,―,―,―,―,―,―,―,―,―,―
2026-03-28 18:42:34,155,―,―,―,―,―,―,―,―,―,―
2026-03-28 18:42:34,160,―,―,―,―,―,―,―,―,―,―
2026-03-28 18:42:34,165,―,―,―,―,―,―,―,―,―,―
2026-03-28 18:42:34,170,―,―,―,―,―,―,―,―,―,―
2026-03-28 18:42:34,175,―,―,―,―,―,―,―,―,―,―
2026-03-28 18:42:34,180,―,―,―,―,―,―,―,―,―,―
2026-03-28 18:42:34,185,―,―,―,―,―,―,―,―,―,―
2026-03-28 18:42:34,190,―,―,―,―,―,―,―,―,―,―
2026-03-28 18:42:34,195,―,―,―,―,―,―,―,―,―,―
2026-03-28 18:42:34,200,―,―,―,―,―,―,―,―,―,―
2026-03-28 18:42:34,205,―,―,―,―,―,―,―,―,―,―
2026-03-28 18:42:34,210,―,―,―,―,―,―,―,―,―,―
2026-03-28 18:42:34,215,―,―,―,―,―,―,―,―,―,―
2026-03-28 18:42:34,220,―,―,―,―,―,―,―,―,―,―
2026-03-28 18:42:34,225,―,―,―,―,―,―,―,―,―,―
2026-03-28 18:42:34,230,―,―,―,―,―,―,―,―,―,―
2026-03-28 18:42:34,235,―,―,―,―,―,―,―,―,―,―
2026-03-28 18:42:34,240,―,―,―,―,―,―,―,―,―,―
2026-03-28 18:42:34,245,―,―,―,―,―,―,―,―,―,―
2026-03-28 18:42:34,250,―,―,―,―,―,―,―,―,―,―
2026-03-28 18:42:34,255,―,―,―,―,―,―,―,―,―,―
2026-03-28 18:42:34,260,―,―,―,―,―,―,―,―,―,―
2026-03-28 18:42:34,265,―,―,―,―,―,―,―,―,―,―
2026-03-28 18:42:34,270,―,―,―,―,―,―,―,―,―,―
2026-03-28 18:42:34,275,―,―,―,―,―,―,―,―,―,―
2026-03-28 18:42:34,280,―,―,―,―,―,―,―,―,―,―
2026-03-28 18:42:34,285,―,―,―,―,―,―,―,―,―,―
2026-03-28 18:42:34,290,―,―,―,―,―,―,―,―,―,―
2026-03-28 18:42:34,295,―,―,―,―,―,―,―,―,―,―
2026-03-28 18:42:34,300,―,―,―,―,―,―,―,―,―,―
2026-03-28 18:42:34,305,―,―,―,―,―,―,―,―,―,―
2026-03-28 18:42:34,310,―,―,―,―,―,―,―,―,―,―
2026-03-28 18:42:34,315,―,―,―,―,―,―,―,―,―,―
2026-03-28 18:42:34,320,―,―,―,―,―,―,―,―,―,―
2026-03-28 18:42:34,325,―,―,―,―,―,―,―,―,―,―
2026-03-28 18:42:34,330,―,―,―,―,―,―,―,―,―,―
2026-03-28 18:42:34,335,―,―,―,―,―,―,―,―,―,―
2026-03-28 18:42:34,340,―,―,―,―,―,―,―,―,―,―
2026-03-28 18:42:34,345,―,―,―,―,―,―,―,―,―,―
2026-03-28 18:42:34,350,―,―,―,―,―,―,―,―,―,―
2026-03-28 18:42:34,355,―,―,―,―,―,―,―,―,―,―
2026-03-28 18:42:49,155,―,―,―,―,―,―,―,―,―,―
2026-03-28 18:42:49,160,―,―,―,―,―,―,―,―,―,―
2026-03-28 18:42:49,165,―,―,―,―,―,―,―,―,―,―
2026-03-28 18:42:49,170,―,―,―,―,―,―,―,―,―,―
2026-03-28 18:42:49,175,―,―,―,―,―,―,―,―,―,―
2026-03-28 18:42:49,180,―,―,―,―,―,―,―,―,―,―
2026-03-28 18:42:49,185,―,―,―,―,―,―,―,―,―,―
2026-03-28 18:42:49,190,―,―,―,―,―,―,―,―,―,―
2026-03-28 18:42:49,195,―,―,―,―,―,―,―,―,―,―
2026-03-28 18:42:49,200,―,―,―,―,―,―,―,―,―,―
2026-03-28 18:42:49,205,―,―,―,―,―,―,―,―,―,―
2026-03-28 18:42:49,210,―,―,―,―,―,―,―,―,―,―
2026-03-28 18:42:49,215,―,―,―,―,―,―,―,―,―,―
2026-03-28 18:42:49,220,―,―,―,―,―,―,―,―,―,―
2026-03-28 18:42:49,225,―,―,―,―,―,―,―,―,―,―
2026-03-28 18:42:49,230,―,―,―,―,―,―,―,―,―,―
2026-03-28 18:42:49,235,―,―,―,―,―,―,―,―,―,―
2026-03-28 18:42:49,240,―,―,―,―,―,―,―,―,―,―
2026-03-28 18:42:49,245,―,―,―,―,―,―,―,―,―,―
2026-03-28 18:42:49,250,―,―,―,―,―,―,―,―,―,―
2026-03-28 18:42:49,255,―,―,―,―,―,―,―,―,―,―
2026-03-28 18:42:49,260,―,―,―,―,―,―,―,―,―,―
2026-03-28 18:42:49,265,―,―,―,―,―,―,―,―,―,―
2026-03-28 18:42:49,270,―,―,―,―,―,―,―,―,―,―
2026-03-28 18:42:49,275,―,―,―,―,―,―,―,―,―,―
2026-03-28 18:42:49,280,―,―,―,―,―,―,―,―,―,―
2026-03-28 18:42:49,285,―,―,―,―,―,―,―,―,―,―
2026-03-28 18:42:49,290,―,―,―,―,―,―,―,―,―,―
2026-03-28 18:42:49,295,―,―,―,―,―,―,―,―,―,―
2026-03-28 18:42:49,300,―,―,―,―,―,―,―,―,―,―
2026-03-28 18:42:49,305,―,―,―,―,―,―,―,―,―,―
2026-03-28 18:42:49,310,―,―,―,―,―,―,―,―,―,―
2026-03-28 18:42:49,315,―,―,―,―,―,―,―,―,―,―
2026-03-28 18:42:49,320,―,―,―,―,―,―,―,―,―,―
2026-03-28 18:42:49,325,―,―,―,―,―,―,―,―,―,―
2026-03-28 18:42:49,330,―,―,―,―,―,―,―,―,―,―
2026-03-28 18:42:49,335,―,―,―,―,―,―,―,―,―,―
2026-03-28 18:42:49,340,―,―,―,―,―,―,―,―,―,―
2026-03-28 18:42:49,345,―,―,―,―,―,―,―,―,―,―
2026-03-28 18:42:49,350,―,―,―,―,―,―,―,―,―,―
2026-03-28 18:42:49,355,―,―,―,―,―,―,―,―,―,―
2026-03-28 18:43:04,155,―,―,―,―,―,―,―,―,―,―
2026-03-28 18:43:04,160,―,―,―,―,―,―,―,―,―,―
2026-03-28 18:43:04,165,―,―,―,―,―,―,―,―,―,―
2026-03-28 18:43:04,170,―,―,―,―,―,―,―,―,―,―
2026-03-28 18:43:04,175,―,―,―,―,―,―,―,―,―,―
2026-03-28 18:43:04,180,―,―,―,―,―,―,―,―,―,―
2026-03-28 18:43:04,185,―,―,―,―,―,―,―,―,―,―
2026-03-28 18:43:04,190,―,―,―,―,―,―,―,―,―,―
2026-03-28 18:43:04,195,―,―,―,―,―,―,―,―,―,―
2026-03-28 18:43:04,200,―,―,―,―,―,―,―,―,―,―
2026-03-28 18:43:04,205,―,―,―,―,―,―,―,―,―,―
2026-03-28 18:43:04,210,―,―,―,―,―,―,―,―,―,―
2026-03-28 18:43:04,215,―,―,―,―,―,―,―,―,―,―
2026-03-28 18:43:04,220,―,―,―,―,―,―,―,―,―,―
2026-03-28 18:43:04,225,―,―,―,―,―,―,―,―,―,―
2026-03-28 18:43:04,230,―,―,―,―,―,―,―,―,―,―
2026-03-28 18:43:04,235,―,―,―,―,―,―,―,―,―,―
2026-03-28 18:43:04,240,―,―,―,―,―,―,―,―,―,―
2026-03-28 18:43:04,245,―,―,―,―,―,―,―,―,―,―
2026-03-28 18:43:04,250,―,―,―,―,―,―,―,―,―,―
2026-03-28 18:43:04,255,―,―,―,―,―,―,―,―,―,―
2026-03-28 18:43:04,260,―,―,―,―,―,―,―,―,―,―
2026-03-28 18:43:04,265,―,―,―,―,―,―,―,―,―,―
2026-03-28 18:43:04,270,―,―,―,―,―,―,―,―,―,―
2026-03-28 18:43:04,275,―,―,―,―,―,―,―,―,―,―
2026-03-28 18:43:04,280,―,―,―,―,―,―,―,―,―,―
2026-03-28 18:43:04,285,―,―,―,―,―,―,―,―,―,―
2026-03-28 18:43:04,290,―,―,―,―,―,―,―,―,―,―
2026-03-28 18:43:04,295,―,―,―,―,―,―,―,―,―,―
2026-03-28 18:43:04,300,―,―,―,―,―,―,―,―,―,―
2026-03-28 18:43:04,305,―,―,―,―,―,―,―,―,―,―
2026-03-28 18:43:04,310,―,―,―,―,―,―,―,―,―,―
2026-03-28 18:43:04,315,―,―,―,―,―,―,―,―,―,―
2026-03-28 18:43:04,320,―,―,―,―,―,―,―,―,―,―
2026-03-28 18:43:04,325,―,―,―,―,―,―,―,―,―,―
2026-03-28 18:43:04,330,―,―,―,―,―,―,―,―,―,―
2026-03-28 18:43:04,335,―,―,―,―,―,―,―,―,―,―
2026-03-28 18:43:04,340,―,―,―,―,―,―,―,―,―,―
2026-03-28 18:43:04,345,―,―,―,―,―,―,―,―,―,―
2026-03-28 18:43:04,350,―,―,―,―,―,―,―,―,―,―
2026-03-28 18:43:04,355,―,―,―,―,―,―,―,―,―,―
2026-03-28 18:43:19,155,―,―,―,―,―,―,―,―,―,―
2026-03-28 18:43:19,160,―,―,―,―,―,―,―,―,―,―
2026-03-28 18:43:19,165,―,―,―,―,―,―,―,―,―,―
2026-03-28 18:43:19,170,―,―,―,―,―,―,―,―,―,―
2026-03-28 18:43:19,175,―,―,―,―,―,―,―,―,―,―
2026-03-28 18:43:19,180,―,―,―,―,―,―,―,―,―,―
2026-03-28 18:43:19,185,―,―,―,―,―,―,―,―,―,―
2026-03-28 18:43:19,190,―,―,―,―,―,―,―,―,―,―
2026-03-28 18:43:19,195,―,―,―,―,―,―,―,―,―,―
2026-03-28 18:43:19,200,―,―,―,―,―,―,―,―,―,―
2026-03-28 18:43:19,205,―,―,―,―,―,―,―,―,―,―
2026-03-28 18:43:19,210,―,―,―,―,―,―,―,―,―,―
2026-03-28 18:43:19,215,―,―,―,―,―,―,―,―,―,―
2026-03-28 18:43:19,220,―,―,―,―,―,―,―,―,―,―
2026-03-28 18:43:19,225,―,―,―,―,―,―,―,―,―,―
2026-03-28 18:43:19,230,―,―,―,―,―,―,―,―,―,―
2026-03-28 18:43:19,235,―,―,―,―,―,―,―,―,―,―
2026-03-28 18:43:19,240,―,―,―,―,―,―,―,―,―,―
2026-03-28 18:43:19,245,―,―,―,―,―,―,―,―,―,―
2026-03-28 18:43:19,250,―,―,―,―,―,―,―,―,―,―
2026-03-28 18:43:19,255,―,―,―,―,―,―,―,―,―,―
2026-03-28 18:43:19,260,―,―,―,―,―,―,―,―,―,―
2026-03-28 18:43:19,265,―,―,―,―,―,―,―,―,―,―
2026-03-28 18:43:19,270,―,―,―,―,―,―,―,―,―,―
2026-03-28 18:43:19,275,―,―,―,―,―,―,―,―,―,―
2026-03-28 18:43:19,280,―,―,―,―,―,―,―,―,―,―
2026-03-28 18:43:19,285,―,―,―,―,―,―,―,―,―,―
2026-03-28 18:43:19,290,―,―,―,―,―,―,―,―,―,―
2026-03-28 18:43:19,295,―,―,―,―,―,―,―,―,―,―
2026-03-28 18:43:19,300,―,―,―,―,―,―,―,―,―,―
2026-03-28 18:43:19,305,―,―,―,―,―,―,―,―,―,―
2026-03-28 18:43:19,310,―,―,―,―,―,―,―,―,―,―
2026-03-28 18:43:19,315,―,―,―,―,―,―,―,―,―,―
2026-03-28 18:43:19,320,―,―,―,―,―,―,―,―,―,―
2026-03-28 18:43:19,325,―,―,―,―,―,―,―,―,―,―
2026-03-28 18:43:19,330,―,―,―,―,―,―,―,―,―,―
2026-03-28 18:43:19,335,―,―,―,―,―,―,―,―,―,―
2026-03-28 18:43:19,340,―,―,―,―,―,―,―,―,―,―
2026-03-28 18:43:19,345,―,―,―,―,―,―,―,―,―,―
2026-03-28 18:43:19,350,―,―,―,―,―,―,―,―,―,―
2026-03-28 18:43:19,355,―,―,―,―,―,―,―,―,―,―
2026-03-28 18:43:34,155,―,―,―,―,―,―,―,―,―,―
2026-03-28 18:43:34,160,―,―,―,―,―,―,―,―,―,―
2026-03-28 18:43:34,165,―,―,―,―,―,―,―,―,―,―
2026-03-28 18:43:34,170,―,―,―,―,―,―,―,―,―,―
2026-03-28 18:43:34,175,―,―,―,―,―,―,―,―,―,―
2026-03-28 18:43:34,180,―,―,―,―,―,―,―,―,―,―
2026-03-28 18:43:34,185,―,―,―,―,―,―,―,―,―,―
2026-03-28 18:43:34,190,―,―,―,―,―,―,―,―,―,―
2026-03-28 18:43:34,195,―,―,―,―,―,―,―,―,―,―
2026-03-28 18:43:34,200,―,―,―,―,―,―,―,―,―,―
2026-03-28 18:43:34,205,―,―,―,―,―,―,―,―,―,―
2026-03-28 18:43:34,210,―,―,―,―,―,―,―,―,―,―
2026-03-28 18:43:34,215,―,―,―,―,―,―,―,―,―,―
2026-03-28 18:43:34,220,―,―,―,―,―,―,―,―,―,―
2026-03-28 18:43:34,225,―,―,―,―,―,―,―,―,―,―
2026-03-28 18:43:34,230,―,―,―,―,―,―,―,―,―,―
2026-03-28 18:43:34,235,―,―,―,―,―,―,―,―,―,―
2026-03-28 18:43:34,240,―,―,―,―,―,―,―,―,―,―
2026-03-28 18:43:34,245,―,―,―,―,―,―,―,―,―,―
2026-03-28 18:43:34,250,―,―,―,―,―,―,―,―,―,―
2026-03-28 18:43:34,255,―,―,―,―,―,―,―,―,―,―
2026-03-28 18:43:34,260,―,―,―,―,―,―,―,―,―,―
2026-03-28 18:43:34,265,―,―,―,―,―,―,―,―,―,―
2026-03-28 18:43:34,270,―,―,―,―,―,―,―,―,―,―
2026-03-28 18:43:34,275,―,―,―,―,―,―,―,―,―,―
2026-03-28 18:43:34,280,―,―,―,―,―,―,―,―,―,―
2026-03-28 18:43:34,285,―,―,―,―,―,―,―,―,―,―
2026-03-28 18:43:34,290,―,―,―,―,―,―,―,―,―,―
2026-03-28 18:43:34,295,―,―,―,―,―,―,―,―,―,―
2026-03-28 18:43:34,300,―,―,―,―,―,―,―,―,―,―
2026-03-28 18:43:34,305,―,―,―,―,―,―,―,―,―,―
2026-03-28 18:43:34,310,―,―,―,―,―,―,―,―,―,―
2026-03-28 18:43:34,315,―,―,―,―,―,―,―,―,―,―
2026-03-28 18:43:34,320,―,―,―,―,―,―,―,―,―,―
2026-03-28 18:43:34,325,―,―,―,―,―,―,―,―,―,―
2026-03-28 18:43:34,330,―,―,―,―,―,―,―,―,―,―
2026-03-28 18:43:34,335,―,―,―,―,―,―,―,―,―,―
2026-03-28 18:43:34,340,―,―,―,―,―,―,―,―,―,―
2026-03-28 18:43:34,345,―,―,―,―,―,―,―,―,―,―
2026-03-28 18:43:34,350,―,―,―,―,―,―,―,―,―,―
2026-03-28 18:43:34,355,―,―,―,―,―,―,―,―,―,―
2026-03-28 18:43:49,155,―,―,―,―,―,―,―,―,―,―
2026-03-28 18:43:49,160,―,―,―,―,―,―,―,―,―,―
2026-03-28 18:43:49,165,―,―,―,―,―,―,―,―,―,―
2026-03-28 18:43:49,170,―,―,―,―,―,―,―,―,―,―
2026-03-28 18:43:49,175,―,―,―,―,―,―,―,―,―,―
2026-03-28 18:43:49,180,―,―,―,―,―,―,―,―,―,―
2026-03-28 18:43:49,185,―,―,―,―,―,―,―,―,―,―
2026-03-28 18:43:49,190,―,―,―,―,―,―,―,―,―,―
2026-03-28 18:43:49,195,―,―,―,―,―,―,―,―,―,―
2026-03-28 18:43:49,200,―,―,―,―,―,―,―,―,―,―
2026-03-28 18:43:49,205,―,―,―,―,―,―,―,―,―,―
2026-03-28 18:43:49,210,―,―,―,―,―,―,―,―,―,―
2026-03-28 18:43:49,215,―,―,―,―,―,―,―,―,―,―
2026-03-28 18:43:49,220,―,―,―,―,―,―,―,―,―,―
2026-03-28 18:43:49,225,―,―,―,―,―,―,―,―,―,―
2026-03-28 18:43:49,230,―,―,―,―,―,―,―,―,―,―
2026-03-28 18:43:49,235,―,―,―,―,―,―,―,―,―,―
2026-03-28 18:43:49,240,―,―,―,―,―,―,―,―,―,―
2026-03-28 18:43:49,245,―,―,―,―,―,―,―,―,―,―
2026-03-28 18:43:49,250,―,―,―,―,―,―,―,―,―,―
2026-03-28 18:43:49,255,―,―,―,―,―,―,―,―,―,―
2026-03-28 18:43:49,260,―,―,―,―,―,―,―,―,―,―
2026-03-28 18:43:49,265,―,―,―,―,―,―,―,―,―,―
2026-03-28 18:43:49,270,―,―,―,―,―,―,―,―,―,―
2026-03-28 18:43:49,275,―,―,―,―,―,―,―,―,―,―
2026-03-28 18:43:49,280,―,―,―,―,―,―,―,―,―,―
2026-03-28 18:43:49,285,―,―,―,―,―,―,―,―,―,―
2026-03-28 18:43:49,290,―,―,―,―,―,―,―,―,―,―
2026-03-28 18:43:49,295,―,―,―,―,―,―,―,―,―,―
2026-03-28 18:43:49,300,―,―,―,―,―,―,―,―,―,―
2026-03-28 18:43:49,305,―,―,―,―,―,―,―,―,―,―
2026-03-28 18:43:49,310,―,―,―,―,―,―,―,―,―,―
2026-03-28 18:43:49,315,―,―,―,―,―,―,―,―,―,―
2026-03-28 18:43:49,320,―,―,―,―,―,―,―,―,―,―
2026-03-28 18:43:49,325,―,―,―,―,―,―,―,―,―,―
2026-03-28 18:43:49,330,―,―,―,―,―,―,―,―,―,―
2026-03-28 18:43:49,335,―,―,―,―,―,―,―,―,―,―
2026-03-28 18:43:49,340,―,―,―,―,―,―,―,―,―,―
2026-03-28 18:43:49,345,―,―,―,―,―,―,―,―,―,―
2026-03-28 18:43:49,350,―,―,―,―,―,―,―,―,―,―
2026-03-28 18:43:49,355,―,―,―,―,―,―,―,―,―,―
2026-03-28 18:44:04,155,―,―,―,―,―,―,―,―,―,―
2026-03-28 18:44:04,160,―,―,―,―,―,―,―,―,―,―
2026-03-28 18:44:04,165,―,―,―,―,―,―,―,―,―,―
2026-03-28 18:44:04,170,―,―,―,―,―,―,―,―,―,―
2026-03-28 18:44:04,175,―,―,―,―,―,―,―,―,―,―
2026-03-28 18:44:04,180,―,―,―,―,―,―,―,―,―,―
2026-03-28 18:44:04,185,―,―,―,―,―,―,―,―,―,―
2026-03-28 18:44:04,190,―,―,―,―,―,―,―,―,―,―
2026-03-28 18:44:04,195,―,―,―,―,―,―,―,―,―,―
2026-03-28 18:44:04,200,―,―,―,―,―,―,―,―,―,―
2026-03-28 18:44:04,205,―,―,―,―,―,―,―,―,―,―
2026-03-28 18:44:04,210,―,―,―,―,―,―,―,―,―,―
2026-03-28 18:44:04,215,―,―,―,―,―,―,―,―,―,―
2026-03-28 18:44:04,220,―,―,―,―,―,―,―,―,―,―
2026-03-28 18:44:04,225,―,―,―,―,―,―,―,―,―,―
2026-03-28 18:44:04,230,―,―,―,―,―,―,―,―,―,―
2026-03-28 18:44:04,235,―,―,―,―,―,―,―,―,―,―
2026-03-28 18:44:04,240,―,―,―,―,―,―,―,―,―,―
2026-03-28 18:44:04,245,―,―,―,―,―,―,―,―,―,―
2026-03-28 18:44:04,250,―,―,―,―,―,―,―,―,―,―
2026-03-28 18:44:04,255,―,―,―,―,―,―,―,―,―,―
2026-03-28 18:44:04,260,―,―,―,―,―,―,―,―,―,―
2026-03-28 18:44:04,265,―,―,―,―,―,―,―,―,―,―
2026-03-28 18:44:04,270,―,―,―,―,―,―,―,―,―,―
2026-03-28 18:44:04,275,―,―,―,―,―,―,―,―,―,―
2026-03-28 18:44:04,280,―,―,―,―,―,―,―,―,―,―
2026-03-28 18:44:04,285,―,―,―,―,―,―,―,―,―,―
2026-03-28 18:44:04,290,―,―,―,―,―,―,―,―,―,―
2026-03-28 18:44:04,295,―,―,―,―,―,―,―,―,―,―
2026-03-28 18:44:04,300,―,―,―,―,―,―,―,―,―,―
2026-03-28 18:44:04,305,―,―,―,―,―,―,―,―,―,―
2026-03-28 18:44:04,310,―,―,―,―,―,―,―,―,―,―
2026-03-28 18:44:04,315,―,―,―,―,―,―,―,―,―,―
2026-03-28 18:44:04,320,―,―,―,―,―,―,―,―,―,―
2026-03-28 18:44:04,325,―,―,―,―,―,―,―,―,―,―
2026-03-28 18:44:04,330,―,―,―,―,―,―,―,―,―,―
2026-03-28 18:44:04,335,―,―,―,―,―,―,―,―,―,―
2026-03-28 18:44:04,340,―,―,―,―,―,―,―,―,―,―
2026-03-28 18:44:04,345,―,―,―,―,―,―,―,―,―,―
2026-03-28 18:44:04,350,―,―,―,―,―,―,―,―,―,―
2026-03-28 18:44:04,355,―,―,―,―,―,―,―,―,―,―
2026-03-28 18:44:19,155,―,―,―,―,―,―,―,―,―,―
2026-03-28 18:44:19,160,―,―,―,―,―,―,―,―,―,―
2026-03-28 18:44:19,165,―,―,―,―,―,―,―,―,―,―
2026-03-28 18:44:19,170,―,―,―,―,―,―,―,―,―,―
2026-03-28 18:44:19,175,―,―,―,―,―,―,―,―,―,―
2026-03-28 18:44:19,180,―,―,―,―,―,―,―,―,―,―
2026-03-28 18:44:19,185,―,―,―,―,―,―,―,―,―,―
2026-03-28 18:44:19,190,―,―,―,―,―,―,―,―,―,―
2026-03-28 18:44:19,195,―,―,―,―,―,―,―,―,―,―
2026-03-28 18:44:19,200,―,―,―,―,―,―,―,―,―,―
2026-03-28 18:44:19,205,―,―,―,―,―,―,―,―,―,―
2026-03-28 18:44:19,210,―,―,―,―,―,―,―,―,―,―
2026-03-28 18:44:19,215,―,―,―,―,―,―,―,―,―,―
2026-03-28 18:44:19,220,―,―,―,―,―,―,―,―,―,―
2026-03-28 18:44:19,225,―,―,―,―,―,―,―,―,―,―
2026-03-28 18:44:19,230,―,―,―,―,―,―,―,―,―,―
2026-03-28 18:44:19,235,―,―,―,―,―,―,―,―,―,―
2026-03-28 18:44:19,240,―,―,―,―,―,―,―,―,―,―
2026-03-28 18:44:19,245,―,―,―,―,―,―,―,―,―,―
2026-03-28 18:44:19,250,―,―,―,―,―,―,―,―,―,―
2026-03-28 18:44:19,255,―,―,―,―,―,―,―,―,―,―
2026-03-28 18:44:19,260,―,―,―,―,―,―,―,―,―,―
2026-03-28 18:44:19,265,―,―,―,―,―,―,―,―,―,―
2026-03-28 18:44:19,270,―,―,―,―,―,―,―,―,―,―
2026-03-28 18:44:19,275,―,―,―,―,―,―,―,―,―,―
2026-03-28 18:44:19,280,―,―,―,―,―,―,―,―,―,―
2026-03-28 18:44:19,285,―,―,―,―,―,―,―,―,―,―
2026-03-28 18:44:19,290,―,―,―,―,―,―,―,―,―,―
2026-03-28 18:44:19,295,―,―,―,―,―,―,―,―,―,―
2026-03-28 18:44:19,300,―,―,―,―,―,―,―,―,―,―
2026-03-28 18:44:19,305,―,―,―,―,―,―,―,―,―,―
2026-03-28 18:44:19,310,―,―,―,―,―,―,―,―,―,―
2026-03-28 18:44:19,315,―,―,―,―,―,―,―,―,―,―
2026-03-28 18:44:19,320,―,―,―,―,―,―,―,―,―,―
2026-03-28 18:44:19,325,―,―,―,―,―,―,―,―,―,―
2026-03-28 18:44:19,330,―,―,―,―,―,―,―,―,―,―
2026-03-28 18:44:19,335,―,―,―,―,―,―,―,―,―,―
2026-03-28 18:44:19,340,―,―,―,―,―,―,―,―,―,―
2026-03-28 18:44:19,345,―,―,―,―,―,―,―,―,―,―
2026-03-28 18:44:19,350,―,―,―,―,―,―,―,―,―,―
2026-03-28 18:44:19,355,―,―,―,―,―,―,―,―,―,―
2026-03-28 18:44:34,155,―,―,―,―,―,―,―,―,―,―
2026-03-28 18:44:34,160,―,―,―,―,―,―,―,―,―,―
2026-03-28 18:44:34,165,―,―,―,―,―,―,―,―,―,―
2026-03-28 18:44:34,170,―,―,―,―,―,―,―,―,―,―
2026-03-28 18:44:34,175,―,―,―,―,―,―,―,―,―,―
2026-03-28 18:44:34,180,―,―,―,―,―,―,―,―,―,―
2026-03-28 18:44:34,185,―,―,―,―,―,―,―,―,―,―
2026-03-28 18:44:34,190,―,―,―,―,―,―,―,―,―,―
2026-03-28 18:44:34,195,―,―,―,―,―,―,―,―,―,―
2026-03-28 18:44:34,200,―,―,―,―,―,―,―,―,―,―
2026-03-28 18:44:34,205,―,―,―,―,―,―,―,―,―,―
2026-03-28 18:44:34,210,―,―,―,―,―,―,―,―,―,―
2026-03-28 18:44:34,215,―,―,―,―,―,―,―,―,―,―
2026-03-28 18:44:34,220,―,―,―,―,―,―,―,―,―,―
2026-03-28 18:44:34,225,―,―,―,―,―,―,―,―,―,―
2026-03-28 18:44:34,230,―,―,―,―,―,―,―,―,―,―
2026-03-28 18:44:34,235,―,―,―,―,―,―,―,―,―,―
2026-03-28 18:44:34,240,―,―,―,―,―,―,―,―,―,―
2026-03-28 18:44:34,245,―,―,―,―,―,―,―,―,―,―
2026-03-28 18:44:34,250,―,―,―,―,―,―,―,―,―,―
2026-03-28 18:44:34,255,―,―,―,―,―,―,―,―,―,―
2026-03-28 18:44:34,260,―,―,―,―,―,―,―,―,―,―
2026-03-28 18:44:34,265,―,―,―,―,―,―,―,―,―,―
2026-03-28 18:44:34,270,―,―,―,―,―,―,―,―,―,―
2026-03-28 18:44:34,275,―,―,―,―,―,―,―,―,―,―
2026-03-28 18:44:34,280,―,―,―,―,―,―,―,―,―,―
2026-03-28 18:44:34,285,―,―,―,―,―,―,―,―,―,―
2026-03-28 18:44:34,290,―,―,―,―,―,―,―,―,―,―
2026-03-28 18:44:34,295,―,―,―,―,―,―,―,―,―,―
2026-03-28 18:44:34,300,―,―,―,―,―,―,―,―,―,―
2026-03-28 18:44:34,305,―,―,―,―,―,―,―,―,―,―
2026-03-28 18:44:34,310,―,―,―,―,―,―,―,―,―,―
2026-03-28 18:44:34,315,―,―,―,―,―,―,―,―,―,―
2026-03-28 18:44:34,320,―,―,―,―,―,―,―,―,―,―
2026-03-28 18:44:34,325,―,―,―,―,―,―,―,―,―,―
2026-03-28 18:44:34,330,―,―,―,―,―,―,―,―,―,―
2026-03-28 18:44:34,335,―,―,―,―,―,―,―,―,―,―
2026-03-28 18:44:34,340,―,―,―,―,―,―,―,―,―,―
2026-03-28 18:44:34,345,―,―,―,―,―,―,―,―,―,―
2026-03-28 18:44:34,350,―,―,―,―,―,―,―,―,―,―
2026-03-28 18:44:34,355,―,―,―,―,―,―,―,―,―,―
2026-03-28 18:44:49,155,―,―,―,―,―,―,―,―,―,―
2026-03-28 18:44:49,160,―,―,―,―,―,―,―,―,―,―
2026-03-28 18:44:49,165,―,―,―,―,―,―,―,―,―,―
2026-03-28 18:44:49,170,―,―,―,―,―,―,―,―,―,―
2026-03-28 18:44:49,175,―,―,―,―,―,―,―,―,―,―
2026-03-28 18:44:49,180,―,―,―,―,―,―,―,―,―,―
2026-03-28 18:44:49,185,―,―,―,―,―,―,―,―,―,―
2026-03-28 18:44:49,190,―,―,―,―,―,―,―,―,―,―
2026-03-28 18:44:49,195,―,―,―,―,―,―,―,―,―,―
2026-03-28 18:44:49,200,―,―,―,―,―,―,―,―,―,―
2026-03-28 18:44:49,205,―,―,―,―,―,―,―,―,―,―
2026-03-28 18:44:49,210,―,―,―,―,―,―,―,―,―,―
2026-03-28 18:44:49,215,―,―,―,―,―,―,―,―,―,―
2026-03-28 18:44:49,220,―,―,―,―,―,―,―,―,―,―
2026-03-28 18:44:49,225,―,―,―,―,―,―,―,―,―,―
2026-03-28 18:44:49,230,―,―,―,―,―,―,―,―,―,―
2026-03-28 18:44:49,235,―,―,―,―,―,―,―,―,―,―
2026-03-28 18:44:49,240,―,―,―,―,―,―,―,―,―,―
2026-03-28 18:44:49,245,―,―,―,―,―,―,―,―,―,―
2026-03-28 18:44:49,250,―,―,―,―,―,―,―,―,―,―
2026-03-28 18:44:49,255,―,―,―,―,―,―,―,―,―,―
2026-03-28 18:44:49,260,―,―,―,―,―,―,―,―,―,―
2026-03-28 18:44:49,265,―,―,―,―,―,―,―,―,―,―
2026-03-28 18:44:49,270,―,―,―,―,―,―,―,―,―,―
2026-03-28 18:44:49,275,―,―,―,―,―,―,―,―,―,―
2026-03-28 18:44:49,280,―,―,―,―,―,―,―,―,―,―
2026-03-28 18:44:49,285,―,―,―,―,―,―,―,―,―,―
2026-03-28 18:44:49,290,―,―,―,―,―,―,―,―,―,―
2026-03-28 18:44:49,295,―,―,―,―,―,―,―,―,―,―
2026-03-28 18:44:49,300,―,―,―,―,―,―,―,―,―,―
2026-03-28 18:44:49,305,―,―,―,―,―,―,―,―,―,―
2026-03-28 18:44:49,310,―,―,―,―,―,―,―,―,―,―
2026-03-28 18:44:49,315,―,―,―,―,―,―,―,―,―,―
2026-03-28 18:44:49,320,―,―,―,―,―,―,―,―,―,―
2026-03-28 18:44:49,325,―,―,―,―,―,―,―,―,―,―
2026-03-28 18:44:49,330,―,―,―,―,―,―,―,―,―,―
2026-03-28 18:44:49,335,―,―,―,―,―,―,―,―,―,―
2026-03-28 18:44:49,340,―,―,―,―,―,―,―,―,―,―
2026-03-28 18:44:49,345,―,―,―,―,―,―,―,―,―,―
2026-03-28 18:44:49,350,―,―,―,―,―,―,―,―,―,―
2026-03-28 18:44:49,355,―,―,―,―,―,―,―,―,―,―
2026-03-28 18:45:04,155,―,―,―,―,―,―,―,―,―,―
2026-03-28 18:45:04,160,―,―,―,―,―,―,―,―,―,―
2026-03-28 18:45:04,165,―,―,―,―,―,―,―,―,―,―
2026-03-28 18:45:04,170,―,―,―,―,―,―,―,―,―,―
2026-03-28 18:45:04,175,―,―,―,―,―,―,―,―,―,―
2026-03-28 18:45:04,180,―,―,―,―,―,―,―,―,―,―
2026-03-28 18:45:04,185,―,―,―,―,―,―,―,―,―,―
2026-03-28 18:45:04,190,―,―,―,―,―,―,―,―,―,―
2026-03-28 18:45:04,195,―,―,―,―,―,―,―,―,―,―
2026-03-28 18:45:04,200,―,―,―,―,―,―,―,―,―,―
2026-03-28 18:45:04,205,―,―,―,―,―,―,―,―,―,―
2026-03-28 18:45:04,210,―,―,―,―,―,―,―,―,―,―
2026-03-28 18:45:04,215,―,―,―,―,―,―,―,―,―,―
2026-03-28 18:45:04,220,―,―,―,―,―,―,―,―,―,―
2026-03-28 18:45:04,225,―,―,―,―,―,―,―,―,―,―
2026-03-28 18:45:04,230,―,―,―,―,―,―,―,―,―,―
2026-03-28 18:45:04,235,―,―,―,―,―,―,―,―,―,―
2026-03-28 18:45:04,240,―,―,―,―,―,―,―,―,―,―
2026-03-28 18:45:04,245,―,―,―,―,―,―,―,―,―,―
2026-03-28 18:45:04,250,―,―,―,―,―,―,―,―,―,―
2026-03-28 18:45:04,255,―,―,―,―,―,―,―,―,―,―
2026-03-28 18:45:04,260,―,―,―,―,―,―,―,―,―,―
2026-03-28 18:45:04,265,―,―,―,―,―,―,―,―,―,―
2026-03-28 18:45:04,270,―,―,―,―,―,―,―,―,―,―
2026-03-28 18:45:04,275,―,―,―,―,―,―,―,―,―,―
2026-03-28 18:45:04,280,―,―,―,―,―,―,―,―,―,―
2026-03-28 18:45:04,285,―,―,―,―,―,―,―,―,―,―
2026-03-28 18:45:04,290,―,―,―,―,―,―,―,―,―,―
2026-03-28 18:45:04,295,―,―,―,―,―,―,―,―,―,―
2026-03-28 18:45:04,300,―,―,―,―,―,―,―,―,―,―
2026-03-28 18:45:04,305,―,―,―,―,―,―,―,―,―,―
2026-03-28 18:45:04,310,―,―,―,―,―,―,―,―,―,―
2026-03-28 18:45:04,315,―,―,―,―,―,―,―,―,―,―
2026-03-28 18:45:04,320,―,―,―,―,―,―,―,―,―,―
2026-03-28 18:45:04,325,―,―,―,―,―,―,―,―,―,―
2026-03-28 18:45:04,330,―,―,―,―,―,―,―,―,―,―
2026-03-28 18:45:04,335,―,―,―,―,―,―,―,―,―,―
2026-03-28 18:45:04,340,―,―,―,―,―,―,―,―,―,―
2026-03-28 18:45:04,345,―,―,―,―,―,―,―,―,―,―
2026-03-28 18:45:04,350,―,―,―,―,―,―,―,―,―,―
2026-03-28 18:45:04,355,―,―,―,―,―,―,―,―,―,―
2026-03-28 18:45:19,155,―,―,―,―,―,―,―,―,―,―
2026-03-28 18:45:19,160,―,―,―,―,―,―,―,―,―,―
2026-03-28 18:45:19,165,―,―,―,―,―,―,―,―,―,―
2026-03-28 18:45:19,170,―,―,―,―,―,―,―,―,―,―
2026-03-28 18:45:19,175,―,―,―,―,―,―,―,―,―,―
2026-03-28 18:45:19,180,―,―,―,―,―,―,―,―,―,―
2026-03-28 18:45:19,185,―,―,―,―,―,―,―,―,―,―
2026-03-28 18:45:19,190,―,―,―,―,―,―,―,―,―,―
2026-03-28 18:45:19,195,―,―,―,―,―,―,―,―,―,―
2026-03-28 18:45:19,200,―,―,―,―,―,―,―,―,―,―
2026-03-28 18:45:19,205,―,―,―,―,―,―,―,―,―,―
2026-03-28 18:45:19,210,―,―,―,―,―,―,―,―,―,―
2026-03-28 18:45:19,215,―,―,―,―,―,―,―,―,―,―
2026-03-28 18:45:19,220,―,―,―,―,―,―,―,―,―,―
2026-03-28 18:45:19,225,―,―,―,―,―,―,―,―,―,―
2026-03-28 18:45:19,230,―,―,―,―,―,―,―,―,―,―
2026-03-28 18:45:19,235,―,―,―,―,―,―,―,―,―,―
2026-03-28 18:45:19,240,―,―,―,―,―,―,―,―,―,―
2026-03-28 18:45:19,245,―,―,―,―,―,―,―,―,―,―
2026-03-28 18:45:19,250,―,―,―,―,―,―,―,―,―,―
2026-03-28 18:45:19,255,―,―,―,―,―,―,―,―,―,―
2026-03-28 18:45:19,260,―,―,―,―,―,―,―,―,―,―
2026-03-28 18:45:19,265,―,―,―,―,―,―,―,―,―,―
2026-03-28 18:45:19,270,―,―,―,―,―,―,―,―,―,―
2026-03-28 18:45:19,275,―,―,―,―,―,―,―,―,―,―
2026-03-28 18:45:19,280,―,―,―,―,―,―,―,―,―,―
2026-03-28 18:45:19,285,―,―,―,―,―,―,―,―,―,―
2026-03-28 18:45:19,290,―,―,―,―,―,―,―,―,―,―
2026-03-28 18:45:19,295,―,―,―,―,―,―,―,―,―,―
2026-03-28 18:45:19,300,―,―,―,―,―,―,―,―,―,―
2026-03-28 18:45:19,305,―,―,―,―,―,―,―,―,―,―
2026-03-28 18:45:19,310,―,―,―,―,―,―,―,―,―,―
2026-03-28 18:45:19,315,―,―,―,―,―,―,―,―,―,―
2026-03-28 18:45:19,320,―,―,―,―,―,―,―,―,―,―
2026-03-28 18:45:19,325,―,―,―,―,―,―,―,―,―,―
2026-03-28 18:45:19,330,―,―,―,―,―,―,―,―,―,―
2026-03-28 18:45:19,335,―,―,―,―,―,―,―,―,―,―
2026-03-28 18:45:19,340,―,―,―,―,―,―,―,―,―,―
2026-03-28 18:45:19,345,―,―,―,―,―,―,―,―,―,―
2026-03-28 18:45:19,350,―,―,―,―,―,―,―,―,―,―
2026-03-28 18:45:19,355,―,―,―,―,―,―,―,―,―,―
2026-03-28 18:45:34,155,―,―,―,―,―,―,―,―,―,―
2026-03-28 18:45:34,160,―,―,―,―,―,―,―,―,―,―
2026-03-28 18:45:34,165,―,―,―,―,―,―,―,―,―,―
2026-03-28 18:45:34,170,―,―,―,―,―,―,―,―,―,―
2026-03-28 18:45:34,175,―,―,―,―,―,―,―,―,―,―
2026-03-28 18:45:34,180,―,―,―,―,―,―,―,―,―,―
2026-03-28 18:45:34,185,―,―,―,―,―,―,―,―,―,―
2026-03-28 18:45:34,190,―,―,―,―,―,―,―,―,―,―
2026-03-28 18:45:34,195,―,―,―,―,―,―,―,―,―,―
2026-03-28 18:45:34,200,―,―,―,―,―,―,―,―,―,―
2026-03-28 18:45:34,205,―,―,―,―,―,―,―,―,―,―
2026-03-28 18:45:34,210,―,―,―,―,―,―,―,―,―,―
2026-03-28 18:45:34,215,―,―,―,―,―,―,―,―,―,―
2026-03-28 18:45:34,220,―,―,―,―,―,―,―,―,―,―
2026-03-28 18:45:34,225,―,―,―,―,―,―,―,―,―,―
2026-03-28 18:45:34,230,―,―,―,―,―,―,―,―,―,―
2026-03-28 18:45:34,235,―,―,―,―,―,―,―,―,―,―
2026-03-28 18:45:34,240,―,―,―,―,―,―,―,―,―,―
2026-03-28 18:45:34,245,―,―,―,―,―,―,―,―,―,―
2026-03-28 18:45:34,250,―,―,―,―,―,―,―,―,―,―
2026-03-28 18:45:34,255,―,―,―,―,―,―,―,―,―,―
2026-03-28 18:45:34,260,―,―,―,―,―,―,―,―,―,―
2026-03-28 18:45:34,265,―,―,―,―,―,―,―,―,―,―
2026-03-28 18:45:34,270,―,―,―,―,―,―,―,―,―,―
2026-03-28 18:45:34,275,―,―,―,―,―,―,―,―,―,―
2026-03-28 18:45:34,280,―,―,―,―,―,―,―,―,―,―
2026-03-28 18:45:34,285,―,―,―,―,―,―,―,―,―,―
2026-03-28 18:45:34,290,―,―,―,―,―,―,―,―,―,―
2026-03-28 18:45:34,295,―,―,―,―,―,―,―,―,―,―
2026-03-28 18:45:34,300,―,―,―,―,―,―,―,―,―,―
2026-03-28 18:45:34,305,―,―,―,―,―,―,―,―,―,―
2026-03-28 18:45:34,310,―,―,―,―,―,―,―,―,―,―
2026-03-28 18:45:34,315,―,―,―,―,―,―,―,―,―,―
2026-03-28 18:45:34,320,―,―,―,―,―,―,―,―,―,―
2026-03-28 18:45:34,325,―,―,―,―,―,―,―,―,―,―
2026-03-28 18:45:34,330,―,―,―,―,―,―,―,―,―,―
2026-03-28 18:45:34,335,―,―,―,―,―,―,―,―,―,―
2026-03-28 18:45:34,340,―,―,―,―,―,―,―,―,―,―
2026-03-28 18:45:34,345,―,―,―,―,―,―,―,―,―,―
2026-03-28 18:45:34,350,―,―,―,―,―,―,―,―,―,―
2026-03-28 18:45:34,355,―,―,―,―,―,―,―,―,―,―
2026-03-28 18:45:49,155,―,―,―,―,―,―,―,―,―,―
2026-03-28 18:45:49,160,―,―,―,―,―,―,―,―,―,―
2026-03-28 18:45:49,165,―,―,―,―,―,―,―,―,―,―
2026-03-28 18:45:49,170,―,―,―,―,―,―,―,―,―,―
2026-03-28 18:45:49,175,―,―,―,―,―,―,―,―,―,―
2026-03-28 18:45:49,180,―,―,―,―,―,―,―,―,―,―
2026-03-28 18:45:49,185,―,―,―,―,―,―,―,―,―,―
2026-03-28 18:45:49,190,―,―,―,―,―,―,―,―,―,―
2026-03-28 18:45:49,195,―,―,―,―,―,―,―,―,―,―
2026-03-28 18:45:49,200,―,―,―,―,―,―,―,―,―,―
2026-03-28 18:45:49,205,―,―,―,―,―,―,―,―,―,―
2026-03-28 18:45:49,210,―,―,―,―,―,―,―,―,―,―
2026-03-28 18:45:49,215,―,―,―,―,―,―,―,―,―,―
2026-03-28 18:45:49,220,―,―,―,―,―,―,―,―,―,―
2026-03-28 18:45:49,225,―,―,―,―,―,―,―,―,―,―
2026-03-28 18:45:49,230,―,―,―,―,―,―,―,―,―,―
2026-03-28 18:45:49,235,―,―,―,―,―,―,―,―,―,―
2026-03-28 18:45:49,240,―,―,―,―,―,―,―,―,―,―
2026-03-28 18:45:49,245,―,―,―,―,―,―,―,―,―,―
2026-03-28 18:45:49,250,―,―,―,―,―,―,―,―,―,―
2026-03-28 18:45:49,255,―,―,―,―,―,―,―,―,―,―
2026-03-28 18:45:49,260,―,―,―,―,―,―,―,―,―,―
2026-03-28 18:45:49,265,―,―,―,―,―,―,―,―,―,―
2026-03-28 18:45:49,270,―,―,―,―,―,―,―,―,―,―
2026-03-28 18:45:49,275,―,―,―,―,―,―,―,―,―,―
2026-03-28 18:45:49,280,―,―,―,―,―,―,―,―,―,―
2026-03-28 18:45:49,285,―,―,―,―,―,―,―,―,―,―
2026-03-28 18:45:49,290,―,―,―,―,―,―,―,―,―,―
2026-03-28 18:45:49,295,―,―,―,―,―,―,―,―,―,―
2026-03-28 18:45:49,300,―,―,―,―,―,―,―,―,―,―
2026-03-28 18:45:49,305,―,―,―,―,―,―,―,―,―,―
2026-03-28 18:45:49,310,―,―,―,―,―,―,―,―,―,―
2026-03-28 18:45:49,315,―,―,―,―,―,―,―,―,―,―
2026-03-28 18:45:49,320,―,―,―,―,―,―,―,―,―,―
2026-03-28 18:45:49,325,―,―,―,―,―,―,―,―,―,―
2026-03-28 18:45:49,330,―,―,―,―,―,―,―,―,―,―
2026-03-28 18:45:49,335,―,―,―,―,―,―,―,―,―,―
2026-03-28 18:45:49,340,―,―,―,―,―,―,―,―,―,―
2026-03-28 18:45:49,345,―,―,―,―,―,―,―,―,―,―
2026-03-28 18:45:49,350,―,―,―,―,―,―,―,―,―,―
2026-03-28 18:45:49,355,―,―,―,―,―,―,―,―,―,―
2026-03-28 18:46:04,155,―,―,―,―,―,―,―,―,―,―
2026-03-28 18:46:04,160,―,―,―,―,―,―,―,―,―,―
2026-03-28 18:46:04,165,―,―,―,―,―,―,―,―,―,―
2026-03-28 18:46:04,170,―,―,―,―,―,―,―,―,―,―
2026-03-28 18:46:04,175,―,―,―,―,―,―,―,―,―,―
2026-03-28 18:46:04,180,―,―,―,―,―,―,―,―,―,―
2026-03-28 18:46:04,185,―,―,―,―,―,―,―,―,―,―
2026-03-28 18:46:04,190,―,―,―,―,―,―,―,―,―,―
2026-03-28 18:46:04,195,―,―,―,―,―,―,―,―,―,―
2026-03-28 18:46:04,200,―,―,―,―,―,―,―,―,―,―
2026-03-28 18:46:04,205,―,―,―,―,―,―,―,―,―,―
2026-03-28 18:46:04,210,―,―,―,―,―,―,―,―,―,―
2026-03-28 18:46:04,215,―,―,―,―,―,―,―,―,―,―
2026-03-28 18:46:04,220,―,―,―,―,―,―,―,―,―,―
2026-03-28 18:46:04,225,―,―,―,―,―,―,―,―,―,―
2026-03-28 18:46:04,230,―,―,―,―,―,―,―,―,―,―
2026-03-28 18:46:04,235,―,―,―,―,―,―,―,―,―,―
2026-03-28 18:46:04,240,―,―,―,―,―,―,―,―,―,―
2026-03-28 18:46:04,245,―,―,―,―,―,―,―,―,―,―
2026-03-28 18:46:04,250,―,―,―,―,―,―,―,―,―,―
2026-03-28 18:46:04,255,―,―,―,―,―,―,―,―,―,―
2026-03-28 18:46:04,260,―,―,―,―,―,―,―,―,―,―
2026-03-28 18:46:04,265,―,―,―,―,―,―,―,―,―,―
2026-03-28 18:46:04,270,―,―,―,―,―,―,―,―,―,―
2026-03-28 18:46:04,275,―,―,―,―,―,―,―,―,―,―
2026-03-28 18:46:04,280,―,―,―,―,―,―,―,―,―,―
2026-03-28 18:46:04,285,―,―,―,―,―,―,―,―,―,―
2026-03-28 18:46:04,290,―,―,―,―,―,―,―,―,―,―
2026-03-28 18:46:04,295,―,―,―,―,―,―,―,―,―,―
2026-03-28 18:46:04,300,―,―,―,―,―,―,―,―,―,―
2026-03-28 18:46:04,305,―,―,―,―,―,―,―,―,―,―
2026-03-28 18:46:04,310,―,―,―,―,―,―,―,―,―,―
2026-03-28 18:46:04,315,―,―,―,―,―,―,―,―,―,―
2026-03-28 18:46:04,320,―,―,―,―,―,―,―,―,―,―
2026-03-28 18:46:04,325,―,―,―,―,―,―,―,―,―,―
2026-03-28 18:46:04,330,―,―,―,―,―,―,―,―,―,―
2026-03-28 18:46:04,335,―,―,―,―,―,―,―,―,―,―
2026-03-28 18:46:04,340,―,―,―,―,―,―,―,―,―,―
2026-03-28 18:46:04,345,―,―,―,―,―,―,―,―,―,―
2026-03-28 18:46:04,350,―,―,―,―,―,―,―,―,―,―
2026-03-28 18:46:04,355,―,―,―,―,―,―,―,―,―,―
2026-03-28 18:46:19,155,―,―,―,―,―,―,―,―,―,―
2026-03-28 18:46:19,160,―,―,―,―,―,―,―,―,―,―
2026-03-28 18:46:19,165,―,―,―,―,―,―,―,―,―,―
2026-03-28 18:46:19,170,―,―,―,―,―,―,―,―,―,―
2026-03-28 18:46:19,175,―,―,―,―,―,―,―,―,―,―
2026-03-28 18:46:19,180,―,―,―,―,―,―,―,―,―,―
2026-03-28 18:46:19,185,―,―,―,―,―,―,―,―,―,―
2026-03-28 18:46:19,190,―,―,―,―,―,―,―,―,―,―
2026-03-28 18:46:19,195,―,―,―,―,―,―,―,―,―,―
2026-03-28 18:46:19,200,―,―,―,―,―,―,―,―,―,―
2026-03-28 18:46:19,205,―,―,―,―,―,―,―,―,―,―
2026-03-28 18:46:19,210,―,―,―,―,―,―,―,―,―,―
2026-03-28 18:46:19,215,―,―,―,―,―,―,―,―,―,―
2026-03-28 18:46:19,220,―,―,―,―,―,―,―,―,―,―
2026-03-28 18:46:19,225,―,―,―,―,―,―,―,―,―,―
2026-03-28 18:46:19,230,―,―,―,―,―,―,―,―,―,―
2026-03-28 18:46:19,235,―,―,―,―,―,―,―,―,―,―
2026-03-28 18:46:19,240,―,―,―,―,―,―,―,―,―,―
2026-03-28 18:46:19,245,―,―,―,―,―,―,―,―,―,―
2026-03-28 18:46:19,250,―,―,―,―,―,―,―,―,―,―
2026-03-28 18:46:19,255,―,―,―,―,―,―,―,―,―,―
2026-03-28 18:46:19,260,―,―,―,―,―,―,―,―,―,―
2026-03-28 18:46:19,265,―,―,―,―,―,―,―,―,―,―
2026-03-28 18:46:19,270,―,―,―,―,―,―,―,―,―,―
2026-03-28 18:46:19,275,―,―,―,―,―,―,―,―,―,―
2026-03-28 18:46:19,280,―,―,―,―,―,―,―,―,―,―
2026-03-28 18:46:19,285,―,―,―,―,―,―,―,―,―,―
2026-03-28 18:46:19,290,―,―,―,―,―,―,―,―,―,―
2026-03-28 18:46:19,295,―,―,―,―,―,―,―,―,―,―
2026-03-28 18:46:19,300,―,―,―,―,―,―,―,―,―,―
2026-03-28 18:46:19,305,―,―,―,―,―,―,―,―,―,―
2026-03-28 18:46:19,310,―,―,―,―,―,―,―,―,―,―
2026-03-28 18:46:19,315,―,―,―,―,―,―,―,―,―,―
2026-03-28 18:46:19,320,―,―,―,―,―,―,―,―,―,―
2026-03-28 18:46:19,325,―,―,―,―,―,―,―,―,―,―
2026-03-28 18:46:19,330,―,―,―,―,―,―,―,―,―,―
2026-03-28 18:46:19,335,―,―,―,―,―,―,―,―,―,―
2026-03-28 18:46:19,340,―,―,―,―,―,―,―,―,―,―
2026-03-28 18:46:19,345,―,―,―,―,―,―,―,―,―,―
2026-03-28 18:46:19,350,―,―,―,―,―,―,―,―,―,―
2026-03-28 18:46:19,355,―,―,―,―,―,―,―,―,―,―
2026-03-28 18:46:34,155,―,―,―,―,―,―,―,―,―,―
2026-03-28 18:46:34,160,―,―,―,―,―,―,―,―,―,―
2026-03-28 18:46:34,165,―,―,―,―,―,―,―,―,―,―
2026-03-28 18:46:34,170,―,―,―,―,―,―,―,―,―,―
2026-03-28 18:46:34,175,―,―,―,―,―,―,―,―,―,―
2026-03-28 18:46:34,180,―,―,―,―,―,―,―,―,―,―
2026-03-28 18:46:34,185,―,―,―,―,―,―,―,―,―,―
2026-03-28 18:46:34,190,―,―,―,―,―,―,―,―,―,―
2026-03-28 18:46:34,195,―,―,―,―,―,―,―,―,―,―
2026-03-28 18:46:34,200,―,―,―,―,―,―,―,―,―,―
2026-03-28 18:46:34,205,―,―,―,―,―,―,―,―,―,―
2026-03-28 18:46:34,210,―,―,―,―,―,―,―,―,―,―
2026-03-28 18:46:34,215,―,―,―,―,―,―,―,―,―,―
2026-03-28 18:46:34,220,―,―,―,―,―,―,―,―,―,―
2026-03-28 18:46:34,225,―,―,―,―,―,―,―,―,―,―
2026-03-28 18:46:34,230,―,―,―,―,―,―,―,―,―,―
2026-03-28 18:46:34,235,―,―,―,―,―,―,―,―,―,―
2026-03-28 18:46:34,240,―,―,―,―,―,―,―,―,―,―
2026-03-28 18:46:34,245,―,―,―,―,―,―,―,―,―,―
2026-03-28 18:46:34,250,―,―,―,―,―,―,―,―,―,―
2026-03-28 18:46:34,255,―,―,―,―,―,―,―,―,―,―
2026-03-28 18:46:34,260,―,―,―,―,―,―,―,―,―,―
2026-03-28 18:46:34,265,―,―,―,―,―,―,―,―,―,―
2026-03-28 18:46:34,270,―,―,―,―,―,―,―,―,―,―
2026-03-28 18:46:34,275,―,―,―,―,―,―,―,―,―,―
2026-03-28 18:46:34,280,―,―,―,―,―,―,―,―,―,―
2026-03-28 18:46:34,285,―,―,―,―,―,―,―,―,―,―
2026-03-28 18:46:34,290,―,―,―,―,―,―,―,―,―,―
2026-03-28 18:46:34,295,―,―,―,―,―,―,―,―,―,―
2026-03-28 18:46:34,300,―,―,―,―,―,―,―,―,―,―
2026-03-28 18:46:34,305,―,―,―,―,―,―,―,―,―,―
2026-03-28 18:46:34,310,―,―,―,―,―,―,―,―,―,―
2026-03-28 18:46:34,315,―,―,―,―,―,―,―,―,―,―
2026-03-28 18:46:34,320,―,―,―,―,―,―,―,―,―,―
2026-03-28 18:46:34,325,―,―,―,―,―,―,―,―,―,―
2026-03-28 18:46:34,330,―,―,―,―,―,―,―,―,―,―
2026-03-28 18:46:34,335,―,―,―,―,―,―,―,―,―,―
2026-03-28 18:46:34,340,―,―,―,―,―,―,―,―,―,―
2026-03-28 18:46:34,345,―,―,―,―,―,―,―,―,―,―
2026-03-28 18:46:34,350,―,―,―,―,―,―,―,―,―,―
2026-03-28 18:46:34,355,―,―,―,―,―,―,―,―,―,―
2026-03-28 18:46:49,155,―,―,―,―,―,―,―,―,―,―
2026-03-28 18:46:49,160,―,―,―,―,―,―,―,―,―,―
2026-03-28 18:46:49,165,―,―,―,―,―,―,―,―,―,―
2026-03-28 18:46:49,170,―,―,―,―,―,―,―,―,―,―
2026-03-28 18:46:49,175,―,―,―,―,―,―,―,―,―,―
2026-03-28 18:46:49,180,―,―,―,―,―,―,―,―,―,―
2026-03-28 18:46:49,185,―,―,―,―,―,―,―,―,―,―
2026-03-28 18:46:49,190,―,―,―,―,―,―,―,―,―,―
2026-03-28 18:46:49,195,―,―,―,―,―,―,―,―,―,―
2026-03-28 18:46:49,200,―,―,―,―,―,―,―,―,―,―
2026-03-28 18:46:49,205,―,―,―,―,―,―,―,―,―,―
2026-03-28 18:46:49,210,―,―,―,―,―,―,―,―,―,―
2026-03-28 18:46:49,215,―,―,―,―,―,―,―,―,―,―
2026-03-28 18:46:49,220,―,―,―,―,―,―,―,―,―,―
2026-03-28 18:46:49,225,―,―,―,―,―,―,―,―,―,―
2026-03-28 18:46:49,230,―,―,―,―,―,―,―,―,―,―
2026-03-28 18:46:49,235,―,―,―,―,―,―,―,―,―,―
2026-03-28 18:46:49,240,―,―,―,―,―,―,―,―,―,―
2026-03-28 18:46:49,245,―,―,―,―,―,―,―,―,―,―
2026-03-28 18:46:49,250,―,―,―,―,―,―,―,―,―,―
2026-03-28 18:46:49,255,―,―,―,―,―,―,―,―,―,―
2026-03-28 18:46:49,260,―,―,―,―,―,―,―,―,―,―
2026-03-28 18:46:49,265,―,―,―,―,―,―,―,―,―,―
2026-03-28 18:46:49,270,―,―,―,―,―,―,―,―,―,―
2026-03-28 18:46:49,275,―,―,―,―,―,―,―,―,―,―
2026-03-28 18:46:49,280,―,―,―,―,―,―,―,―,―,―
2026-03-28 18:46:49,285,―,―,―,―,―,―,―,―,―,―
2026-03-28 18:46:49,290,―,―,―,―,―,―,―,―,―,―
2026-03-28 18:46:49,295,―,―,―,―,―,―,―,―,―,―
2026-03-28 18:46:49,300,―,―,―,―,―,―,―,―,―,―
2026-03-28 18:46:49,305,―,―,―,―,―,―,―,―,―,―
2026-03-28 18:46:49,310,―,―,―,―,―,―,―,―,―,―
2026-03-28 18:46:49,315,―,―,―,―,―,―,―,―,―,―
2026-03-28 18:46:49,320,―,―,―,―,―,―,―,―,―,―
2026-03-28 18:46:49,325,―,―,―,―,―,―,―,―,―,―
2026-03-28 18:46:49,330,―,―,―,―,―,―,―,―,―,―
2026-03-28 18:46:49,335,―,―,―,―,―,―,―,―,―,―
2026-03-28 18:46:49,340,―,―,―,―,―,―,―,―,―,―
2026-03-28 18:46:49,345,―,―,―,―,―,―,―,―,―,―
2026-03-28 18:46:49,350,―,―,―,―,―,―,―,―,―,―
2026-03-28 18:46:49,355,―,―,―,―,―,―,―,―,―,―
2026-03-28 18:47:04,155,―,―,―,―,―,―,―,―,―,―
2026-03-28 18:47:04,160,―,―,―,―,―,―,―,―,―,―
2026-03-28 18:47:04,165,―,―,―,―,―,―,―,―,―,―
2026-03-28 18:47:04,170,―,―,―,―,―,―,―,―,―,―
2026-03-28 18:47:04,175,―,―,―,―,―,―,―,―,―,―
2026-03-28 18:47:04,180,―,―,―,―,―,―,―,―,―,―
2026-03-28 18:47:04,185,―,―,―,―,―,―,―,―,―,―
2026-03-28 18:47:04,190,―,―,―,―,―,―,―,―,―,―
2026-03-28 18:47:04,195,―,―,―,―,―,―,―,―,―,―
2026-03-28 18:47:04,200,―,―,―,―,―,―,―,―,―,―
2026-03-28 18:47:04,205,―,―,―,―,―,―,―,―,―,―
2026-03-28 18:47:04,210,―,―,―,―,―,―,―,―,―,―
2026-03-28 18:47:04,215,―,―,―,―,―,―,―,―,―,―
2026-03-28 18:47:04,220,―,―,―,―,―,―,―,―,―,―
2026-03-28 18:47:04,225,―,―,―,―,―,―,―,―,―,―
2026-03-28 18:47:04,230,―,―,―,―,―,―,―,―,―,―
2026-03-28 18:47:04,235,―,―,―,―,―,―,―,―,―,―
2026-03-28 18:47:04,240,―,―,―,―,―,―,―,―,―,―
2026-03-28 18:47:04,245,―,―,―,―,―,―,―,―,―,―
2026-03-28 18:47:04,250,―,―,―,―,―,―,―,―,―,―
2026-03-28 18:47:04,255,―,―,―,―,―,―,―,―,―,―
2026-03-28 18:47:04,260,―,―,―,―,―,―,―,―,―,―
2026-03-28 18:47:04,265,―,―,―,―,―,―,―,―,―,―
2026-03-28 18:47:04,270,―,―,―,―,―,―,―,―,―,―
2026-03-28 18:47:04,275,―,―,―,―,―,―,―,―,―,―
2026-03-28 18:47:04,280,―,―,―,―,―,―,―,―,―,―
2026-03-28 18:47:04,285,―,―,―,―,―,―,―,―,―,―
2026-03-28 18:47:04,290,―,―,―,―,―,―,―,―,―,―
2026-03-28 18:47:04,295,―,―,―,―,―,―,―,―,―,―
2026-03-28 18:47:04,300,―,―,―,―,―,―,―,―,―,―
2026-03-28 18:47:04,305,―,―,―,―,―,―,―,―,―,―
2026-03-28 18:47:04,310,―,―,―,―,―,―,―,―,―,―
2026-03-28 18:47:04,315,―,―,―,―,―,―,―,―,―,―
2026-03-28 18:47:04,320,―,―,―,―,―,―,―,―,―,―
2026-03-28 18:47:04,325,―,―,―,―,―,―,―,―,―,―
2026-03-28 18:47:04,330,―,―,―,―,―,―,―,―,―,―
2026-03-28 18:47:04,335,―,―,―,―,―,―,―,―,―,―
2026-03-28 18:47:04,340,―,―,―,―,―,―,―,―,―,―
2026-03-28 18:47:04,345,―,―,―,―,―,―,―,―,―,―
2026-03-28 18:47:04,350,―,―,―,―,―,―,―,―,―,―
2026-03-28 18:47:04,355,―,―,―,―,―,―,―,―,―,―
2026-03-28 18:47:19,155,―,―,―,―,―,―,―,―,―,―
2026-03-28 18:47:19,160,―,―,―,―,―,―,―,―,―,―
2026-03-28 18:47:19,165,―,―,―,―,―,―,―,―,―,―
2026-03-28 18:47:19,170,―,―,―,―,―,―,―,―,―,―
2026-03-28 18:47:19,175,―,―,―,―,―,―,―,―,―,―
2026-03-28 18:47:19,180,―,―,―,―,―,―,―,―,―,―
2026-03-28 18:47:19,185,―,―,―,―,―,―,―,―,―,―
2026-03-28 18:47:19,190,―,―,―,―,―,―,―,―,―,―
2026-03-28 18:47:19,195,―,―,―,―,―,―,―,―,―,―
2026-03-28 18:47:19,200,―,―,―,―,―,―,―,―,―,―
2026-03-28 18:47:19,205,―,―,―,―,―,―,―,―,―,―
2026-03-28 18:47:19,210,―,―,―,―,―,―,―,―,―,―
2026-03-28 18:47:19,215,―,―,―,―,―,―,―,―,―,―
2026-03-28 18:47:19,220,―,―,―,―,―,―,―,―,―,―
2026-03-28 18:47:19,225,―,―,―,―,―,―,―,―,―,―
2026-03-28 18:47:19,230,―,―,―,―,―,―,―,―,―,―
2026-03-28 18:47:19,235,―,―,―,―,―,―,―,―,―,―
2026-03-28 18:47:19,240,―,―,―,―,―,―,―,―,―,―
2026-03-28 18:47:19,245,―,―,―,―,―,―,―,―,―,―
2026-03-28 18:47:19,250,―,―,―,―,―,―,―,―,―,―
2026-03-28 18:47:19,255,―,―,―,―,―,―,―,―,―,―
2026-03-28 18:47:19,260,―,―,―,―,―,―,―,―,―,―
2026-03-28 18:47:19,265,―,―,―,―,―,―,―,―,―,―
2026-03-28 18:47:19,270,―,―,―,―,―,―,―,―,―,―
2026-03-28 18:47:19,275,―,―,―,―,―,―,―,―,―,―
2026-03-28 18:47:19,280,―,―,―,―,―,―,―,―,―,―
2026-03-28 18:47:19,285,―,―,―,―,―,―,―,―,―,―
2026-03-28 18:47:19,290,―,―,―,―,―,―,―,―,―,―
2026-03-28 18:47:19,295,―,―,―,―,―,―,―,―,―,―
2026-03-28 18:47:19,300,―,―,―,―,―,―,―,―,―,―
2026-03-28 18:47:19,305,―,―,―,―,―,―,―,―,―,―
2026-03-28 18:47:19,310,―,―,―,―,―,―,―,―,―,―
2026-03-28 18:47:19,315,―,―,―,―,―,―,―,―,―,―
2026-03-28 18:47:19,320,―,―,―,―,―,―,―,―,―,―
2026-03-28 18:47:19,325,―,―,―,―,―,―,―,―,―,―
2026-03-28 18:47:19,330,―,―,―,―,―,―,―,―,―,―
2026-03-28 18:47:19,335,―,―,―,―,―,―,―,―,―,―
2026-03-28 18:47:19,340,―,―,―,―,―,―,―,―,―,―
2026-03-28 18:47:19,345,―,―,―,―,―,―,―,―,―,―
2026-03-28 18:47:19,350,―,―,―,―,―,―,―,―,―,―
2026-03-28 18:47:19,355,―,―,―,―,―,―,―,―,―,―
2026-03-28 18:47:34,155,―,―,―,―,―,―,―,―,―,―
2026-03-28 18:47:34,160,―,―,―,―,―,―,―,―,―,―
2026-03-28 18:47:34,165,―,―,―,―,―,―,―,―,―,―
2026-03-28 18:47:34,170,―,―,―,―,―,―,―,―,―,―
2026-03-28 18:47:34,175,―,―,―,―,―,―,―,―,―,―
2026-03-28 18:47:34,180,―,―,―,―,―,―,―,―,―,―
2026-03-28 18:47:34,185,―,―,―,―,―,―,―,―,―,―
2026-03-28 18:47:34,190,―,―,―,―,―,―,―,―,―,―
2026-03-28 18:47:34,195,―,―,―,―,―,―,―,―,―,―
2026-03-28 18:47:34,200,―,―,―,―,―,―,―,―,―,―
2026-03-28 18:47:34,205,―,―,―,―,―,―,―,―,―,―
2026-03-28 18:47:34,210,―,―,―,―,―,―,―,―,―,―
2026-03-28 18:47:34,215,―,―,―,―,―,―,―,―,―,―
2026-03-28 18:47:34,220,―,―,―,―,―,―,―,―,―,―
2026-03-28 18:47:34,225,―,―,―,―,―,―,―,―,―,―
2026-03-28 18:47:34,230,―,―,―,―,―,―,―,―,―,―
2026-03-28 18:47:34,235,―,―,―,―,―,―,―,―,―,―
2026-03-28 18:47:34,240,―,―,―,―,―,―,―,―,―,―
2026-03-28 18:47:34,245,―,―,―,―,―,―,―,―,―,―
2026-03-28 18:47:34,250,―,―,―,―,―,―,―,―,―,―
2026-03-28 18:47:34,255,―,―,―,―,―,―,―,―,―,―
2026-03-28 18:47:34,260,―,―,―,―,―,―,―,―,―,―
2026-03-28 18:47:34,265,―,―,―,―,―,―,―,―,―,―
2026-03-28 18:47:34,270,―,―,―,―,―,―,―,―,―,―
2026-03-28 18:47:34,275,―,―,―,―,―,―,―,―,―,―
2026-03-28 18:47:34,280,―,―,―,―,―,―,―,―,―,―
2026-03-28 18:47:34,285,―,―,―,―,―,―,―,―,―,―
2026-03-28 18:47:34,290,―,―,―,―,―,―,―,―,―,―
2026-03-28 18:47:34,295,―,―,―,―,―,―,―,―,―,―
2026-03-28 18:47:34,300,―,―,―,―,―,―,―,―,―,―
2026-03-28 18:47:34,305,―,―,―,―,―,―,―,―,―,―
2026-03-28 18:47:34,310,―,―,―,―,―,―,―,―,―,―
2026-03-28 18:47:34,315,―,―,―,―,―,―,―,―,―,―
2026-03-28 18:47:34,320,―,―,―,―,―,―,―,―,―,―
2026-03-28 18:47:34,325,―,―,―,―,―,―,―,―,―,―
2026-03-28 18:47:34,330,―,―,―,―,―,―,―,―,―,―
2026-03-28 18:47:34,335,―,―,―,―,―,―,―,―,―,―
2026-03-28 18:47:34,340,―,―,―,―,―,―,―,―,―,―
2026-03-28 18:47:34,345,―,―,―,―,―,―,―,―,―,―
2026-03-28 18:47:34,350,―,―,―,―,―,―,―,―,―,―
2026-03-28 18:47:34,355,―,―,―,―,―,―,―,―,―,―
2026-03-28 18:47:49,155,―,―,―,―,―,―,―,―,―,―
2026-03-28 18:47:49,160,―,―,―,―,―,―,―,―,―,―
2026-03-28 18:47:49,165,―,―,―,―,―,―,―,―,―,―
2026-03-28 18:47:49,170,―,―,―,―,―,―,―,―,―,―
2026-03-28 18:47:49,175,―,―,―,―,―,―,―,―,―,―
2026-03-28 18:47:49,180,―,―,―,―,―,―,―,―,―,―
2026-03-28 18:47:49,185,―,―,―,―,―,―,―,―,―,―
2026-03-28 18:47:49,190,―,―,―,―,―,―,―,―,―,―
2026-03-28 18:47:49,195,―,―,―,―,―,―,―,―,―,―
2026-03-28 18:47:49,200,―,―,―,―,―,―,―,―,―,―
2026-03-28 18:47:49,205,―,―,―,―,―,―,―,―,―,―
2026-03-28 18:47:49,210,―,―,―,―,―,―,―,―,―,―
2026-03-28 18:47:49,215,―,―,―,―,―,―,―,―,―,―
2026-03-28 18:47:49,220,―,―,―,―,―,―,―,―,―,―
2026-03-28 18:47:49,225,―,―,―,―,―,―,―,―,―,―
2026-03-28 18:47:49,230,―,―,―,―,―,―,―,―,―,―
2026-03-28 18:47:49,235,―,―,―,―,―,―,―,―,―,―
2026-03-28 18:47:49,240,―,―,―,―,―,―,―,―,―,―
2026-03-28 18:47:49,245,―,―,―,―,―,―,―,―,―,―
2026-03-28 18:47:49,250,―,―,―,―,―,―,―,―,―,―
2026-03-28 18:47:49,255,―,―,―,―,―,―,―,―,―,―
2026-03-28 18:47:49,260,―,―,―,―,―,―,―,―,―,―
2026-03-28 18:47:49,265,―,―,―,―,―,―,―,―,―,―
2026-03-28 18:47:49,270,―,―,―,―,―,―,―,―,―,―
2026-03-28 18:47:49,275,―,―,―,―,―,―,―,―,―,―
2026-03-28 18:47:49,280,―,―,―,―,―,―,―,―,―,―
2026-03-28 18:47:49,285,―,―,―,―,―,―,―,―,―,―
2026-03-28 18:47:49,290,―,―,―,―,―,―,―,―,―,―
2026-03-28 18:47:49,295,―,―,―,―,―,―,―,―,―,―
2026-03-28 18:47:49,300,―,―,―,―,―,―,―,―,―,―
2026-03-28 18:47:49,305,―,―,―,―,―,―,―,―,―,―
2026-03-28 18:47:49,310,―,―,―,―,―,―,―,―,―,―
2026-03-28 18:47:49,315,―,―,―,―,―,―,―,―,―,―
2026-03-28 18:47:49,320,―,―,―,―,―,―,―,―,―,―
2026-03-28 18:47:49,325,―,―,―,―,―,―,―,―,―,―
2026-03-28 18:47:49,330,―,―,―,―,―,―,―,―,―,―
2026-03-28 18:47:49,335,―,―,―,―,―,―,―,―,―,―
2026-03-28 18:47:49,340,―,―,―,―,―,―,―,―,―,―
2026-03-28 18:47:49,345,―,―,―,―,―,―,―,―,―,―
2026-03-28 18:47:49,350,―,―,―,―,―,―,―,―,―,―
2026-03-28 18:47:49,355,―,―,―,―,―,―,―,―,―,―
2026-03-28 18:48:04,155,―,―,―,―,―,―,―,―,―,―
2026-03-28 18:48:04,160,―,―,―,―,―,―,―,―,―,―
2026-03-28 18:48:04,165,―,―,―,―,―,―,―,―,―,―
2026-03-28 18:48:04,170,―,―,―,―,―,―,―,―,―,―
2026-03-28 18:48:04,175,―,―,―,―,―,―,―,―,―,―
2026-03-28 18:48:04,180,―,―,―,―,―,―,―,―,―,―
2026-03-28 18:48:04,185,―,―,―,―,―,―,―,―,―,―
2026-03-28 18:48:04,190,―,―,―,―,―,―,―,―,―,―
2026-03-28 18:48:04,195,―,―,―,―,―,―,―,―,―,―
2026-03-28 18:48:04,200,―,―,―,―,―,―,―,―,―,―
2026-03-28 18:48:04,205,―,―,―,―,―,―,―,―,―,―
2026-03-28 18:48:04,210,―,―,―,―,―,―,―,―,―,―
2026-03-28 18:48:04,215,―,―,―,―,―,―,―,―,―,―
2026-03-28 18:48:04,220,―,―,―,―,―,―,―,―,―,―
2026-03-28 18:48:04,225,―,―,―,―,―,―,―,―,―,―
2026-03-28 18:48:04,230,―,―,―,―,―,―,―,―,―,―
2026-03-28 18:48:04,235,―,―,―,―,―,―,―,―,―,―
2026-03-28 18:48:04,240,―,―,―,―,―,―,―,―,―,―
2026-03-28 18:48:04,245,―,―,―,―,―,―,―,―,―,―
2026-03-28 18:48:04,250,―,―,―,―,―,―,―,―,―,―
2026-03-28 18:48:04,255,―,―,―,―,―,―,―,―,―,―
2026-03-28 18:48:04,260,―,―,―,―,―,―,―,―,―,―
2026-03-28 18:48:04,265,―,―,―,―,―,―,―,―,―,―
2026-03-28 18:48:04,270,―,―,―,―,―,―,―,―,―,―
2026-03-28 18:48:04,275,―,―,―,―,―,―,―,―,―,―
2026-03-28 18:48:04,280,―,―,―,―,―,―,―,―,―,―
2026-03-28 18:48:04,285,―,―,―,―,―,―,―,―,―,―
2026-03-28 18:48:04,290,―,―,―,―,―,―,―,―,―,―
2026-03-28 18:48:04,295,―,―,―,―,―,―,―,―,―,―
2026-03-28 18:48:04,300,―,―,―,―,―,―,―,―,―,―
2026-03-28 18:48:04,305,―,―,―,―,―,―,―,―,―,―
2026-03-28 18:48:04,310,―,―,―,―,―,―,―,―,―,―
2026-03-28 18:48:04,315,―,―,―,―,―,―,―,―,―,―
2026-03-28 18:48:04,320,―,―,―,―,―,―,―,―,―,―
2026-03-28 18:48:04,325,―,―,―,―,―,―,―,―,―,―
2026-03-28 18:48:04,330,―,―,―,―,―,―,―,―,―,―
2026-03-28 18:48:04,335,―,―,―,―,―,―,―,―,―,―
2026-03-28 18:48:04,340,―,―,―,―,―,―,―,―,―,―
2026-03-28 18:48:04,345,―,―,―,―,―,―,―,―,―,―
2026-03-28 18:48:04,350,―,―,―,―,―,―,―,―,―,―
2026-03-28 18:48:04,355,―,―,―,―,―,―,―,―,―,―
2026-03-28 18:48:19,155,―,―,―,―,―,―,―,―,―,―
2026-03-28 18:48:19,160,―,―,―,―,―,―,―,―,―,―
2026-03-28 18:48:19,165,―,―,―,―,―,―,―,―,―,―
2026-03-28 18:48:19,170,―,―,―,―,―,―,―,―,―,―
2026-03-28 18:48:19,175,―,―,―,―,―,―,―,―,―,―
2026-03-28 18:48:19,180,―,―,―,―,―,―,―,―,―,―
2026-03-28 18:48:19,185,―,―,―,―,―,―,―,―,―,―
2026-03-28 18:48:19,190,―,―,―,―,―,―,―,―,―,―
2026-03-28 18:48:19,195,―,―,―,―,―,―,―,―,―,―
2026-03-28 18:48:19,200,―,―,―,―,―,―,―,―,―,―
2026-03-28 18:48:19,205,―,―,―,―,―,―,―,―,―,―
2026-03-28 18:48:19,210,―,―,―,―,―,―,―,―,―,―
2026-03-28 18:48:19,215,―,―,―,―,―,―,―,―,―,―
2026-03-28 18:48:19,220,―,―,―,―,―,―,―,―,―,―
2026-03-28 18:48:19,225,―,―,―,―,―,―,―,―,―,―
2026-03-28 18:48:19,230,―,―,―,―,―,―,―,―,―,―
2026-03-28 18:48:19,235,―,―,―,―,―,―,―,―,―,―
2026-03-28 18:48:19,240,―,―,―,―,―,―,―,―,―,―
2026-03-28 18:48:19,245,―,―,―,―,―,―,―,―,―,―
2026-03-28 18:48:19,250,―,―,―,―,―,―,―,―,―,―
2026-03-28 18:48:19,255,―,―,―,―,―,―,―,―,―,―
2026-03-28 18:48:19,260,―,―,―,―,―,―,―,―,―,―
2026-03-28 18:48:19,265,―,―,―,―,―,―,―,―,―,―
2026-03-28 18:48:19,270,―,―,―,―,―,―,―,―,―,―
2026-03-28 18:48:19,275,―,―,―,―,―,―,―,―,―,―
2026-03-28 18:48:19,280,―,―,―,―,―,―,―,―,―,―
2026-03-28 18:48:19,285,―,―,―,―,―,―,―,―,―,―
2026-03-28 18:48:19,290,―,―,―,―,―,―,―,―,―,―
2026-03-28 18:48:19,295,―,―,―,―,―,―,―,―,―,―
2026-03-28 18:48:19,300,―,―,―,―,―,―,―,―,―,―
2026-03-28 18:48:19,305,―,―,―,―,―,―,―,―,―,―
2026-03-28 18:48:19,310,―,―,―,―,―,―,―,―,―,―
2026-03-28 18:48:19,315,―,―,―,―,―,―,―,―,―,―
2026-03-28 18:48:19,320,―,―,―,―,―,―,―,―,―,―
2026-03-28 18:48:19,325,―,―,―,―,―,―,―,―,―,―
2026-03-28 18:48:19,330,―,―,―,―,―,―,―,―,―,―
2026-03-28 18:48:19,335,―,―,―,―,―,―,―,―,―,―
2026-03-28 18:48:19,340,―,―,―,―,―,―,―,―,―,―
2026-03-28 18:48:19,345,―,―,―,―,―,―,―,―,―,―
2026-03-28 18:48:19,350,―,―,―,―,―,―,―,―,―,―
2026-03-28 18:48:19,355,―,―,―,―,―,―,―,―,―,―
2026-03-28 18:48:34,155,―,―,―,―,―,―,―,―,―,―
2026-03-28 18:48:34,160,―,―,―,―,―,―,―,―,―,―
2026-03-28 18:48:34,165,―,―,―,―,―,―,―,―,―,―
2026-03-28 18:48:34,170,―,―,―,―,―,―,―,―,―,―
2026-03-28 18:48:34,175,―,―,―,―,―,―,―,―,―,―
2026-03-28 18:48:34,180,―,―,―,―,―,―,―,―,―,―
2026-03-28 18:48:34,185,―,―,―,―,―,―,―,―,―,―
2026-03-28 18:48:34,190,―,―,―,―,―,―,―,―,―,―
2026-03-28 18:48:34,195,―,―,―,―,―,―,―,―,―,―
2026-03-28 18:48:34,200,―,―,―,―,―,―,―,―,―,―
2026-03-28 18:48:34,205,―,―,―,―,―,―,―,―,―,―
2026-03-28 18:48:34,210,―,―,―,―,―,―,―,―,―,―
2026-03-28 18:48:34,215,―,―,―,―,―,―,―,―,―,―
2026-03-28 18:48:34,220,―,―,―,―,―,―,―,―,―,―
2026-03-28 18:48:34,225,―,―,―,―,―,―,―,―,―,―
2026-03-28 18:48:34,230,―,―,―,―,―,―,―,―,―,―
2026-03-28 18:48:34,235,―,―,―,―,―,―,―,―,―,―
2026-03-28 18:48:34,240,―,―,―,―,―,―,―,―,―,―
2026-03-28 18:48:34,245,―,―,―,―,―,―,―,―,―,―
2026-03-28 18:48:34,250,―,―,―,―,―,―,―,―,―,―
2026-03-28 18:48:34,255,―,―,―,―,―,―,―,―,―,―
2026-03-28 18:48:34,260,―,―,―,―,―,―,―,―,―,―
2026-03-28 18:48:34,265,―,―,―,―,―,―,―,―,―,―
2026-03-28 18:48:34,270,―,―,―,―,―,―,―,―,―,―
2026-03-28 18:48:34,275,―,―,―,―,―,―,―,―,―,―
2026-03-28 18:48:34,280,―,―,―,―,―,―,―,―,―,―
2026-03-28 18:48:34,285,―,―,―,―,―,―,―,―,―,―
2026-03-28 18:48:34,290,―,―,―,―,―,―,―,―,―,―
2026-03-28 18:48:34,295,―,―,―,―,―,―,―,―,―,―
2026-03-28 18:48:34,300,―,―,―,―,―,―,―,―,―,―
2026-03-28 18:48:34,305,―,―,―,―,―,―,―,―,―,―
2026-03-28 18:48:34,310,―,―,―,―,―,―,―,―,―,―
2026-03-28 18:48:34,315,―,―,―,―,―,―,―,―,―,―
2026-03-28 18:48:34,320,―,―,―,―,―,―,―,―,―,―
2026-03-28 18:48:34,325,―,―,―,―,―,―,―,―,―,―
2026-03-28 18:48:34,330,―,―,―,―,―,―,―,―,―,―
2026-03-28 18:48:34,335,―,―,―,―,―,―,―,―,―,―
2026-03-28 18:48:34,340,―,―,―,―,―,―,―,―,―,―
2026-03-28 18:48:34,345,―,―,―,―,―,―,―,―,―,―
2026-03-28 18:48:34,350,―,―,―,―,―,―,―,―,―,―
2026-03-28 18:48:34,355,―,―,―,―,―,―,―,―,―,―
2026-03-28 18:48:49,155,―,―,―,―,―,―,―,―,―,―
2026-03-28 18:48:49,160,―,―,―,―,―,―,―,―,―,―
2026-03-28 18:48:49,165,―,―,―,―,―,―,―,―,―,―
2026-03-28 18:48:49,170,―,―,―,―,―,―,―,―,―,―
2026-03-28 18:48:49,175,―,―,―,―,―,―,―,―,―,―
2026-03-28 18:48:49,180,―,―,―,―,―,―,―,―,―,―
2026-03-28 18:48:49,185,―,―,―,―,―,―,―,―,―,―
2026-03-28 18:48:49,190,―,―,―,―,―,―,―,―,―,―
2026-03-28 18:48:49,195,―,―,―,―,―,―,―,―,―,―
2026-03-28 18:48:49,200,―,―,―,―,―,―,―,―,―,―
2026-03-28 18:48:49,205,―,―,―,―,―,―,―,―,―,―
2026-03-28 18:48:49,210,―,―,―,―,―,―,―,―,―,―
2026-03-28 18:48:49,215,―,―,―,―,―,―,―,―,―,―
2026-03-28 18:48:49,220,―,―,―,―,―,―,―,―,―,―
2026-03-28 18:48:49,225,―,―,―,―,―,―,―,―,―,―
2026-03-28 18:48:49,230,―,―,―,―,―,―,―,―,―,―
2026-03-28 18:48:49,235,―,―,―,―,―,―,―,―,―,―
2026-03-28 18:48:49,240,―,―,―,―,―,―,―,―,―,―
2026-03-28 18:48:49,245,―,―,―,―,―,―,―,―,―,―
2026-03-28 18:48:49,250,―,―,―,―,―,―,―,―,―,―
2026-03-28 18:48:49,255,―,―,―,―,―,―,―,―,―,―
2026-03-28 18:48:49,260,―,―,―,―,―,―,―,―,―,―
2026-03-28 18:48:49,265,―,―,―,―,―,―,―,―,―,―
2026-03-28 18:48:49,270,―,―,―,―,―,―,―,―,―,―
2026-03-28 18:48:49,275,―,―,―,―,―,―,―,―,―,―
2026-03-28 18:48:49,280,―,―,―,―,―,―,―,―,―,―
2026-03-28 18:48:49,285,―,―,―,―,―,―,―,―,―,―
2026-03-28 18:48:49,290,―,―,―,―,―,―,―,―,―,―
2026-03-28 18:48:49,295,―,―,―,―,―,―,―,―,―,―
2026-03-28 18:48:49,300,―,―,―,―,―,―,―,―,―,―
2026-03-28 18:48:49,305,―,―,―,―,―,―,―,―,―,―
2026-03-28 18:48:49,310,―,―,―,―,―,―,―,―,―,―
2026-03-28 18:48:49,315,―,―,―,―,―,―,―,―,―,―
2026-03-28 18:48:49,320,―,―,―,―,―,―,―,―,―,―
2026-03-28 18:48:49,325,―,―,―,―,―,―,―,―,―,―
2026-03-28 18:48:49,330,―,―,―,―,―,―,―,―,―,―
2026-03-28 18:48:49,335,―,―,―,―,―,―,―,―,―,―
2026-03-28 18:48:49,340,―,―,―,―,―,―,―,―,―,―
2026-03-28 18:48:49,345,―,―,―,―,―,―,―,―,―,―
2026-03-28 18:48:49,350,―,―,―,―,―,―,―,―,―,―
2026-03-28 18:48:49,355,―,―,―,―,―,―,―,―,―,―
2026-03-28 18:49:04,155,―,―,―,―,―,―,―,―,―,―
2026-03-28 18:49:04,160,―,―,―,―,―,―,―,―,―,―
2026-03-28 18:49:04,165,―,―,―,―,―,―,―,―,―,―
2026-03-28 18:49:04,170,―,―,―,―,―,―,―,―,―,―
2026-03-28 18:49:04,175,―,―,―,―,―,―,―,―,―,―
2026-03-28 18:49:04,180,―,―,―,―,―,―,―,―,―,―
2026-03-28 18:49:04,185,―,―,―,―,―,―,―,―,―,―
2026-03-28 18:49:04,190,―,―,―,―,―,―,―,―,―,―
2026-03-28 18:49:04,195,―,―,―,―,―,―,―,―,―,―
2026-03-28 18:49:04,200,―,―,―,―,―,―,―,―,―,―
2026-03-28 18:49:04,205,―,―,―,―,―,―,―,―,―,―
2026-03-28 18:49:04,210,―,―,―,―,―,―,―,―,―,―
2026-03-28 18:49:04,215,―,―,―,―,―,―,―,―,―,―
2026-03-28 18:49:04,220,―,―,―,―,―,―,―,―,―,―
2026-03-28 18:49:04,225,―,―,―,―,―,―,―,―,―,―
2026-03-28 18:49:04,230,―,―,―,―,―,―,―,―,―,―
2026-03-28 18:49:04,235,―,―,―,―,―,―,―,―,―,―
2026-03-28 18:49:04,240,―,―,―,―,―,―,―,―,―,―
2026-03-28 18:49:04,245,―,―,―,―,―,―,―,―,―,―
2026-03-28 18:49:04,250,―,―,―,―,―,―,―,―,―,―
2026-03-28 18:49:04,255,―,―,―,―,―,―,―,―,―,―
2026-03-28 18:49:04,260,―,―,―,―,―,―,―,―,―,―
2026-03-28 18:49:04,265,―,―,―,―,―,―,―,―,―,―
2026-03-28 18:49:04,270,―,―,―,―,―,―,―,―,―,―
2026-03-28 18:49:04,275,―,―,―,―,―,―,―,―,―,―
2026-03-28 18:49:04,280,―,―,―,―,―,―,―,―,―,―
2026-03-28 18:49:04,285,―,―,―,―,―,―,―,―,―,―
2026-03-28 18:49:04,290,―,―,―,―,―,―,―,―,―,―
2026-03-28 18:49:04,295,―,―,―,―,―,―,―,―,―,―
2026-03-28 18:49:04,300,―,―,―,―,―,―,―,―,―,―
2026-03-28 18:49:04,305,―,―,―,―,―,―,―,―,―,―
2026-03-28 18:49:04,310,―,―,―,―,―,―,―,―,―,―
2026-03-28 18:49:04,315,―,―,―,―,―,―,―,―,―,―
2026-03-28 18:49:04,320,―,―,―,―,―,―,―,―,―,―
2026-03-28 18:49:04,325,―,―,―,―,―,―,―,―,―,―
2026-03-28 18:49:04,330,―,―,―,―,―,―,―,―,―,―
2026-03-28 18:49:04,335,―,―,―,―,―,―,―,―,―,―
2026-03-28 18:49:04,340,―,―,―,―,―,―,―,―,―,―
2026-03-28 18:49:04,345,―,―,―,―,―,―,―,―,―,―
2026-03-28 18:49:04,350,―,―,―,―,―,―,―,―,―,―
2026-03-28 18:49:04,355,―,―,―,―,―,―,―,―,―,―
2026-03-28 18:49:19,155,―,―,―,―,―,―,―,―,―,―
2026-03-28 18:49:19,160,―,―,―,―,―,―,―,―,―,―
2026-03-28 18:49:19,165,―,―,―,―,―,―,―,―,―,―
2026-03-28 18:49:19,170,―,―,―,―,―,―,―,―,―,―
2026-03-28 18:49:19,175,―,―,―,―,―,―,―,―,―,―
2026-03-28 18:49:19,180,―,―,―,―,―,―,―,―,―,―
2026-03-28 18:49:19,185,―,―,―,―,―,―,―,―,―,―
2026-03-28 18:49:19,190,―,―,―,―,―,―,―,―,―,―
2026-03-28 18:49:19,195,―,―,―,―,―,―,―,―,―,―
2026-03-28 18:49:19,200,―,―,―,―,―,―,―,―,―,―
2026-03-28 18:49:19,205,―,―,―,―,―,―,―,―,―,―
2026-03-28 18:49:19,210,―,―,―,―,―,―,―,―,―,―
2026-03-28 18:49:19,215,―,―,―,―,―,―,―,―,―,―
2026-03-28 18:49:19,220,―,―,―,―,―,―,―,―,―,―
2026-03-28 18:49:19,225,―,―,―,―,―,―,―,―,―,―
2026-03-28 18:49:19,230,―,―,―,―,―,―,―,―,―,―
2026-03-28 18:49:19,235,―,―,―,―,―,―,―,―,―,―
2026-03-28 18:49:19,240,―,―,―,―,―,―,―,―,―,―
2026-03-28 18:49:19,245,―,―,―,―,―,―,―,―,―,―
2026-03-28 18:49:19,250,―,―,―,―,―,―,―,―,―,―
2026-03-28 18:49:19,255,―,―,―,―,―,―,―,―,―,―
2026-03-28 18:49:19,260,―,―,―,―,―,―,―,―,―,―
2026-03-28 18:49:19,265,―,―,―,―,―,―,―,―,―,―
2026-03-28 18:49:19,270,―,―,―,―,―,―,―,―,―,―
2026-03-28 18:49:19,275,―,―,―,―,―,―,―,―,―,―
2026-03-28 18:49:19,280,―,―,―,―,―,―,―,―,―,―
2026-03-28 18:49:19,285,―,―,―,―,―,―,―,―,―,―
2026-03-28 18:49:19,290,―,―,―,―,―,―,―,―,―,―
2026-03-28 18:49:19,295,―,―,―,―,―,―,―,―,―,―
2026-03-28 18:49:19,300,―,―,―,―,―,―,―,―,―,―
2026-03-28 18:49:19,305,―,―,―,―,―,―,―,―,―,―
2026-03-28 18:49:19,310,―,―,―,―,―,―,―,―,―,―
2026-03-28 18:49:19,315,―,―,―,―,―,―,―,―,―,―
2026-03-28 18:49:19,320,―,―,―,―,―,―,―,―,―,―
2026-03-28 18:49:19,325,―,―,―,―,―,―,―,―,―,―
2026-03-28 18:49:19,330,―,―,―,―,―,―,―,―,―,―
2026-03-28 18:49:19,335,―,―,―,―,―,―,―,―,―,―
2026-03-28 18:49:19,340,―,―,―,―,―,―,―,―,―,―
2026-03-28 18:49:19,345,―,―,―,―,―,―,―,―,―,―
2026-03-28 18:49:19,350,―,―,―,―,―,―,―,―,―,―
2026-03-28 18:49:19,355,―,―,―,―,―,―,―,―,―,―
2026-03-28 18:49:34,155,―,―,―,―,―,―,―,―,―,―
2026-03-28 18:49:34,160,―,―,―,―,―,―,―,―,―,―
2026-03-28 18:49:34,165,―,―,―,―,―,―,―,―,―,―
2026-03-28 18:49:34,170,―,―,―,―,―,―,―,―,―,―
2026-03-28 18:49:34,175,―,―,―,―,―,―,―,―,―,―
2026-03-28 18:49:34,180,―,―,―,―,―,―,―,―,―,―
2026-03-28 18:49:34,185,―,―,―,―,―,―,―,―,―,―
2026-03-28 18:49:34,190,―,―,―,―,―,―,―,―,―,―
2026-03-28 18:49:34,195,―,―,―,―,―,―,―,―,―,―
2026-03-28 18:49:34,200,―,―,―,―,―,―,―,―,―,―
2026-03-28 18:49:34,205,―,―,―,―,―,―,―,―,―,―
2026-03-28 18:49:34,210,―,―,―,―,―,―,―,―,―,―
2026-03-28 18:49:34,215,―,―,―,―,―,―,―,―,―,―
2026-03-28 18:49:34,220,―,―,―,―,―,―,―,―,―,―
2026-03-28 18:49:34,225,―,―,―,―,―,―,―,―,―,―
2026-03-28 18:49:34,230,―,―,―,―,―,―,―,―,―,―
2026-03-28 18:49:34,235,―,―,―,―,―,―,―,―,―,―
2026-03-28 18:49:34,240,―,―,―,―,―,―,―,―,―,―
2026-03-28 18:49:34,245,―,―,―,―,―,―,―,―,―,―
2026-03-28 18:49:34,250,―,―,―,―,―,―,―,―,―,―
2026-03-28 18:49:34,255,―,―,―,―,―,―,―,―,―,―
2026-03-28 18:49:34,260,―,―,―,―,―,―,―,―,―,―
2026-03-28 18:49:34,265,―,―,―,―,―,―,―,―,―,―
2026-03-28 18:49:34,270,―,―,―,―,―,―,―,―,―,―
2026-03-28 18:49:34,275,―,―,―,―,―,―,―,―,―,―
2026-03-28 18:49:34,280,―,―,―,―,―,―,―,―,―,―
2026-03-28 18:49:34,285,―,―,―,―,―,―,―,―,―,―
2026-03-28 18:49:34,290,―,―,―,―,―,―,―,―,―,―
2026-03-28 18:49:34,295,―,―,―,―,―,―,―,―,―,―
2026-03-28 18:49:34,300,―,―,―,―,―,―,―,―,―,―
2026-03-28 18:49:34,305,―,―,―,―,―,―,―,―,―,―
2026-03-28 18:49:34,310,―,―,―,―,―,―,―,―,―,―
2026-03-28 18:49:34,315,―,―,―,―,―,―,―,―,―,―
2026-03-28 18:49:34,320,―,―,―,―,―,―,―,―,―,―
2026-03-28 18:49:34,325,―,―,―,―,―,―,―,―,―,―
2026-03-28 18:49:34,330,―,―,―,―,―,―,―,―,―,―
2026-03-28 18:49:34,335,―,―,―,―,―,―,―,―,―,―
2026-03-28 18:49:34,340,―,―,―,―,―,―,―,―,―,―
2026-03-28 18:49:34,345,―,―,―,―,―,―,―,―,―,―
2026-03-28 18:49:34,350,―,―,―,―,―,―,―,―,―,―
2026-03-28 18:49:34,355,―,―,―,―,―,―,―,―,―,―
2026-03-28 18:49:49,155,―,―,―,―,―,―,―,―,―,―
2026-03-28 18:49:49,160,―,―,―,―,―,―,―,―,―,―
2026-03-28 18:49:49,165,―,―,―,―,―,―,―,―,―,―
2026-03-28 18:49:49,170,―,―,―,―,―,―,―,―,―,―
2026-03-28 18:49:49,175,―,―,―,―,―,―,―,―,―,―
2026-03-28 18:49:49,180,―,―,―,―,―,―,―,―,―,―
2026-03-28 18:49:49,185,―,―,―,―,―,―,―,―,―,―
2026-03-28 18:49:49,190,―,―,―,―,―,―,―,―,―,―
2026-03-28 18:49:49,195,―,―,―,―,―,―,―,―,―,―
2026-03-28 18:49:49,200,―,―,―,―,―,―,―,―,―,―
2026-03-28 18:49:49,205,―,―,―,―,―,―,―,―,―,―
2026-03-28 18:49:49,210,―,―,―,―,―,―,―,―,―,―
2026-03-28 18:49:49,215,―,―,―,―,―,―,―,―,―,―
2026-03-28 18:49:49,220,―,―,―,―,―,―,―,―,―,―
2026-03-28 18:49:49,225,―,―,―,―,―,―,―,―,―,―
2026-03-28 18:49:49,230,―,―,―,―,―,―,―,―,―,―
2026-03-28 18:49:49,235,―,―,―,―,―,―,―,―,―,―
2026-03-28 18:49:49,240,―,―,―,―,―,―,―,―,―,―
2026-03-28 18:49:49,245,―,―,―,―,―,―,―,―,―,―
2026-03-28 18:49:49,250,―,―,―,―,―,―,―,―,―,―
2026-03-28 18:49:49,255,―,―,―,―,―,―,―,―,―,―
2026-03-28 18:49:49,260,―,―,―,―,―,―,―,―,―,―
2026-03-28 18:49:49,265,―,―,―,―,―,―,―,―,―,―
2026-03-28 18:49:49,270,―,―,―,―,―,―,―,―,―,―
2026-03-28 18:49:49,275,―,―,―,―,―,―,―,―,―,―
2026-03-28 18:49:49,280,―,―,―,―,―,―,―,―,―,―
2026-03-28 18:49:49,285,―,―,―,―,―,―,―,―,―,―
2026-03-28 18:49:49,290,―,―,―,―,―,―,―,―,―,―
2026-03-28 18:49:49,295,―,―,―,―,―,―,―,―,―,―
2026-03-28 18:49:49,300,―,―,―,―,―,―,―,―,―,―
2026-03-28 18:49:49,305,―,―,―,―,―,―,―,―,―,―
2026-03-28 18:49:49,310,―,―,―,―,―,―,―,―,―,―
2026-03-28 18:49:49,315,―,―,―,―,―,―,―,―,―,―
2026-03-28 18:49:49,320,―,―,―,―,―,―,―,―,―,―
2026-03-28 18:49:49,325,―,―,―,―,―,―,―,―,―,―
2026-03-28 18:49:49,330,―,―,―,―,―,―,―,―,―,―
2026-03-28 18:49:49,335,―,―,―,―,―,―,―,―,―,―
2026-03-28 18:49:49,340,―,―,―,―,―,―,―,―,―,―
2026-03-28 18:49:49,345,―,―,―,―,―,―,―,―,―,―
2026-03-28 18:49:49,350,―,―,―,―,―,―,―,―,―,―
2026-03-28 18:49:49,355,―,―,―,―,―,―,―,―,―,―
2026-03-28 18:50:04,155,―,―,―,―,―,―,―,―,―,―
2026-03-28 18:50:04,160,―,―,―,―,―,―,―,―,―,―
2026-03-28 18:50:04,165,―,―,―,―,―,―,―,―,―,―
2026-03-28 18:50:04,170,―,―,―,―,―,―,―,―,―,―
2026-03-28 18:50:04,175,―,―,―,―,―,―,―,―,―,―
2026-03-28 18:50:04,180,―,―,―,―,―,―,―,―,―,―
2026-03-28 18:50:04,185,―,―,―,―,―,―,―,―,―,―
2026-03-28 18:50:04,190,―,―,―,―,―,―,―,―,―,―
2026-03-28 18:50:04,195,―,―,―,―,―,―,―,―,―,―
2026-03-28 18:50:04,200,―,―,―,―,―,―,―,―,―,―
2026-03-28 18:50:04,205,―,―,―,―,―,―,―,―,―,―
2026-03-28 18:50:04,210,―,―,―,―,―,―,―,―,―,―
2026-03-28 18:50:04,215,―,―,―,―,―,―,―,―,―,―
2026-03-28 18:50:04,220,―,―,―,―,―,―,―,―,―,―
2026-03-28 18:50:04,225,―,―,―,―,―,―,―,―,―,―
2026-03-28 18:50:04,230,―,―,―,―,―,―,―,―,―,―
2026-03-28 18:50:04,235,―,―,―,―,―,―,―,―,―,―
2026-03-28 18:50:04,240,―,―,―,―,―,―,―,―,―,―
2026-03-28 18:50:04,245,―,―,―,―,―,―,―,―,―,―
2026-03-28 18:50:04,250,―,―,―,―,―,―,―,―,―,―
2026-03-28 18:50:04,255,―,―,―,―,―,―,―,―,―,―
2026-03-28 18:50:04,260,―,―,―,―,―,―,―,―,―,―
2026-03-28 18:50:04,265,―,―,―,―,―,―,―,―,―,―
2026-03-28 18:50:04,270,―,―,―,―,―,―,―,―,―,―
2026-03-28 18:50:04,275,―,―,―,―,―,―,―,―,―,―
2026-03-28 18:50:04,280,―,―,―,―,―,―,―,―,―,―
2026-03-28 18:50:04,285,―,―,―,―,―,―,―,―,―,―
2026-03-28 18:50:04,290,―,―,―,―,―,―,―,―,―,―
2026-03-28 18:50:04,295,―,―,―,―,―,―,―,―,―,―
2026-03-28 18:50:04,300,―,―,―,―,―,―,―,―,―,―
2026-03-28 18:50:04,305,―,―,―,―,―,―,―,―,―,―
2026-03-28 18:50:04,310,―,―,―,―,―,―,―,―,―,―
2026-03-28 18:50:04,315,―,―,―,―,―,―,―,―,―,―
2026-03-28 18:50:04,320,―,―,―,―,―,―,―,―,―,―
2026-03-28 18:50:04,325,―,―,―,―,―,―,―,―,―,―
2026-03-28 18:50:04,330,―,―,―,―,―,―,―,―,―,―
2026-03-28 18:50:04,335,―,―,―,―,―,―,―,―,―,―
2026-03-28 18:50:04,340,―,―,―,―,―,―,―,―,―,―
2026-03-28 18:50:04,345,―,―,―,―,―,―,―,―,―,―
2026-03-28 18:50:04,350,―,―,―,―,―,―,―,―,―,―
2026-03-28 18:50:04,355,―,―,―,―,―,―,―,―,―,―
2026-03-28 18:50:19,155,―,―,―,―,―,―,―,―,―,―
2026-03-28 18:50:19,160,―,―,―,―,―,―,―,―,―,―
2026-03-28 18:50:19,165,―,―,―,―,―,―,―,―,―,―
2026-03-28 18:50:19,170,―,―,―,―,―,―,―,―,―,―
2026-03-28 18:50:19,175,―,―,―,―,―,―,―,―,―,―
2026-03-28 18:50:19,180,―,―,―,―,―,―,―,―,―,―
2026-03-28 18:50:19,185,―,―,―,―,―,―,―,―,―,―
2026-03-28 18:50:19,190,―,―,―,―,―,―,―,―,―,―
2026-03-28 18:50:19,195,―,―,―,―,―,―,―,―,―,―
2026-03-28 18:50:19,200,―,―,―,―,―,―,―,―,―,―
2026-03-28 18:50:19,205,―,―,―,―,―,―,―,―,―,―
2026-03-28 18:50:19,210,―,―,―,―,―,―,―,―,―,―
2026-03-28 18:50:19,215,―,―,―,―,―,―,―,―,―,―
2026-03-28 18:50:19,220,―,―,―,―,―,―,―,―,―,―
2026-03-28 18:50:19,225,―,―,―,―,―,―,―,―,―,―
2026-03-28 18:50:19,230,―,―,―,―,―,―,―,―,―,―
2026-03-28 18:50:19,235,―,―,―,―,―,―,―,―,―,―
2026-03-28 18:50:19,240,―,―,―,―,―,―,―,―,―,―
2026-03-28 18:50:19,245,―,―,―,―,―,―,―,―,―,―
2026-03-28 18:50:19,250,―,―,―,―,―,―,―,―,―,―
2026-03-28 18:50:19,255,―,―,―,―,―,―,―,―,―,―
2026-03-28 18:50:19,260,―,―,―,―,―,―,―,―,―,―
2026-03-28 18:50:19,265,―,―,―,―,―,―,―,―,―,―
2026-03-28 18:50:19,270,―,―,―,―,―,―,―,―,―,―
2026-03-28 18:50:19,275,―,―,―,―,―,―,―,―,―,―
2026-03-28 18:50:19,280,―,―,―,―,―,―,―,―,―,―
2026-03-28 18:50:19,285,―,―,―,―,―,―,―,―,―,―
2026-03-28 18:50:19,290,―,―,―,―,―,―,―,―,―,―
2026-03-28 18:50:19,295,―,―,―,―,―,―,―,―,―,―
2026-03-28 18:50:19,300,―,―,―,―,―,―,―,―,―,―
2026-03-28 18:50:19,305,―,―,―,―,―,―,―,―,―,―
2026-03-28 18:50:19,310,―,―,―,―,―,―,―,―,―,―
2026-03-28 18:50:19,315,―,―,―,―,―,―,―,―,―,―
2026-03-28 18:50:19,320,―,―,―,―,―,―,―,―,―,―
2026-03-28 18:50:19,325,―,―,―,―,―,―,―,―,―,―
2026-03-28 18:50:19,330,―,―,―,―,―,―,―,―,―,―
2026-03-28 18:50:19,335,―,―,―,―,―,―,―,―,―,―
2026-03-28 18:50:19,340,―,―,―,―,―,―,―,―,―,―
2026-03-28 18:50:19,345,―,―,―,―,―,―,―,―,―,―
2026-03-28 18:50:19,350,―,―,―,―,―,―,―,―,―,―
2026-03-28 18:50:19,355,―,―,―,―,―,―,―,―,―,―
2026-03-28 18:50:34,155,―,―,―,―,―,―,―,―,―,―
2026-03-28 18:50:34,160,―,―,―,―,―,―,―,―,―,―
2026-03-28 18:50:34,165,―,―,―,―,―,―,―,―,―,―
2026-03-28 18:50:34,170,―,―,―,―,―,―,―,―,―,―
2026-03-28 18:50:34,175,―,―,―,―,―,―,―,―,―,―
2026-03-28 18:50:34,180,―,―,―,―,―,―,―,―,―,―
2026-03-28 18:50:34,185,―,―,―,―,―,―,―,―,―,―
2026-03-28 18:50:34,190,―,―,―,―,―,―,―,―,―,―
2026-03-28 18:50:34,195,―,―,―,―,―,―,―,―,―,―
2026-03-28 18:50:34,200,―,―,―,―,―,―,―,―,―,―
2026-03-28 18:50:34,205,―,―,―,―,―,―,―,―,―,―
2026-03-28 18:50:34,210,―,―,―,―,―,―,―,―,―,―
2026-03-28 18:50:34,215,―,―,―,―,―,―,―,―,―,―
2026-03-28 18:50:34,220,―,―,―,―,―,―,―,―,―,―
2026-03-28 18:50:34,225,―,―,―,―,―,―,―,―,―,―
2026-03-28 18:50:34,230,―,―,―,―,―,―,―,―,―,―
2026-03-28 18:50:34,235,―,―,―,―,―,―,―,―,―,―
2026-03-28 18:50:34,240,―,―,―,―,―,―,―,―,―,―
2026-03-28 18:50:34,245,―,―,―,―,―,―,―,―,―,―
2026-03-28 18:50:34,250,―,―,―,―,―,―,―,―,―,―
2026-03-28 18:50:34,255,―,―,―,―,―,―,―,―,―,―
2026-03-28 18:50:34,260,―,―,―,―,―,―,―,―,―,―
2026-03-28 18:50:34,265,―,―,―,―,―,―,―,―,―,―
2026-03-28 18:50:34,270,―,―,―,―,―,―,―,―,―,―
2026-03-28 18:50:34,275,―,―,―,―,―,―,―,―,―,―
2026-03-28 18:50:34,280,―,―,―,―,―,―,―,―,―,―
2026-03-28 18:50:34,285,―,―,―,―,―,―,―,―,―,―
2026-03-28 18:50:34,290,―,―,―,―,―,―,―,―,―,―
2026-03-28 18:50:34,295,―,―,―,―,―,―,―,―,―,―
2026-03-28 18:50:34,300,―,―,―,―,―,―,―,―,―,―
2026-03-28 18:50:34,305,―,―,―,―,―,―,―,―,―,―
2026-03-28 18:50:34,310,―,―,―,―,―,―,―,―,―,―
2026-03-28 18:50:34,315,―,―,―,―,―,―,―,―,―,―
2026-03-28 18:50:34,320,―,―,―,―,―,―,―,―,―,―
2026-03-28 18:50:34,325,―,―,―,―,―,―,―,―,―,―
2026-03-28 18:50:34,330,―,―,―,―,―,―,―,―,―,―
2026-03-28 18:50:34,335,―,―,―,―,―,―,―,―,―,―
2026-03-28 18:50:34,340,―,―,―,―,―,―,―,―,―,―
2026-03-28 18:50:34,345,―,―,―,―,―,―,―,―,―,―
2026-03-28 18:50:34,350,―,―,―,―,―,―,―,―,―,―
2026-03-28 18:50:34,355,―,―,―,―,―,―,―,―,―,―
2026-03-28 18:50:49,155,―,―,―,―,―,―,―,―,―,―
2026-03-28 18:50:49,160,―,―,―,―,―,―,―,―,―,―
2026-03-28 18:50:49,165,―,―,―,―,―,―,―,―,―,―
2026-03-28 18:50:49,170,―,―,―,―,―,―,―,―,―,―
2026-03-28 18:50:49,175,―,―,―,―,―,―,―,―,―,―
2026-03-28 18:50:49,180,―,―,―,―,―,―,―,―,―,―
2026-03-28 18:50:49,185,―,―,―,―,―,―,―,―,―,―
2026-03-28 18:50:49,190,―,―,―,―,―,―,―,―,―,―
2026-03-28 18:50:49,195,―,―,―,―,―,―,―,―,―,―
2026-03-28 18:50:49,200,―,―,―,―,―,―,―,―,―,―
2026-03-28 18:50:49,205,―,―,―,―,―,―,―,―,―,―
2026-03-28 18:50:49,210,―,―,―,―,―,―,―,―,―,―
2026-03-28 18:50:49,215,―,―,―,―,―,―,―,―,―,―
2026-03-28 18:50:49,220,―,―,―,―,―,―,―,―,―,―
2026-03-28 18:50:49,225,―,―,―,―,―,―,―,―,―,―
2026-03-28 18:50:49,230,―,―,―,―,―,―,―,―,―,―
2026-03-28 18:50:49,235,―,―,―,―,―,―,―,―,―,―
2026-03-28 18:50:49,240,―,―,―,―,―,―,―,―,―,―
2026-03-28 18:50:49,245,―,―,―,―,―,―,―,―,―,―
2026-03-28 18:50:49,250,―,―,―,―,―,―,―,―,―,―
2026-03-28 18:50:49,255,―,―,―,―,―,―,―,―,―,―
2026-03-28 18:50:49,260,―,―,―,―,―,―,―,―,―,―
2026-03-28 18:50:49,265,―,―,―,―,―,―,―,―,―,―
2026-03-28 18:50:49,270,―,―,―,―,―,―,―,―,―,―
2026-03-28 18:50:49,275,―,―,―,―,―,―,―,―,―,―
2026-03-28 18:50:49,280,―,―,―,―,―,―,―,―,―,―
2026-03-28 18:50:49,285,―,―,―,―,―,―,―,―,―,―
2026-03-28 18:50:49,290,―,―,―,―,―,―,―,―,―,―
2026-03-28 18:50:49,295,―,―,―,―,―,―,―,―,―,―
2026-03-28 18:50:49,300,―,―,―,―,―,―,―,―,―,―
2026-03-28 18:50:49,305,―,―,―,―,―,―,―,―,―,―
2026-03-28 18:50:49,310,―,―,―,―,―,―,―,―,―,―
2026-03-28 18:50:49,315,―,―,―,―,―,―,―,―,―,―
2026-03-28 18:50:49,320,―,―,―,―,―,―,―,―,―,―
2026-03-28 18:50:49,325,―,―,―,―,―,―,―,―,―,―
2026-03-28 18:50:49,330,―,―,―,―,―,―,―,―,―,―
2026-03-28 18:50:49,335,―,―,―,―,―,―,―,―,―,―
2026-03-28 18:50:49,340,―,―,―,―,―,―,―,―,―,―
2026-03-28 18:50:49,345,―,―,―,―,―,―,―,―,―,―
2026-03-28 18:50:49,350,―,―,―,―,―,―,―,―,―,―
2026-03-28 18:50:49,355,―,―,―,―,―,―,―,―,―,―
2026-03-28 18:51:04,155,―,―,―,―,―,―,―,―,―,―
2026-03-28 18:51:04,160,―,―,―,―,―,―,―,―,―,―
2026-03-28 18:51:04,165,―,―,―,―,―,―,―,―,―,―
2026-03-28 18:51:04,170,―,―,―,―,―,―,―,―,―,―
2026-03-28 18:51:04,175,―,―,―,―,―,―,―,―,―,―
2026-03-28 18:51:04,180,―,―,―,―,―,―,―,―,―,―
2026-03-28 18:51:04,185,―,―,―,―,―,―,―,―,―,―
2026-03-28 18:51:04,190,―,―,―,―,―,―,―,―,―,―
2026-03-28 18:51:04,195,―,―,―,―,―,―,―,―,―,―
2026-03-28 18:51:04,200,―,―,―,―,―,―,―,―,―,―
2026-03-28 18:51:04,205,―,―,―,―,―,―,―,―,―,―
2026-03-28 18:51:04,210,―,―,―,―,―,―,―,―,―,―
2026-03-28 18:51:04,215,―,―,―,―,―,―,―,―,―,―
2026-03-28 18:51:04,220,―,―,―,―,―,―,―,―,―,―
2026-03-28 18:51:04,225,―,―,―,―,―,―,―,―,―,―
2026-03-28 18:51:04,230,―,―,―,―,―,―,―,―,―,―
2026-03-28 18:51:04,235,―,―,―,―,―,―,―,―,―,―
2026-03-28 18:51:04,240,―,―,―,―,―,―,―,―,―,―
2026-03-28 18:51:04,245,―,―,―,―,―,―,―,―,―,―
2026-03-28 18:51:04,250,―,―,―,―,―,―,―,―,―,―
2026-03-28 18:51:04,255,―,―,―,―,―,―,―,―,―,―
2026-03-28 18:51:04,260,―,―,―,―,―,―,―,―,―,―
2026-03-28 18:51:04,265,―,―,―,―,―,―,―,―,―,―
2026-03-28 18:51:04,270,―,―,―,―,―,―,―,―,―,―
2026-03-28 18:51:04,275,―,―,―,―,―,―,―,―,―,―
2026-03-28 18:51:04,280,―,―,―,―,―,―,―,―,―,―
2026-03-28 18:51:04,285,―,―,―,―,―,―,―,―,―,―
2026-03-28 18:51:04,290,―,―,―,―,―,―,―,―,―,―
2026-03-28 18:51:04,295,―,―,―,―,―,―,―,―,―,―
2026-03-28 18:51:04,300,―,―,―,―,―,―,―,―,―,―
2026-03-28 18:51:04,305,―,―,―,―,―,―,―,―,―,―
2026-03-28 18:51:04,310,―,―,―,―,―,―,―,―,―,―
2026-03-28 18:51:04,315,―,―,―,―,―,―,―,―,―,―
2026-03-28 18:51:04,320,―,―,―,―,―,―,―,―,―,―
2026-03-28 18:51:04,325,―,―,―,―,―,―,―,―,―,―
2026-03-28 18:51:04,330,―,―,―,―,―,―,―,―,―,―
2026-03-28 18:51:04,335,―,―,―,―,―,―,―,―,―,―
2026-03-28 18:51:04,340,―,―,―,―,―,―,―,―,―,―
2026-03-28 18:51:04,345,―,―,―,―,―,―,―,―,―,―
2026-03-28 18:51:04,350,―,―,―,―,―,―,―,―,―,―
2026-03-28 18:51:04,355,―,―,―,―,―,―,―,―,―,―
