time,strike,c_price,c_delta,c_gamma,c_dgamma,p_price,p_delta,p_gamma,p_dgamma,iv_c,iv_p
2026-03-29 00:08:09,6375,136.00,―,―,―,137.30,―,―,―,―,―
2026-03-29 00:08:09,6380,140.70,―,―,―,124.70,―,―,―,―,―
2026-03-29 00:08:09,6385,136.70,―,―,―,116.50,―,―,―,―,―
2026-03-29 00:08:09,6390,127.90,―,―,―,151.60,―,―,―,―,―
2026-03-29 00:08:09,6395,138.00,―,―,―,152.90,―,―,―,―,―
2026-03-29 00:08:09,6400,119.10,―,―,―,145.60,―,―,―,―,―
2026-03-29 00:08:09,6405,―,―,―,―,156.00,―,―,―,―,―
2026-03-29 00:08:09,6410,118.70,―,―,―,158.00,―,―,―,―,―
2026-03-29 00:08:09,6415,125.80,―,―,―,152.80,―,―,―,―,―
2026-03-29 00:08:09,6420,113.60,―,―,―,153.30,―,―,―,―,―
2026-03-29 00:08:09,6425,128.90,―,―,―,154.50,―,―,―,―,―
2026-03-29 00:08:09,6430,108.60,―,―,―,167.70,―,―,―,―,―
2026-03-29 00:08:09,6435,113.90,―,―,―,140.40,―,―,―,―,―
2026-03-29 00:08:09,6440,108.00,―,―,―,175.20,―,―,―,―,―
2026-03-29 00:08:09,6445,127.80,―,―,―,140.60,―,―,―,―,―
2026-03-29 00:08:09,6450,95.20,―,―,―,171.30,―,―,―,―,―
2026-03-29 00:08:09,6455,114.00,―,―,―,―,―,―,―,―,―
2026-03-29 00:08:09,6460,98.20,―,―,―,134.90,―,―,―,―,―
2026-03-29 00:08:09,6465,93.00,―,―,―,―,―,―,―,―,―
2026-03-29 00:08:09,6470,116.10,―,―,―,150.00,―,―,―,―,―
2026-03-29 00:08:09,6475,92.90,―,―,―,176.10,―,―,―,―,―
2026-03-29 00:08:09,6480,86.50,―,―,―,177.00,―,―,―,―,―
2026-03-29 00:08:09,6485,91.30,―,―,―,125.10,―,―,―,―,―
2026-03-29 00:08:09,6490,84.50,―,―,―,192.00,―,―,―,―,―
2026-03-29 00:08:09,6495,80.00,―,―,―,187.80,―,―,―,―,―
2026-03-29 00:08:09,6500,75.00,―,―,―,210.00,―,―,―,―,―
2026-03-29 00:08:09,6505,―,―,―,―,158.40,―,―,―,―,―
2026-03-29 00:08:09,6510,―,―,―,―,171.10,―,―,―,―,―
2026-03-29 00:08:09,6515,78.50,―,―,―,―,―,―,―,―,―
2026-03-29 00:08:09,6520,―,―,―,―,181.80,―,―,―,―,―
2026-03-29 00:08:09,6525,82.50,―,―,―,175.50,―,―,―,―,―
2026-03-29 00:08:09,6530,71.50,―,―,―,207.60,―,―,―,―,―
2026-03-29 00:08:09,6535,72.70,―,―,―,―,―,―,―,―,―
2026-03-29 00:08:09,6540,70.70,―,―,―,―,―,―,―,―,―
2026-03-29 00:08:09,6545,―,―,―,―,230.00,―,―,―,―,―
2026-03-29 00:08:09,6550,63.70,―,―,―,199.80,―,―,―,―,―
2026-03-29 00:08:09,6555,―,―,―,―,―,―,―,―,―,―
2026-03-29 00:08:09,6560,60.30,―,―,―,―,―,―,―,―,―
2026-03-29 00:08:09,6565,56.00,―,―,―,―,―,―,―,―,―
2026-03-29 00:08:09,6570,56.50,―,―,―,―,―,―,―,―,―
2026-03-29 00:08:09,6575,49.20,―,―,―,213.00,―,―,―,―,―
2026-03-29 00:08:24,6375,136.00,―,―,―,137.30,―,―,―,―,―
2026-03-29 00:08:24,6380,140.70,―,―,―,124.70,―,―,―,―,―
2026-03-29 00:08:24,6385,136.70,―,―,―,116.50,―,―,―,―,―
2026-03-29 00:08:24,6390,127.90,―,―,―,151.60,―,―,―,―,―
2026-03-29 00:08:24,6395,138.00,―,―,―,152.90,―,―,―,―,―
2026-03-29 00:08:24,6400,119.10,―,―,―,145.60,―,―,―,―,―
2026-03-29 00:08:24,6405,―,―,―,―,156.00,―,―,―,―,―
2026-03-29 00:08:24,6410,118.70,―,―,―,158.00,―,―,―,―,―
2026-03-29 00:08:24,6415,125.80,―,―,―,152.80,―,―,―,―,―
2026-03-29 00:08:24,6420,113.60,―,―,―,153.30,―,―,―,―,―
2026-03-29 00:08:24,6425,128.90,―,―,―,154.50,―,―,―,―,―
2026-03-29 00:08:24,6430,108.60,―,―,―,167.70,―,―,―,―,―
2026-03-29 00:08:24,6435,113.90,―,―,―,140.40,―,―,―,―,―
2026-03-29 00:08:24,6440,108.00,―,―,―,175.20,―,―,―,―,―
2026-03-29 00:08:24,6445,127.80,―,―,―,140.60,―,―,―,―,―
2026-03-29 00:08:24,6450,95.20,―,―,―,171.30,―,―,―,―,―
2026-03-29 00:08:24,6455,114.00,―,―,―,―,―,―,―,―,―
2026-03-29 00:08:24,6460,98.20,―,―,―,134.90,―,―,―,―,―
2026-03-29 00:08:24,6465,93.00,―,―,―,―,―,―,―,―,―
2026-03-29 00:08:24,6470,116.10,―,―,―,150.00,―,―,―,―,―
2026-03-29 00:08:24,6475,92.90,―,―,―,176.10,―,―,―,―,―
2026-03-29 00:08:24,6480,86.50,―,―,―,177.00,―,―,―,―,―
2026-03-29 00:08:24,6485,91.30,―,―,―,125.10,―,―,―,―,―
2026-03-29 00:08:24,6490,84.50,―,―,―,192.00,―,―,―,―,―
2026-03-29 00:08:24,6495,80.00,―,―,―,187.80,―,―,―,―,―
2026-03-29 00:08:24,6500,75.00,―,―,―,210.00,―,―,―,―,―
2026-03-29 00:08:24,6505,―,―,―,―,158.40,―,―,―,―,―
2026-03-29 00:08:24,6510,―,―,―,―,171.10,―,―,―,―,―
2026-03-29 00:08:24,6515,78.50,―,―,―,―,―,―,―,―,―
2026-03-29 00:08:24,6520,―,―,―,―,181.80,―,―,―,―,―
2026-03-29 00:08:24,6525,82.50,―,―,―,175.50,―,―,―,―,―
2026-03-29 00:08:24,6530,71.50,―,―,―,207.60,―,―,―,―,―
2026-03-29 00:08:24,6535,72.70,―,―,―,―,―,―,―,―,―
2026-03-29 00:08:24,6540,70.70,―,―,―,―,―,―,―,―,―
2026-03-29 00:08:24,6545,―,―,―,―,230.00,―,―,―,―,―
2026-03-29 00:08:24,6550,63.70,―,―,―,199.80,―,―,―,―,―
2026-03-29 00:08:24,6555,―,―,―,―,―,―,―,―,―,―
2026-03-29 00:08:24,6560,60.30,―,―,―,―,―,―,―,―,―
2026-03-29 00:08:24,6565,56.00,―,―,―,―,―,―,―,―,―
2026-03-29 00:08:24,6570,56.50,―,―,―,―,―,―,―,―,―
2026-03-29 00:08:24,6575,49.20,―,―,―,213.00,―,―,―,―,―
2026-03-29 00:08:39,6375,136.00,―,―,―,137.30,―,―,―,―,―
2026-03-29 00:08:39,6380,140.70,―,―,―,124.70,―,―,―,―,―
2026-03-29 00:08:39,6385,136.70,―,―,―,116.50,―,―,―,―,―
2026-03-29 00:08:39,6390,127.90,―,―,―,151.60,―,―,―,―,―
2026-03-29 00:08:39,6395,138.00,―,―,―,152.90,―,―,―,―,―
2026-03-29 00:08:39,6400,119.10,―,―,―,145.60,―,―,―,―,―
2026-03-29 00:08:39,6405,―,―,―,―,156.00,―,―,―,―,―
2026-03-29 00:08:39,6410,118.70,―,―,―,158.00,―,―,―,―,―
2026-03-29 00:08:39,6415,125.80,―,―,―,152.80,―,―,―,―,―
2026-03-29 00:08:39,6420,113.60,―,―,―,153.30,―,―,―,―,―
2026-03-29 00:08:39,6425,128.90,―,―,―,154.50,―,―,―,―,―
2026-03-29 00:08:39,6430,108.60,―,―,―,167.70,―,―,―,―,―
2026-03-29 00:08:39,6435,113.90,―,―,―,140.40,―,―,―,―,―
2026-03-29 00:08:39,6440,108.00,―,―,―,175.20,―,―,―,―,―
2026-03-29 00:08:39,6445,127.80,―,―,―,140.60,―,―,―,―,―
2026-03-29 00:08:39,6450,95.20,―,―,―,171.30,―,―,―,―,―
2026-03-29 00:08:39,6455,114.00,―,―,―,―,―,―,―,―,―
2026-03-29 00:08:39,6460,98.20,―,―,―,134.90,―,―,―,―,―
2026-03-29 00:08:39,6465,93.00,―,―,―,―,―,―,―,―,―
2026-03-29 00:08:39,6470,116.10,―,―,―,150.00,―,―,―,―,―
2026-03-29 00:08:39,6475,92.90,―,―,―,176.10,―,―,―,―,―
2026-03-29 00:08:39,6480,86.50,―,―,―,177.00,―,―,―,―,―
2026-03-29 00:08:39,6485,91.30,―,―,―,125.10,―,―,―,―,―
2026-03-29 00:08:39,6490,84.50,―,―,―,192.00,―,―,―,―,―
2026-03-29 00:08:39,6495,80.00,―,―,―,187.80,―,―,―,―,―
2026-03-29 00:08:39,6500,75.00,―,―,―,210.00,―,―,―,―,―
2026-03-29 00:08:39,6505,―,―,―,―,158.40,―,―,―,―,―
2026-03-29 00:08:39,6510,―,―,―,―,171.10,―,―,―,―,―
2026-03-29 00:08:39,6515,78.50,―,―,―,―,―,―,―,―,―
2026-03-29 00:08:39,6520,―,―,―,―,181.80,―,―,―,―,―
2026-03-29 00:08:39,6525,82.50,―,―,―,175.50,―,―,―,―,―
2026-03-29 00:08:39,6530,71.50,―,―,―,207.60,―,―,―,―,―
2026-03-29 00:08:39,6535,72.70,―,―,―,―,―,―,―,―,―
2026-03-29 00:08:39,6540,70.70,―,―,―,―,―,―,―,―,―
2026-03-29 00:08:39,6545,―,―,―,―,230.00,―,―,―,―,―
2026-03-29 00:08:39,6550,63.70,―,―,―,199.80,―,―,―,―,―
2026-03-29 00:08:39,6555,―,―,―,―,―,―,―,―,―,―
2026-03-29 00:08:39,6560,60.30,―,―,―,―,―,―,―,―,―
2026-03-29 00:08:39,6565,56.00,―,―,―,―,―,―,―,―,―
2026-03-29 00:08:39,6570,56.50,―,―,―,―,―,―,―,―,―
2026-03-29 00:08:39,6575,49.20,―,―,―,213.00,―,―,―,―,―
2026-03-29 00:08:54,6375,136.00,―,―,―,137.30,―,―,―,―,―
2026-03-29 00:08:54,6380,140.70,―,―,―,124.70,―,―,―,―,―
2026-03-29 00:08:54,6385,136.70,―,―,―,116.50,―,―,―,―,―
2026-03-29 00:08:54,6390,127.90,―,―,―,151.60,―,―,―,―,―
2026-03-29 00:08:54,6395,138.00,―,―,―,152.90,―,―,―,―,―
2026-03-29 00:08:54,6400,119.10,―,―,―,145.60,―,―,―,―,―
2026-03-29 00:08:54,6405,―,―,―,―,156.00,―,―,―,―,―
2026-03-29 00:08:54,6410,118.70,―,―,―,158.00,―,―,―,―,―
2026-03-29 00:08:54,6415,125.80,―,―,―,152.80,―,―,―,―,―
2026-03-29 00:08:54,6420,113.60,―,―,―,153.30,―,―,―,―,―
2026-03-29 00:08:54,6425,128.90,―,―,―,154.50,―,―,―,―,―
2026-03-29 00:08:54,6430,108.60,―,―,―,167.70,―,―,―,―,―
2026-03-29 00:08:54,6435,113.90,―,―,―,140.40,―,―,―,―,―
2026-03-29 00:08:54,6440,108.00,―,―,―,175.20,―,―,―,―,―
2026-03-29 00:08:54,6445,127.80,―,―,―,140.60,―,―,―,―,―
2026-03-29 00:08:54,6450,95.20,―,―,―,171.30,―,―,―,―,―
2026-03-29 00:08:54,6455,114.00,―,―,―,―,―,―,―,―,―
2026-03-29 00:08:54,6460,98.20,―,―,―,134.90,―,―,―,―,―
2026-03-29 00:08:54,6465,93.00,―,―,―,―,―,―,―,―,―
2026-03-29 00:08:54,6470,116.10,―,―,―,150.00,―,―,―,―,―
2026-03-29 00:08:54,6475,92.90,―,―,―,176.10,―,―,―,―,―
2026-03-29 00:08:54,6480,86.50,―,―,―,177.00,―,―,―,―,―
2026-03-29 00:08:54,6485,91.30,―,―,―,125.10,―,―,―,―,―
2026-03-29 00:08:54,6490,84.50,―,―,―,192.00,―,―,―,―,―
2026-03-29 00:08:54,6495,80.00,―,―,―,187.80,―,―,―,―,―
2026-03-29 00:08:54,6500,75.00,―,―,―,210.00,―,―,―,―,―
2026-03-29 00:08:54,6505,―,―,―,―,158.40,―,―,―,―,―
2026-03-29 00:08:54,6510,―,―,―,―,171.10,―,―,―,―,―
2026-03-29 00:08:54,6515,78.50,―,―,―,―,―,―,―,―,―
2026-03-29 00:08:54,6520,―,―,―,―,181.80,―,―,―,―,―
2026-03-29 00:08:54,6525,82.50,―,―,―,175.50,―,―,―,―,―
2026-03-29 00:08:54,6530,71.50,―,―,―,207.60,―,―,―,―,―
2026-03-29 00:08:54,6535,72.70,―,―,―,―,―,―,―,―,―
2026-03-29 00:08:54,6540,70.70,―,―,―,―,―,―,―,―,―
2026-03-29 00:08:54,6545,―,―,―,―,230.00,―,―,―,―,―
2026-03-29 00:08:54,6550,63.70,―,―,―,199.80,―,―,―,―,―
2026-03-29 00:08:54,6555,―,―,―,―,―,―,―,―,―,―
2026-03-29 00:08:54,6560,60.30,―,―,―,―,―,―,―,―,―
2026-03-29 00:08:54,6565,56.00,―,―,―,―,―,―,―,―,―
2026-03-29 00:08:54,6570,56.50,―,―,―,―,―,―,―,―,―
2026-03-29 00:08:54,6575,49.20,―,―,―,213.00,―,―,―,―,―
2026-03-29 00:09:09,6375,136.00,―,―,―,137.30,―,―,―,―,―
2026-03-29 00:09:09,6380,140.70,―,―,―,124.70,―,―,―,―,―
2026-03-29 00:09:09,6385,136.70,―,―,―,116.50,―,―,―,―,―
2026-03-29 00:09:09,6390,127.90,―,―,―,151.60,―,―,―,―,―
2026-03-29 00:09:09,6395,138.00,―,―,―,152.90,―,―,―,―,―
2026-03-29 00:09:09,6400,119.10,―,―,―,145.60,―,―,―,―,―
2026-03-29 00:09:09,6405,―,―,―,―,156.00,―,―,―,―,―
2026-03-29 00:09:09,6410,118.70,―,―,―,158.00,―,―,―,―,―
2026-03-29 00:09:09,6415,125.80,―,―,―,152.80,―,―,―,―,―
2026-03-29 00:09:09,6420,113.60,―,―,―,153.30,―,―,―,―,―
2026-03-29 00:09:09,6425,128.90,―,―,―,154.50,―,―,―,―,―
2026-03-29 00:09:09,6430,108.60,―,―,―,167.70,―,―,―,―,―
2026-03-29 00:09:09,6435,113.90,―,―,―,140.40,―,―,―,―,―
2026-03-29 00:09:09,6440,108.00,―,―,―,175.20,―,―,―,―,―
2026-03-29 00:09:09,6445,127.80,―,―,―,140.60,―,―,―,―,―
2026-03-29 00:09:09,6450,95.20,―,―,―,171.30,―,―,―,―,―
2026-03-29 00:09:09,6455,114.00,―,―,―,―,―,―,―,―,―
2026-03-29 00:09:09,6460,98.20,―,―,―,134.90,―,―,―,―,―
2026-03-29 00:09:09,6465,93.00,―,―,―,―,―,―,―,―,―
2026-03-29 00:09:09,6470,116.10,―,―,―,150.00,―,―,―,―,―
2026-03-29 00:09:09,6475,92.90,―,―,―,176.10,―,―,―,―,―
2026-03-29 00:09:09,6480,86.50,―,―,―,177.00,―,―,―,―,―
2026-03-29 00:09:09,6485,91.30,―,―,―,125.10,―,―,―,―,―
2026-03-29 00:09:09,6490,84.50,―,―,―,192.00,―,―,―,―,―
2026-03-29 00:09:09,6495,80.00,―,―,―,187.80,―,―,―,―,―
2026-03-29 00:09:09,6500,75.00,―,―,―,210.00,―,―,―,―,―
2026-03-29 00:09:09,6505,―,―,―,―,158.40,―,―,―,―,―
2026-03-29 00:09:09,6510,―,―,―,―,171.10,―,―,―,―,―
2026-03-29 00:09:09,6515,78.50,―,―,―,―,―,―,―,―,―
2026-03-29 00:09:09,6520,―,―,―,―,181.80,―,―,―,―,―
2026-03-29 00:09:09,6525,82.50,―,―,―,175.50,―,―,―,―,―
2026-03-29 00:09:09,6530,71.50,―,―,―,207.60,―,―,―,―,―
2026-03-29 00:09:09,6535,72.70,―,―,―,―,―,―,―,―,―
2026-03-29 00:09:09,6540,70.70,―,―,―,―,―,―,―,―,―
2026-03-29 00:09:09,6545,―,―,―,―,230.00,―,―,―,―,―
2026-03-29 00:09:09,6550,63.70,―,―,―,199.80,―,―,―,―,―
2026-03-29 00:09:09,6555,―,―,―,―,―,―,―,―,―,―
2026-03-29 00:09:09,6560,60.30,―,―,―,―,―,―,―,―,―
2026-03-29 00:09:09,6565,56.00,―,―,―,―,―,―,―,―,―
2026-03-29 00:09:09,6570,56.50,―,―,―,―,―,―,―,―,―
2026-03-29 00:09:09,6575,49.20,―,―,―,213.00,―,―,―,―,―
2026-03-29 00:09:24,6375,136.00,―,―,―,137.30,―,―,―,―,―
2026-03-29 00:09:24,6380,140.70,―,―,―,124.70,―,―,―,―,―
2026-03-29 00:09:24,6385,136.70,―,―,―,116.50,―,―,―,―,―
2026-03-29 00:09:24,6390,127.90,―,―,―,151.60,―,―,―,―,―
2026-03-29 00:09:24,6395,138.00,―,―,―,152.90,―,―,―,―,―
2026-03-29 00:09:24,6400,119.10,―,―,―,145.60,―,―,―,―,―
2026-03-29 00:09:24,6405,―,―,―,―,156.00,―,―,―,―,―
2026-03-29 00:09:24,6410,118.70,―,―,―,158.00,―,―,―,―,―
2026-03-29 00:09:24,6415,125.80,―,―,―,152.80,―,―,―,―,―
2026-03-29 00:09:24,6420,113.60,―,―,―,153.30,―,―,―,―,―
2026-03-29 00:09:24,6425,128.90,―,―,―,154.50,―,―,―,―,―
2026-03-29 00:09:24,6430,108.60,―,―,―,167.70,―,―,―,―,―
2026-03-29 00:09:24,6435,113.90,―,―,―,140.40,―,―,―,―,―
2026-03-29 00:09:24,6440,108.00,―,―,―,175.20,―,―,―,―,―
2026-03-29 00:09:24,6445,127.80,―,―,―,140.60,―,―,―,―,―
2026-03-29 00:09:24,6450,95.20,―,―,―,171.30,―,―,―,―,―
2026-03-29 00:09:24,6455,114.00,―,―,―,―,―,―,―,―,―
2026-03-29 00:09:24,6460,98.20,―,―,―,134.90,―,―,―,―,―
2026-03-29 00:09:24,6465,93.00,―,―,―,―,―,―,―,―,―
2026-03-29 00:09:24,6470,116.10,―,―,―,150.00,―,―,―,―,―
2026-03-29 00:09:24,6475,92.90,―,―,―,176.10,―,―,―,―,―
2026-03-29 00:09:24,6480,86.50,―,―,―,177.00,―,―,―,―,―
2026-03-29 00:09:24,6485,91.30,―,―,―,125.10,―,―,―,―,―
2026-03-29 00:09:24,6490,84.50,―,―,―,192.00,―,―,―,―,―
2026-03-29 00:09:24,6495,80.00,―,―,―,187.80,―,―,―,―,―
2026-03-29 00:09:24,6500,75.00,―,―,―,210.00,―,―,―,―,―
2026-03-29 00:09:24,6505,―,―,―,―,158.40,―,―,―,―,―
2026-03-29 00:09:24,6510,―,―,―,―,171.10,―,―,―,―,―
2026-03-29 00:09:24,6515,78.50,―,―,―,―,―,―,―,―,―
2026-03-29 00:09:24,6520,―,―,―,―,181.80,―,―,―,―,―
2026-03-29 00:09:24,6525,82.50,―,―,―,175.50,―,―,―,―,―
2026-03-29 00:09:24,6530,71.50,―,―,―,207.60,―,―,―,―,―
2026-03-29 00:09:24,6535,72.70,―,―,―,―,―,―,―,―,―
2026-03-29 00:09:24,6540,70.70,―,―,―,―,―,―,―,―,―
2026-03-29 00:09:24,6545,―,―,―,―,230.00,―,―,―,―,―
2026-03-29 00:09:24,6550,63.70,―,―,―,199.80,―,―,―,―,―
2026-03-29 00:09:24,6555,―,―,―,―,―,―,―,―,―,―
2026-03-29 00:09:24,6560,60.30,―,―,―,―,―,―,―,―,―
2026-03-29 00:09:24,6565,56.00,―,―,―,―,―,―,―,―,―
2026-03-29 00:09:24,6570,56.50,―,―,―,―,―,―,―,―,―
2026-03-29 00:09:24,6575,49.20,―,―,―,213.00,―,―,―,―,―
2026-03-29 00:09:39,6375,136.00,―,―,―,137.30,―,―,―,―,―
2026-03-29 00:09:39,6380,140.70,―,―,―,124.70,―,―,―,―,―
2026-03-29 00:09:39,6385,136.70,―,―,―,116.50,―,―,―,―,―
2026-03-29 00:09:39,6390,127.90,―,―,―,151.60,―,―,―,―,―
2026-03-29 00:09:39,6395,138.00,―,―,―,152.90,―,―,―,―,―
2026-03-29 00:09:39,6400,119.10,―,―,―,145.60,―,―,―,―,―
2026-03-29 00:09:39,6405,―,―,―,―,156.00,―,―,―,―,―
2026-03-29 00:09:39,6410,118.70,―,―,―,158.00,―,―,―,―,―
2026-03-29 00:09:39,6415,125.80,―,―,―,152.80,―,―,―,―,―
2026-03-29 00:09:39,6420,113.60,―,―,―,153.30,―,―,―,―,―
2026-03-29 00:09:39,6425,128.90,―,―,―,154.50,―,―,―,―,―
2026-03-29 00:09:39,6430,108.60,―,―,―,167.70,―,―,―,―,―
2026-03-29 00:09:39,6435,113.90,―,―,―,140.40,―,―,―,―,―
2026-03-29 00:09:39,6440,108.00,―,―,―,175.20,―,―,―,―,―
2026-03-29 00:09:39,6445,127.80,―,―,―,140.60,―,―,―,―,―
2026-03-29 00:09:39,6450,95.20,―,―,―,171.30,―,―,―,―,―
2026-03-29 00:09:39,6455,114.00,―,―,―,―,―,―,―,―,―
2026-03-29 00:09:39,6460,98.20,―,―,―,134.90,―,―,―,―,―
2026-03-29 00:09:39,6465,93.00,―,―,―,―,―,―,―,―,―
2026-03-29 00:09:39,6470,116.10,―,―,―,150.00,―,―,―,―,―
2026-03-29 00:09:39,6475,92.90,―,―,―,176.10,―,―,―,―,―
2026-03-29 00:09:39,6480,86.50,―,―,―,177.00,―,―,―,―,―
2026-03-29 00:09:39,6485,91.30,―,―,―,125.10,―,―,―,―,―
2026-03-29 00:09:39,6490,84.50,―,―,―,192.00,―,―,―,―,―
2026-03-29 00:09:39,6495,80.00,―,―,―,187.80,―,―,―,―,―
2026-03-29 00:09:39,6500,75.00,―,―,―,210.00,―,―,―,―,―
2026-03-29 00:09:39,6505,―,―,―,―,158.40,―,―,―,―,―
2026-03-29 00:09:39,6510,―,―,―,―,171.10,―,―,―,―,―
2026-03-29 00:09:39,6515,78.50,―,―,―,―,―,―,―,―,―
2026-03-29 00:09:39,6520,―,―,―,―,181.80,―,―,―,―,―
2026-03-29 00:09:39,6525,82.50,―,―,―,175.50,―,―,―,―,―
2026-03-29 00:09:39,6530,71.50,―,―,―,207.60,―,―,―,―,―
2026-03-29 00:09:39,6535,72.70,―,―,―,―,―,―,―,―,―
2026-03-29 00:09:39,6540,70.70,―,―,―,―,―,―,―,―,―
2026-03-29 00:09:39,6545,―,―,―,―,230.00,―,―,―,―,―
2026-03-29 00:09:39,6550,63.70,―,―,―,199.80,―,―,―,―,―
2026-03-29 00:09:39,6555,―,―,―,―,―,―,―,―,―,―
2026-03-29 00:09:39,6560,60.30,―,―,―,―,―,―,―,―,―
2026-03-29 00:09:39,6565,56.00,―,―,―,―,―,―,―,―,―
2026-03-29 00:09:39,6570,56.50,―,―,―,―,―,―,―,―,―
2026-03-29 00:09:39,6575,49.20,―,―,―,213.00,―,―,―,―,―
2026-03-29 00:09:54,6375,136.00,―,―,―,137.30,―,―,―,―,―
2026-03-29 00:09:54,6380,140.70,―,―,―,124.70,―,―,―,―,―
2026-03-29 00:09:54,6385,136.70,―,―,―,116.50,―,―,―,―,―
2026-03-29 00:09:54,6390,127.90,―,―,―,151.60,―,―,―,―,―
2026-03-29 00:09:54,6395,138.00,―,―,―,152.90,―,―,―,―,―
2026-03-29 00:09:54,6400,119.10,―,―,―,145.60,―,―,―,―,―
2026-03-29 00:09:54,6405,―,―,―,―,156.00,―,―,―,―,―
2026-03-29 00:09:54,6410,118.70,―,―,―,158.00,―,―,―,―,―
2026-03-29 00:09:54,6415,125.80,―,―,―,152.80,―,―,―,―,―
2026-03-29 00:09:54,6420,113.60,―,―,―,153.30,―,―,―,―,―
2026-03-29 00:09:54,6425,128.90,―,―,―,154.50,―,―,―,―,―
2026-03-29 00:09:54,6430,108.60,―,―,―,167.70,―,―,―,―,―
2026-03-29 00:09:54,6435,113.90,―,―,―,140.40,―,―,―,―,―
2026-03-29 00:09:54,6440,108.00,―,―,―,175.20,―,―,―,―,―
2026-03-29 00:09:54,6445,127.80,―,―,―,140.60,―,―,―,―,―
2026-03-29 00:09:54,6450,95.20,―,―,―,171.30,―,―,―,―,―
2026-03-29 00:09:54,6455,114.00,―,―,―,―,―,―,―,―,―
2026-03-29 00:09:54,6460,98.20,―,―,―,134.90,―,―,―,―,―
2026-03-29 00:09:54,6465,93.00,―,―,―,―,―,―,―,―,―
2026-03-29 00:09:54,6470,116.10,―,―,―,150.00,―,―,―,―,―
2026-03-29 00:09:54,6475,92.90,―,―,―,176.10,―,―,―,―,―
2026-03-29 00:09:54,6480,86.50,―,―,―,177.00,―,―,―,―,―
2026-03-29 00:09:54,6485,91.30,―,―,―,125.10,―,―,―,―,―
2026-03-29 00:09:54,6490,84.50,―,―,―,192.00,―,―,―,―,―
2026-03-29 00:09:54,6495,80.00,―,―,―,187.80,―,―,―,―,―
2026-03-29 00:09:54,6500,75.00,―,―,―,210.00,―,―,―,―,―
2026-03-29 00:09:54,6505,―,―,―,―,158.40,―,―,―,―,―
2026-03-29 00:09:54,6510,―,―,―,―,171.10,―,―,―,―,―
2026-03-29 00:09:54,6515,78.50,―,―,―,―,―,―,―,―,―
2026-03-29 00:09:54,6520,―,―,―,―,181.80,―,―,―,―,―
2026-03-29 00:09:54,6525,82.50,―,―,―,175.50,―,―,―,―,―
2026-03-29 00:09:54,6530,71.50,―,―,―,207.60,―,―,―,―,―
2026-03-29 00:09:54,6535,72.70,―,―,―,―,―,―,―,―,―
2026-03-29 00:09:54,6540,70.70,―,―,―,―,―,―,―,―,―
2026-03-29 00:09:54,6545,―,―,―,―,230.00,―,―,―,―,―
2026-03-29 00:09:54,6550,63.70,―,―,―,199.80,―,―,―,―,―
2026-03-29 00:09:54,6555,―,―,―,―,―,―,―,―,―,―
2026-03-29 00:09:54,6560,60.30,―,―,―,―,―,―,―,―,―
2026-03-29 00:09:54,6565,56.00,―,―,―,―,―,―,―,―,―
2026-03-29 00:09:54,6570,56.50,―,―,―,―,―,―,―,―,―
2026-03-29 00:09:54,6575,49.20,―,―,―,213.00,―,―,―,―,―
2026-03-29 00:10:09,6375,136.00,―,―,―,137.30,―,―,―,―,―
2026-03-29 00:10:09,6380,140.70,―,―,―,124.70,―,―,―,―,―
2026-03-29 00:10:09,6385,136.70,―,―,―,116.50,―,―,―,―,―
2026-03-29 00:10:09,6390,127.90,―,―,―,151.60,―,―,―,―,―
2026-03-29 00:10:09,6395,138.00,―,―,―,152.90,―,―,―,―,―
2026-03-29 00:10:09,6400,119.10,―,―,―,145.60,―,―,―,―,―
2026-03-29 00:10:09,6405,―,―,―,―,156.00,―,―,―,―,―
2026-03-29 00:10:09,6410,118.70,―,―,―,158.00,―,―,―,―,―
2026-03-29 00:10:09,6415,125.80,―,―,―,152.80,―,―,―,―,―
2026-03-29 00:10:09,6420,113.60,―,―,―,153.30,―,―,―,―,―
2026-03-29 00:10:09,6425,128.90,―,―,―,154.50,―,―,―,―,―
2026-03-29 00:10:09,6430,108.60,―,―,―,167.70,―,―,―,―,―
2026-03-29 00:10:09,6435,113.90,―,―,―,140.40,―,―,―,―,―
2026-03-29 00:10:09,6440,108.00,―,―,―,175.20,―,―,―,―,―
2026-03-29 00:10:09,6445,127.80,―,―,―,140.60,―,―,―,―,―
2026-03-29 00:10:09,6450,95.20,―,―,―,171.30,―,―,―,―,―
2026-03-29 00:10:09,6455,114.00,―,―,―,―,―,―,―,―,―
2026-03-29 00:10:09,6460,98.20,―,―,―,134.90,―,―,―,―,―
2026-03-29 00:10:09,6465,93.00,―,―,―,―,―,―,―,―,―
2026-03-29 00:10:09,6470,116.10,―,―,―,150.00,―,―,―,―,―
2026-03-29 00:10:09,6475,92.90,―,―,―,176.10,―,―,―,―,―
2026-03-29 00:10:09,6480,86.50,―,―,―,177.00,―,―,―,―,―
2026-03-29 00:10:09,6485,91.30,―,―,―,125.10,―,―,―,―,―
2026-03-29 00:10:09,6490,84.50,―,―,―,192.00,―,―,―,―,―
2026-03-29 00:10:09,6495,80.00,―,―,―,187.80,―,―,―,―,―
2026-03-29 00:10:09,6500,75.00,―,―,―,210.00,―,―,―,―,―
2026-03-29 00:10:09,6505,―,―,―,―,158.40,―,―,―,―,―
2026-03-29 00:10:09,6510,―,―,―,―,171.10,―,―,―,―,―
2026-03-29 00:10:09,6515,78.50,―,―,―,―,―,―,―,―,―
2026-03-29 00:10:09,6520,―,―,―,―,181.80,―,―,―,―,―
2026-03-29 00:10:09,6525,82.50,―,―,―,175.50,―,―,―,―,―
2026-03-29 00:10:09,6530,71.50,―,―,―,207.60,―,―,―,―,―
2026-03-29 00:10:09,6535,72.70,―,―,―,―,―,―,―,―,―
2026-03-29 00:10:09,6540,70.70,―,―,―,―,―,―,―,―,―
2026-03-29 00:10:09,6545,―,―,―,―,230.00,―,―,―,―,―
2026-03-29 00:10:09,6550,63.70,―,―,―,199.80,―,―,―,―,―
2026-03-29 00:10:09,6555,―,―,―,―,―,―,―,―,―,―
2026-03-29 00:10:09,6560,60.30,―,―,―,―,―,―,―,―,―
2026-03-29 00:10:09,6565,56.00,―,―,―,―,―,―,―,―,―
2026-03-29 00:10:09,6570,56.50,―,―,―,―,―,―,―,―,―
2026-03-29 00:10:09,6575,49.20,―,―,―,213.00,―,―,―,―,―
2026-03-29 00:10:24,6375,136.00,―,―,―,137.30,―,―,―,―,―
2026-03-29 00:10:24,6380,140.70,―,―,―,124.70,―,―,―,―,―
2026-03-29 00:10:24,6385,136.70,―,―,―,116.50,―,―,―,―,―
2026-03-29 00:10:24,6390,127.90,―,―,―,151.60,―,―,―,―,―
2026-03-29 00:10:24,6395,138.00,―,―,―,152.90,―,―,―,―,―
2026-03-29 00:10:24,6400,119.10,―,―,―,145.60,―,―,―,―,―
2026-03-29 00:10:24,6405,―,―,―,―,156.00,―,―,―,―,―
2026-03-29 00:10:24,6410,118.70,―,―,―,158.00,―,―,―,―,―
2026-03-29 00:10:24,6415,125.80,―,―,―,152.80,―,―,―,―,―
2026-03-29 00:10:24,6420,113.60,―,―,―,153.30,―,―,―,―,―
2026-03-29 00:10:24,6425,128.90,―,―,―,154.50,―,―,―,―,―
2026-03-29 00:10:24,6430,108.60,―,―,―,167.70,―,―,―,―,―
2026-03-29 00:10:24,6435,113.90,―,―,―,140.40,―,―,―,―,―
2026-03-29 00:10:24,6440,108.00,―,―,―,175.20,―,―,―,―,―
2026-03-29 00:10:24,6445,127.80,―,―,―,140.60,―,―,―,―,―
2026-03-29 00:10:24,6450,95.20,―,―,―,171.30,―,―,―,―,―
2026-03-29 00:10:24,6455,114.00,―,―,―,―,―,―,―,―,―
2026-03-29 00:10:24,6460,98.20,―,―,―,134.90,―,―,―,―,―
2026-03-29 00:10:24,6465,93.00,―,―,―,―,―,―,―,―,―
2026-03-29 00:10:24,6470,116.10,―,―,―,150.00,―,―,―,―,―
2026-03-29 00:10:24,6475,92.90,―,―,―,176.10,―,―,―,―,―
2026-03-29 00:10:24,6480,86.50,―,―,―,177.00,―,―,―,―,―
2026-03-29 00:10:24,6485,91.30,―,―,―,125.10,―,―,―,―,―
2026-03-29 00:10:24,6490,84.50,―,―,―,192.00,―,―,―,―,―
2026-03-29 00:10:24,6495,80.00,―,―,―,187.80,―,―,―,―,―
2026-03-29 00:10:24,6500,75.00,―,―,―,210.00,―,―,―,―,―
2026-03-29 00:10:24,6505,―,―,―,―,158.40,―,―,―,―,―
2026-03-29 00:10:24,6510,―,―,―,―,171.10,―,―,―,―,―
2026-03-29 00:10:24,6515,78.50,―,―,―,―,―,―,―,―,―
2026-03-29 00:10:24,6520,―,―,―,―,181.80,―,―,―,―,―
2026-03-29 00:10:24,6525,82.50,―,―,―,175.50,―,―,―,―,―
2026-03-29 00:10:24,6530,71.50,―,―,―,207.60,―,―,―,―,―
2026-03-29 00:10:24,6535,72.70,―,―,―,―,―,―,―,―,―
2026-03-29 00:10:24,6540,70.70,―,―,―,―,―,―,―,―,―
2026-03-29 00:10:24,6545,―,―,―,―,230.00,―,―,―,―,―
2026-03-29 00:10:24,6550,63.70,―,―,―,199.80,―,―,―,―,―
2026-03-29 00:10:24,6555,―,―,―,―,―,―,―,―,―,―
2026-03-29 00:10:24,6560,60.30,―,―,―,―,―,―,―,―,―
2026-03-29 00:10:24,6565,56.00,―,―,―,―,―,―,―,―,―
2026-03-29 00:10:24,6570,56.50,―,―,―,―,―,―,―,―,―
2026-03-29 00:10:24,6575,49.20,―,―,―,213.00,―,―,―,―,―
2026-03-29 00:10:39,6375,136.00,―,―,―,137.30,―,―,―,―,―
2026-03-29 00:10:39,6380,140.70,―,―,―,124.70,―,―,―,―,―
2026-03-29 00:10:39,6385,136.70,―,―,―,116.50,―,―,―,―,―
2026-03-29 00:10:39,6390,127.90,―,―,―,151.60,―,―,―,―,―
2026-03-29 00:10:39,6395,138.00,―,―,―,152.90,―,―,―,―,―
2026-03-29 00:10:39,6400,119.10,―,―,―,145.60,―,―,―,―,―
2026-03-29 00:10:39,6405,―,―,―,―,156.00,―,―,―,―,―
2026-03-29 00:10:39,6410,118.70,―,―,―,158.00,―,―,―,―,―
2026-03-29 00:10:39,6415,125.80,―,―,―,152.80,―,―,―,―,―
2026-03-29 00:10:39,6420,113.60,―,―,―,153.30,―,―,―,―,―
2026-03-29 00:10:39,6425,128.90,―,―,―,154.50,―,―,―,―,―
2026-03-29 00:10:39,6430,108.60,―,―,―,167.70,―,―,―,―,―
2026-03-29 00:10:39,6435,113.90,―,―,―,140.40,―,―,―,―,―
2026-03-29 00:10:39,6440,108.00,―,―,―,175.20,―,―,―,―,―
2026-03-29 00:10:39,6445,127.80,―,―,―,140.60,―,―,―,―,―
2026-03-29 00:10:39,6450,95.20,―,―,―,171.30,―,―,―,―,―
2026-03-29 00:10:39,6455,114.00,―,―,―,―,―,―,―,―,―
2026-03-29 00:10:39,6460,98.20,―,―,―,134.90,―,―,―,―,―
2026-03-29 00:10:39,6465,93.00,―,―,―,―,―,―,―,―,―
2026-03-29 00:10:39,6470,116.10,―,―,―,150.00,―,―,―,―,―
2026-03-29 00:10:39,6475,92.90,―,―,―,176.10,―,―,―,―,―
2026-03-29 00:10:39,6480,86.50,―,―,―,177.00,―,―,―,―,―
2026-03-29 00:10:39,6485,91.30,―,―,―,125.10,―,―,―,―,―
2026-03-29 00:10:39,6490,84.50,―,―,―,192.00,―,―,―,―,―
2026-03-29 00:10:39,6495,80.00,―,―,―,187.80,―,―,―,―,―
2026-03-29 00:10:39,6500,75.00,―,―,―,210.00,―,―,―,―,―
2026-03-29 00:10:39,6505,―,―,―,―,158.40,―,―,―,―,―
2026-03-29 00:10:39,6510,―,―,―,―,171.10,―,―,―,―,―
2026-03-29 00:10:39,6515,78.50,―,―,―,―,―,―,―,―,―
2026-03-29 00:10:39,6520,―,―,―,―,181.80,―,―,―,―,―
2026-03-29 00:10:39,6525,82.50,―,―,―,175.50,―,―,―,―,―
2026-03-29 00:10:39,6530,71.50,―,―,―,207.60,―,―,―,―,―
2026-03-29 00:10:39,6535,72.70,―,―,―,―,―,―,―,―,―
2026-03-29 00:10:39,6540,70.70,―,―,―,―,―,―,―,―,―
2026-03-29 00:10:39,6545,―,―,―,―,230.00,―,―,―,―,―
2026-03-29 00:10:39,6550,63.70,―,―,―,199.80,―,―,―,―,―
2026-03-29 00:10:39,6555,―,―,―,―,―,―,―,―,―,―
2026-03-29 00:10:39,6560,60.30,―,―,―,―,―,―,―,―,―
2026-03-29 00:10:39,6565,56.00,―,―,―,―,―,―,―,―,―
2026-03-29 00:10:39,6570,56.50,―,―,―,―,―,―,―,―,―
2026-03-29 00:10:39,6575,49.20,―,―,―,213.00,―,―,―,―,―
2026-03-29 00:10:54,6375,136.00,―,―,―,137.30,―,―,―,―,―
2026-03-29 00:10:54,6380,140.70,―,―,―,124.70,―,―,―,―,―
2026-03-29 00:10:54,6385,136.70,―,―,―,116.50,―,―,―,―,―
2026-03-29 00:10:54,6390,127.90,―,―,―,151.60,―,―,―,―,―
2026-03-29 00:10:54,6395,138.00,―,―,―,152.90,―,―,―,―,―
2026-03-29 00:10:54,6400,119.10,―,―,―,145.60,―,―,―,―,―
2026-03-29 00:10:54,6405,―,―,―,―,156.00,―,―,―,―,―
2026-03-29 00:10:54,6410,118.70,―,―,―,158.00,―,―,―,―,―
2026-03-29 00:10:54,6415,125.80,―,―,―,152.80,―,―,―,―,―
2026-03-29 00:10:54,6420,113.60,―,―,―,153.30,―,―,―,―,―
2026-03-29 00:10:54,6425,128.90,―,―,―,154.50,―,―,―,―,―
2026-03-29 00:10:54,6430,108.60,―,―,―,167.70,―,―,―,―,―
2026-03-29 00:10:54,6435,113.90,―,―,―,140.40,―,―,―,―,―
2026-03-29 00:10:54,6440,108.00,―,―,―,175.20,―,―,―,―,―
2026-03-29 00:10:54,6445,127.80,―,―,―,140.60,―,―,―,―,―
2026-03-29 00:10:54,6450,95.20,―,―,―,171.30,―,―,―,―,―
2026-03-29 00:10:54,6455,114.00,―,―,―,―,―,―,―,―,―
2026-03-29 00:10:54,6460,98.20,―,―,―,134.90,―,―,―,―,―
2026-03-29 00:10:54,6465,93.00,―,―,―,―,―,―,―,―,―
2026-03-29 00:10:54,6470,116.10,―,―,―,150.00,―,―,―,―,―
2026-03-29 00:10:54,6475,92.90,―,―,―,176.10,―,―,―,―,―
2026-03-29 00:10:54,6480,86.50,―,―,―,177.00,―,―,―,―,―
2026-03-29 00:10:54,6485,91.30,―,―,―,125.10,―,―,―,―,―
2026-03-29 00:10:54,6490,84.50,―,―,―,192.00,―,―,―,―,―
2026-03-29 00:10:54,6495,80.00,―,―,―,187.80,―,―,―,―,―
2026-03-29 00:10:54,6500,75.00,―,―,―,210.00,―,―,―,―,―
2026-03-29 00:10:54,6505,―,―,―,―,158.40,―,―,―,―,―
2026-03-29 00:10:54,6510,―,―,―,―,171.10,―,―,―,―,―
2026-03-29 00:10:54,6515,78.50,―,―,―,―,―,―,―,―,―
2026-03-29 00:10:54,6520,―,―,―,―,181.80,―,―,―,―,―
2026-03-29 00:10:54,6525,82.50,―,―,―,175.50,―,―,―,―,―
2026-03-29 00:10:54,6530,71.50,―,―,―,207.60,―,―,―,―,―
2026-03-29 00:10:54,6535,72.70,―,―,―,―,―,―,―,―,―
2026-03-29 00:10:54,6540,70.70,―,―,―,―,―,―,―,―,―
2026-03-29 00:10:54,6545,―,―,―,―,230.00,―,―,―,―,―
2026-03-29 00:10:54,6550,63.70,―,―,―,199.80,―,―,―,―,―
2026-03-29 00:10:54,6555,―,―,―,―,―,―,―,―,―,―
2026-03-29 00:10:54,6560,60.30,―,―,―,―,―,―,―,―,―
2026-03-29 00:10:54,6565,56.00,―,―,―,―,―,―,―,―,―
2026-03-29 00:10:54,6570,56.50,―,―,―,―,―,―,―,―,―
2026-03-29 00:10:54,6575,49.20,―,―,―,213.00,―,―,―,―,―
2026-03-29 00:11:09,6375,136.00,―,―,―,137.30,―,―,―,―,―
2026-03-29 00:11:09,6380,140.70,―,―,―,124.70,―,―,―,―,―
2026-03-29 00:11:09,6385,136.70,―,―,―,116.50,―,―,―,―,―
2026-03-29 00:11:09,6390,127.90,―,―,―,151.60,―,―,―,―,―
2026-03-29 00:11:09,6395,138.00,―,―,―,152.90,―,―,―,―,―
2026-03-29 00:11:09,6400,119.10,―,―,―,145.60,―,―,―,―,―
2026-03-29 00:11:09,6405,―,―,―,―,156.00,―,―,―,―,―
2026-03-29 00:11:09,6410,118.70,―,―,―,158.00,―,―,―,―,―
2026-03-29 00:11:09,6415,125.80,―,―,―,152.80,―,―,―,―,―
2026-03-29 00:11:09,6420,113.60,―,―,―,153.30,―,―,―,―,―
2026-03-29 00:11:09,6425,128.90,―,―,―,154.50,―,―,―,―,―
2026-03-29 00:11:09,6430,108.60,―,―,―,167.70,―,―,―,―,―
2026-03-29 00:11:09,6435,113.90,―,―,―,140.40,―,―,―,―,―
2026-03-29 00:11:09,6440,108.00,―,―,―,175.20,―,―,―,―,―
2026-03-29 00:11:09,6445,127.80,―,―,―,140.60,―,―,―,―,―
2026-03-29 00:11:09,6450,95.20,―,―,―,171.30,―,―,―,―,―
2026-03-29 00:11:09,6455,114.00,―,―,―,―,―,―,―,―,―
2026-03-29 00:11:09,6460,98.20,―,―,―,134.90,―,―,―,―,―
2026-03-29 00:11:09,6465,93.00,―,―,―,―,―,―,―,―,―
2026-03-29 00:11:09,6470,116.10,―,―,―,150.00,―,―,―,―,―
2026-03-29 00:11:09,6475,92.90,―,―,―,176.10,―,―,―,―,―
2026-03-29 00:11:09,6480,86.50,―,―,―,177.00,―,―,―,―,―
2026-03-29 00:11:09,6485,91.30,―,―,―,125.10,―,―,―,―,―
2026-03-29 00:11:09,6490,84.50,―,―,―,192.00,―,―,―,―,―
2026-03-29 00:11:09,6495,80.00,―,―,―,187.80,―,―,―,―,―
2026-03-29 00:11:09,6500,75.00,―,―,―,210.00,―,―,―,―,―
2026-03-29 00:11:09,6505,―,―,―,―,158.40,―,―,―,―,―
2026-03-29 00:11:09,6510,―,―,―,―,171.10,―,―,―,―,―
2026-03-29 00:11:09,6515,78.50,―,―,―,―,―,―,―,―,―
2026-03-29 00:11:09,6520,―,―,―,―,181.80,―,―,―,―,―
2026-03-29 00:11:09,6525,82.50,―,―,―,175.50,―,―,―,―,―
2026-03-29 00:11:09,6530,71.50,―,―,―,207.60,―,―,―,―,―
2026-03-29 00:11:09,6535,72.70,―,―,―,―,―,―,―,―,―
2026-03-29 00:11:09,6540,70.70,―,―,―,―,―,―,―,―,―
2026-03-29 00:11:09,6545,―,―,―,―,230.00,―,―,―,―,―
2026-03-29 00:11:09,6550,63.70,―,―,―,199.80,―,―,―,―,―
2026-03-29 00:11:09,6555,―,―,―,―,―,―,―,―,―,―
2026-03-29 00:11:09,6560,60.30,―,―,―,―,―,―,―,―,―
2026-03-29 00:11:09,6565,56.00,―,―,―,―,―,―,―,―,―
2026-03-29 00:11:09,6570,56.50,―,―,―,―,―,―,―,―,―
2026-03-29 00:11:09,6575,49.20,―,―,―,213.00,―,―,―,―,―
2026-03-29 00:11:24,6375,136.00,―,―,―,137.30,―,―,―,―,―
2026-03-29 00:11:24,6380,140.70,―,―,―,124.70,―,―,―,―,―
2026-03-29 00:11:24,6385,136.70,―,―,―,116.50,―,―,―,―,―
2026-03-29 00:11:24,6390,127.90,―,―,―,151.60,―,―,―,―,―
2026-03-29 00:11:24,6395,138.00,―,―,―,152.90,―,―,―,―,―
2026-03-29 00:11:24,6400,119.10,―,―,―,145.60,―,―,―,―,―
2026-03-29 00:11:24,6405,―,―,―,―,156.00,―,―,―,―,―
2026-03-29 00:11:24,6410,118.70,―,―,―,158.00,―,―,―,―,―
2026-03-29 00:11:24,6415,125.80,―,―,―,152.80,―,―,―,―,―
2026-03-29 00:11:24,6420,113.60,―,―,―,153.30,―,―,―,―,―
2026-03-29 00:11:24,6425,128.90,―,―,―,154.50,―,―,―,―,―
2026-03-29 00:11:24,6430,108.60,―,―,―,167.70,―,―,―,―,―
2026-03-29 00:11:24,6435,113.90,―,―,―,140.40,―,―,―,―,―
2026-03-29 00:11:24,6440,108.00,―,―,―,175.20,―,―,―,―,―
2026-03-29 00:11:24,6445,127.80,―,―,―,140.60,―,―,―,―,―
2026-03-29 00:11:24,6450,95.20,―,―,―,171.30,―,―,―,―,―
2026-03-29 00:11:24,6455,114.00,―,―,―,―,―,―,―,―,―
2026-03-29 00:11:24,6460,98.20,―,―,―,134.90,―,―,―,―,―
2026-03-29 00:11:24,6465,93.00,―,―,―,―,―,―,―,―,―
2026-03-29 00:11:24,6470,116.10,―,―,―,150.00,―,―,―,―,―
2026-03-29 00:11:24,6475,92.90,―,―,―,176.10,―,―,―,―,―
2026-03-29 00:11:24,6480,86.50,―,―,―,177.00,―,―,―,―,―
2026-03-29 00:11:24,6485,91.30,―,―,―,125.10,―,―,―,―,―
2026-03-29 00:11:24,6490,84.50,―,―,―,192.00,―,―,―,―,―
2026-03-29 00:11:24,6495,80.00,―,―,―,187.80,―,―,―,―,―
2026-03-29 00:11:24,6500,75.00,―,―,―,210.00,―,―,―,―,―
2026-03-29 00:11:24,6505,―,―,―,―,158.40,―,―,―,―,―
2026-03-29 00:11:24,6510,―,―,―,―,171.10,―,―,―,―,―
2026-03-29 00:11:24,6515,78.50,―,―,―,―,―,―,―,―,―
2026-03-29 00:11:24,6520,―,―,―,―,181.80,―,―,―,―,―
2026-03-29 00:11:24,6525,82.50,―,―,―,175.50,―,―,―,―,―
2026-03-29 00:11:24,6530,71.50,―,―,―,207.60,―,―,―,―,―
2026-03-29 00:11:24,6535,72.70,―,―,―,―,―,―,―,―,―
2026-03-29 00:11:24,6540,70.70,―,―,―,―,―,―,―,―,―
2026-03-29 00:11:24,6545,―,―,―,―,230.00,―,―,―,―,―
2026-03-29 00:11:24,6550,63.70,―,―,―,199.80,―,―,―,―,―
2026-03-29 00:11:24,6555,―,―,―,―,―,―,―,―,―,―
2026-03-29 00:11:24,6560,60.30,―,―,―,―,―,―,―,―,―
2026-03-29 00:11:24,6565,56.00,―,―,―,―,―,―,―,―,―
2026-03-29 00:11:24,6570,56.50,―,―,―,―,―,―,―,―,―
2026-03-29 00:11:24,6575,49.20,―,―,―,213.00,―,―,―,―,―
2026-03-29 00:11:39,6375,136.00,―,―,―,137.30,―,―,―,―,―
2026-03-29 00:11:39,6380,140.70,―,―,―,124.70,―,―,―,―,―
2026-03-29 00:11:39,6385,136.70,―,―,―,116.50,―,―,―,―,―
2026-03-29 00:11:39,6390,127.90,―,―,―,151.60,―,―,―,―,―
2026-03-29 00:11:39,6395,138.00,―,―,―,152.90,―,―,―,―,―
2026-03-29 00:11:39,6400,119.10,―,―,―,145.60,―,―,―,―,―
2026-03-29 00:11:39,6405,―,―,―,―,156.00,―,―,―,―,―
2026-03-29 00:11:39,6410,118.70,―,―,―,158.00,―,―,―,―,―
2026-03-29 00:11:39,6415,125.80,―,―,―,152.80,―,―,―,―,―
2026-03-29 00:11:39,6420,113.60,―,―,―,153.30,―,―,―,―,―
2026-03-29 00:11:39,6425,128.90,―,―,―,154.50,―,―,―,―,―
2026-03-29 00:11:39,6430,108.60,―,―,―,167.70,―,―,―,―,―
2026-03-29 00:11:39,6435,113.90,―,―,―,140.40,―,―,―,―,―
2026-03-29 00:11:39,6440,108.00,―,―,―,175.20,―,―,―,―,―
2026-03-29 00:11:39,6445,127.80,―,―,―,140.60,―,―,―,―,―
2026-03-29 00:11:39,6450,95.20,―,―,―,171.30,―,―,―,―,―
2026-03-29 00:11:39,6455,114.00,―,―,―,―,―,―,―,―,―
2026-03-29 00:11:39,6460,98.20,―,―,―,134.90,―,―,―,―,―
2026-03-29 00:11:39,6465,93.00,―,―,―,―,―,―,―,―,―
2026-03-29 00:11:39,6470,116.10,―,―,―,150.00,―,―,―,―,―
2026-03-29 00:11:39,6475,92.90,―,―,―,176.10,―,―,―,―,―
2026-03-29 00:11:39,6480,86.50,―,―,―,177.00,―,―,―,―,―
2026-03-29 00:11:39,6485,91.30,―,―,―,125.10,―,―,―,―,―
2026-03-29 00:11:39,6490,84.50,―,―,―,192.00,―,―,―,―,―
2026-03-29 00:11:39,6495,80.00,―,―,―,187.80,―,―,―,―,―
2026-03-29 00:11:39,6500,75.00,―,―,―,210.00,―,―,―,―,―
2026-03-29 00:11:39,6505,―,―,―,―,158.40,―,―,―,―,―
2026-03-29 00:11:39,6510,―,―,―,―,171.10,―,―,―,―,―
2026-03-29 00:11:39,6515,78.50,―,―,―,―,―,―,―,―,―
2026-03-29 00:11:39,6520,―,―,―,―,181.80,―,―,―,―,―
2026-03-29 00:11:39,6525,82.50,―,―,―,175.50,―,―,―,―,―
2026-03-29 00:11:39,6530,71.50,―,―,―,207.60,―,―,―,―,―
2026-03-29 00:11:39,6535,72.70,―,―,―,―,―,―,―,―,―
2026-03-29 00:11:39,6540,70.70,―,―,―,―,―,―,―,―,―
2026-03-29 00:11:39,6545,―,―,―,―,230.00,―,―,―,―,―
2026-03-29 00:11:39,6550,63.70,―,―,―,199.80,―,―,―,―,―
2026-03-29 00:11:39,6555,―,―,―,―,―,―,―,―,―,―
2026-03-29 00:11:39,6560,60.30,―,―,―,―,―,―,―,―,―
2026-03-29 00:11:39,6565,56.00,―,―,―,―,―,―,―,―,―
2026-03-29 00:11:39,6570,56.50,―,―,―,―,―,―,―,―,―
2026-03-29 00:11:39,6575,49.20,―,―,―,213.00,―,―,―,―,―
2026-03-29 00:11:54,6375,136.00,―,―,―,137.30,―,―,―,―,―
2026-03-29 00:11:54,6380,140.70,―,―,―,124.70,―,―,―,―,―
2026-03-29 00:11:54,6385,136.70,―,―,―,116.50,―,―,―,―,―
2026-03-29 00:11:54,6390,127.90,―,―,―,151.60,―,―,―,―,―
2026-03-29 00:11:54,6395,138.00,―,―,―,152.90,―,―,―,―,―
2026-03-29 00:11:54,6400,119.10,―,―,―,145.60,―,―,―,―,―
2026-03-29 00:11:54,6405,―,―,―,―,156.00,―,―,―,―,―
2026-03-29 00:11:54,6410,118.70,―,―,―,158.00,―,―,―,―,―
2026-03-29 00:11:54,6415,125.80,―,―,―,152.80,―,―,―,―,―
2026-03-29 00:11:54,6420,113.60,―,―,―,153.30,―,―,―,―,―
2026-03-29 00:11:54,6425,128.90,―,―,―,154.50,―,―,―,―,―
2026-03-29 00:11:54,6430,108.60,―,―,―,167.70,―,―,―,―,―
2026-03-29 00:11:54,6435,113.90,―,―,―,140.40,―,―,―,―,―
2026-03-29 00:11:54,6440,108.00,―,―,―,175.20,―,―,―,―,―
2026-03-29 00:11:54,6445,127.80,―,―,―,140.60,―,―,―,―,―
2026-03-29 00:11:54,6450,95.20,―,―,―,171.30,―,―,―,―,―
2026-03-29 00:11:54,6455,114.00,―,―,―,―,―,―,―,―,―
2026-03-29 00:11:54,6460,98.20,―,―,―,134.90,―,―,―,―,―
2026-03-29 00:11:54,6465,93.00,―,―,―,―,―,―,―,―,―
2026-03-29 00:11:54,6470,116.10,―,―,―,150.00,―,―,―,―,―
2026-03-29 00:11:54,6475,92.90,―,―,―,176.10,―,―,―,―,―
2026-03-29 00:11:54,6480,86.50,―,―,―,177.00,―,―,―,―,―
2026-03-29 00:11:54,6485,91.30,―,―,―,125.10,―,―,―,―,―
2026-03-29 00:11:54,6490,84.50,―,―,―,192.00,―,―,―,―,―
2026-03-29 00:11:54,6495,80.00,―,―,―,187.80,―,―,―,―,―
2026-03-29 00:11:54,6500,75.00,―,―,―,210.00,―,―,―,―,―
2026-03-29 00:11:54,6505,―,―,―,―,158.40,―,―,―,―,―
2026-03-29 00:11:54,6510,―,―,―,―,171.10,―,―,―,―,―
2026-03-29 00:11:54,6515,78.50,―,―,―,―,―,―,―,―,―
2026-03-29 00:11:54,6520,―,―,―,―,181.80,―,―,―,―,―
2026-03-29 00:11:54,6525,82.50,―,―,―,175.50,―,―,―,―,―
2026-03-29 00:11:54,6530,71.50,―,―,―,207.60,―,―,―,―,―
2026-03-29 00:11:54,6535,72.70,―,―,―,―,―,―,―,―,―
2026-03-29 00:11:54,6540,70.70,―,―,―,―,―,―,―,―,―
2026-03-29 00:11:54,6545,―,―,―,―,230.00,―,―,―,―,―
2026-03-29 00:11:54,6550,63.70,―,―,―,199.80,―,―,―,―,―
2026-03-29 00:11:54,6555,―,―,―,―,―,―,―,―,―,―
2026-03-29 00:11:54,6560,60.30,―,―,―,―,―,―,―,―,―
2026-03-29 00:11:54,6565,56.00,―,―,―,―,―,―,―,―,―
2026-03-29 00:11:54,6570,56.50,―,―,―,―,―,―,―,―,―
2026-03-29 00:11:54,6575,49.20,―,―,―,213.00,―,―,―,―,―
2026-03-29 00:12:09,6375,136.00,―,―,―,137.30,―,―,―,―,―
2026-03-29 00:12:09,6380,140.70,―,―,―,124.70,―,―,―,―,―
2026-03-29 00:12:09,6385,136.70,―,―,―,116.50,―,―,―,―,―
2026-03-29 00:12:09,6390,127.90,―,―,―,151.60,―,―,―,―,―
2026-03-29 00:12:09,6395,138.00,―,―,―,152.90,―,―,―,―,―
2026-03-29 00:12:09,6400,119.10,―,―,―,145.60,―,―,―,―,―
2026-03-29 00:12:09,6405,―,―,―,―,156.00,―,―,―,―,―
2026-03-29 00:12:09,6410,118.70,―,―,―,158.00,―,―,―,―,―
2026-03-29 00:12:09,6415,125.80,―,―,―,152.80,―,―,―,―,―
2026-03-29 00:12:09,6420,113.60,―,―,―,153.30,―,―,―,―,―
2026-03-29 00:12:09,6425,128.90,―,―,―,154.50,―,―,―,―,―
2026-03-29 00:12:09,6430,108.60,―,―,―,167.70,―,―,―,―,―
2026-03-29 00:12:09,6435,113.90,―,―,―,140.40,―,―,―,―,―
2026-03-29 00:12:09,6440,108.00,―,―,―,175.20,―,―,―,―,―
2026-03-29 00:12:09,6445,127.80,―,―,―,140.60,―,―,―,―,―
2026-03-29 00:12:09,6450,95.20,―,―,―,171.30,―,―,―,―,―
2026-03-29 00:12:09,6455,114.00,―,―,―,―,―,―,―,―,―
2026-03-29 00:12:09,6460,98.20,―,―,―,134.90,―,―,―,―,―
2026-03-29 00:12:09,6465,93.00,―,―,―,―,―,―,―,―,―
2026-03-29 00:12:09,6470,116.10,―,―,―,150.00,―,―,―,―,―
2026-03-29 00:12:09,6475,92.90,―,―,―,176.10,―,―,―,―,―
2026-03-29 00:12:09,6480,86.50,―,―,―,177.00,―,―,―,―,―
2026-03-29 00:12:09,6485,91.30,―,―,―,125.10,―,―,―,―,―
2026-03-29 00:12:09,6490,84.50,―,―,―,192.00,―,―,―,―,―
2026-03-29 00:12:09,6495,80.00,―,―,―,187.80,―,―,―,―,―
2026-03-29 00:12:09,6500,75.00,―,―,―,210.00,―,―,―,―,―
2026-03-29 00:12:09,6505,―,―,―,―,158.40,―,―,―,―,―
2026-03-29 00:12:09,6510,―,―,―,―,171.10,―,―,―,―,―
2026-03-29 00:12:09,6515,78.50,―,―,―,―,―,―,―,―,―
2026-03-29 00:12:09,6520,―,―,―,―,181.80,―,―,―,―,―
2026-03-29 00:12:09,6525,82.50,―,―,―,175.50,―,―,―,―,―
2026-03-29 00:12:09,6530,71.50,―,―,―,207.60,―,―,―,―,―
2026-03-29 00:12:09,6535,72.70,―,―,―,―,―,―,―,―,―
2026-03-29 00:12:09,6540,70.70,―,―,―,―,―,―,―,―,―
2026-03-29 00:12:09,6545,―,―,―,―,230.00,―,―,―,―,―
2026-03-29 00:12:09,6550,63.70,―,―,―,199.80,―,―,―,―,―
2026-03-29 00:12:09,6555,―,―,―,―,―,―,―,―,―,―
2026-03-29 00:12:09,6560,60.30,―,―,―,―,―,―,―,―,―
2026-03-29 00:12:09,6565,56.00,―,―,―,―,―,―,―,―,―
2026-03-29 00:12:09,6570,56.50,―,―,―,―,―,―,―,―,―
2026-03-29 00:12:09,6575,49.20,―,―,―,213.00,―,―,―,―,―
2026-03-29 00:12:24,6375,136.00,―,―,―,137.30,―,―,―,―,―
2026-03-29 00:12:24,6380,140.70,―,―,―,124.70,―,―,―,―,―
2026-03-29 00:12:24,6385,136.70,―,―,―,116.50,―,―,―,―,―
2026-03-29 00:12:24,6390,127.90,―,―,―,151.60,―,―,―,―,―
2026-03-29 00:12:24,6395,138.00,―,―,―,152.90,―,―,―,―,―
2026-03-29 00:12:24,6400,119.10,―,―,―,145.60,―,―,―,―,―
2026-03-29 00:12:24,6405,―,―,―,―,156.00,―,―,―,―,―
2026-03-29 00:12:24,6410,118.70,―,―,―,158.00,―,―,―,―,―
2026-03-29 00:12:24,6415,125.80,―,―,―,152.80,―,―,―,―,―
2026-03-29 00:12:24,6420,113.60,―,―,―,153.30,―,―,―,―,―
2026-03-29 00:12:24,6425,128.90,―,―,―,154.50,―,―,―,―,―
2026-03-29 00:12:24,6430,108.60,―,―,―,167.70,―,―,―,―,―
2026-03-29 00:12:24,6435,113.90,―,―,―,140.40,―,―,―,―,―
2026-03-29 00:12:24,6440,108.00,―,―,―,175.20,―,―,―,―,―
2026-03-29 00:12:24,6445,127.80,―,―,―,140.60,―,―,―,―,―
2026-03-29 00:12:24,6450,95.20,―,―,―,171.30,―,―,―,―,―
2026-03-29 00:12:24,6455,114.00,―,―,―,―,―,―,―,―,―
2026-03-29 00:12:24,6460,98.20,―,―,―,134.90,―,―,―,―,―
2026-03-29 00:12:24,6465,93.00,―,―,―,―,―,―,―,―,―
2026-03-29 00:12:24,6470,116.10,―,―,―,150.00,―,―,―,―,―
2026-03-29 00:12:24,6475,92.90,―,―,―,176.10,―,―,―,―,―
2026-03-29 00:12:24,6480,86.50,―,―,―,177.00,―,―,―,―,―
2026-03-29 00:12:24,6485,91.30,―,―,―,125.10,―,―,―,―,―
2026-03-29 00:12:24,6490,84.50,―,―,―,192.00,―,―,―,―,―
2026-03-29 00:12:24,6495,80.00,―,―,―,187.80,―,―,―,―,―
2026-03-29 00:12:24,6500,75.00,―,―,―,210.00,―,―,―,―,―
2026-03-29 00:12:24,6505,―,―,―,―,158.40,―,―,―,―,―
2026-03-29 00:12:24,6510,―,―,―,―,171.10,―,―,―,―,―
2026-03-29 00:12:24,6515,78.50,―,―,―,―,―,―,―,―,―
2026-03-29 00:12:24,6520,―,―,―,―,181.80,―,―,―,―,―
2026-03-29 00:12:24,6525,82.50,―,―,―,175.50,―,―,―,―,―
2026-03-29 00:12:24,6530,71.50,―,―,―,207.60,―,―,―,―,―
2026-03-29 00:12:24,6535,72.70,―,―,―,―,―,―,―,―,―
2026-03-29 00:12:24,6540,70.70,―,―,―,―,―,―,―,―,―
2026-03-29 00:12:24,6545,―,―,―,―,230.00,―,―,―,―,―
2026-03-29 00:12:24,6550,63.70,―,―,―,199.80,―,―,―,―,―
2026-03-29 00:12:24,6555,―,―,―,―,―,―,―,―,―,―
2026-03-29 00:12:24,6560,60.30,―,―,―,―,―,―,―,―,―
2026-03-29 00:12:24,6565,56.00,―,―,―,―,―,―,―,―,―
2026-03-29 00:12:24,6570,56.50,―,―,―,―,―,―,―,―,―
2026-03-29 00:12:24,6575,49.20,―,―,―,213.00,―,―,―,―,―
2026-03-29 00:12:39,6375,136.00,―,―,―,137.30,―,―,―,―,―
2026-03-29 00:12:39,6380,140.70,―,―,―,124.70,―,―,―,―,―
2026-03-29 00:12:39,6385,136.70,―,―,―,116.50,―,―,―,―,―
2026-03-29 00:12:39,6390,127.90,―,―,―,151.60,―,―,―,―,―
2026-03-29 00:12:39,6395,138.00,―,―,―,152.90,―,―,―,―,―
2026-03-29 00:12:39,6400,119.10,―,―,―,145.60,―,―,―,―,―
2026-03-29 00:12:39,6405,―,―,―,―,156.00,―,―,―,―,―
2026-03-29 00:12:39,6410,118.70,―,―,―,158.00,―,―,―,―,―
2026-03-29 00:12:39,6415,125.80,―,―,―,152.80,―,―,―,―,―
2026-03-29 00:12:39,6420,113.60,―,―,―,153.30,―,―,―,―,―
2026-03-29 00:12:39,6425,128.90,―,―,―,154.50,―,―,―,―,―
2026-03-29 00:12:39,6430,108.60,―,―,―,167.70,―,―,―,―,―
2026-03-29 00:12:39,6435,113.90,―,―,―,140.40,―,―,―,―,―
2026-03-29 00:12:39,6440,108.00,―,―,―,175.20,―,―,―,―,―
2026-03-29 00:12:39,6445,127.80,―,―,―,140.60,―,―,―,―,―
2026-03-29 00:12:39,6450,95.20,―,―,―,171.30,―,―,―,―,―
2026-03-29 00:12:39,6455,114.00,―,―,―,―,―,―,―,―,―
2026-03-29 00:12:39,6460,98.20,―,―,―,134.90,―,―,―,―,―
2026-03-29 00:12:39,6465,93.00,―,―,―,―,―,―,―,―,―
2026-03-29 00:12:39,6470,116.10,―,―,―,150.00,―,―,―,―,―
2026-03-29 00:12:39,6475,92.90,―,―,―,176.10,―,―,―,―,―
2026-03-29 00:12:39,6480,86.50,―,―,―,177.00,―,―,―,―,―
2026-03-29 00:12:39,6485,91.30,―,―,―,125.10,―,―,―,―,―
2026-03-29 00:12:39,6490,84.50,―,―,―,192.00,―,―,―,―,―
2026-03-29 00:12:39,6495,80.00,―,―,―,187.80,―,―,―,―,―
2026-03-29 00:12:39,6500,75.00,―,―,―,210.00,―,―,―,―,―
2026-03-29 00:12:39,6505,―,―,―,―,158.40,―,―,―,―,―
2026-03-29 00:12:39,6510,―,―,―,―,171.10,―,―,―,―,―
2026-03-29 00:12:39,6515,78.50,―,―,―,―,―,―,―,―,―
2026-03-29 00:12:39,6520,―,―,―,―,181.80,―,―,―,―,―
2026-03-29 00:12:39,6525,82.50,―,―,―,175.50,―,―,―,―,―
2026-03-29 00:12:39,6530,71.50,―,―,―,207.60,―,―,―,―,―
2026-03-29 00:12:39,6535,72.70,―,―,―,―,―,―,―,―,―
2026-03-29 00:12:39,6540,70.70,―,―,―,―,―,―,―,―,―
2026-03-29 00:12:39,6545,―,―,―,―,230.00,―,―,―,―,―
2026-03-29 00:12:39,6550,63.70,―,―,―,199.80,―,―,―,―,―
2026-03-29 00:12:39,6555,―,―,―,―,―,―,―,―,―,―
2026-03-29 00:12:39,6560,60.30,―,―,―,―,―,―,―,―,―
2026-03-29 00:12:39,6565,56.00,―,―,―,―,―,―,―,―,―
2026-03-29 00:12:39,6570,56.50,―,―,―,―,―,―,―,―,―
2026-03-29 00:12:39,6575,49.20,―,―,―,213.00,―,―,―,―,―
2026-03-29 00:12:54,6375,136.00,―,―,―,137.30,―,―,―,―,―
2026-03-29 00:12:54,6380,140.70,―,―,―,124.70,―,―,―,―,―
2026-03-29 00:12:54,6385,136.70,―,―,―,116.50,―,―,―,―,―
2026-03-29 00:12:54,6390,127.90,―,―,―,151.60,―,―,―,―,―
2026-03-29 00:12:54,6395,138.00,―,―,―,152.90,―,―,―,―,―
2026-03-29 00:12:54,6400,119.10,―,―,―,145.60,―,―,―,―,―
2026-03-29 00:12:54,6405,―,―,―,―,156.00,―,―,―,―,―
2026-03-29 00:12:54,6410,118.70,―,―,―,158.00,―,―,―,―,―
2026-03-29 00:12:54,6415,125.80,―,―,―,152.80,―,―,―,―,―
2026-03-29 00:12:54,6420,113.60,―,―,―,153.30,―,―,―,―,―
2026-03-29 00:12:54,6425,128.90,―,―,―,154.50,―,―,―,―,―
2026-03-29 00:12:54,6430,108.60,―,―,―,167.70,―,―,―,―,―
2026-03-29 00:12:54,6435,113.90,―,―,―,140.40,―,―,―,―,―
2026-03-29 00:12:54,6440,108.00,―,―,―,175.20,―,―,―,―,―
2026-03-29 00:12:54,6445,127.80,―,―,―,140.60,―,―,―,―,―
2026-03-29 00:12:54,6450,95.20,―,―,―,171.30,―,―,―,―,―
2026-03-29 00:12:54,6455,114.00,―,―,―,―,―,―,―,―,―
2026-03-29 00:12:54,6460,98.20,―,―,―,134.90,―,―,―,―,―
2026-03-29 00:12:54,6465,93.00,―,―,―,―,―,―,―,―,―
2026-03-29 00:12:54,6470,116.10,―,―,―,150.00,―,―,―,―,―
2026-03-29 00:12:54,6475,92.90,―,―,―,176.10,―,―,―,―,―
2026-03-29 00:12:54,6480,86.50,―,―,―,177.00,―,―,―,―,―
2026-03-29 00:12:54,6485,91.30,―,―,―,125.10,―,―,―,―,―
2026-03-29 00:12:54,6490,84.50,―,―,―,192.00,―,―,―,―,―
2026-03-29 00:12:54,6495,80.00,―,―,―,187.80,―,―,―,―,―
2026-03-29 00:12:54,6500,75.00,―,―,―,210.00,―,―,―,―,―
2026-03-29 00:12:54,6505,―,―,―,―,158.40,―,―,―,―,―
2026-03-29 00:12:54,6510,―,―,―,―,171.10,―,―,―,―,―
2026-03-29 00:12:54,6515,78.50,―,―,―,―,―,―,―,―,―
2026-03-29 00:12:54,6520,―,―,―,―,181.80,―,―,―,―,―
2026-03-29 00:12:54,6525,82.50,―,―,―,175.50,―,―,―,―,―
2026-03-29 00:12:54,6530,71.50,―,―,―,207.60,―,―,―,―,―
2026-03-29 00:12:54,6535,72.70,―,―,―,―,―,―,―,―,―
2026-03-29 00:12:54,6540,70.70,―,―,―,―,―,―,―,―,―
2026-03-29 00:12:54,6545,―,―,―,―,230.00,―,―,―,―,―
2026-03-29 00:12:54,6550,63.70,―,―,―,199.80,―,―,―,―,―
2026-03-29 00:12:54,6555,―,―,―,―,―,―,―,―,―,―
2026-03-29 00:12:54,6560,60.30,―,―,―,―,―,―,―,―,―
2026-03-29 00:12:54,6565,56.00,―,―,―,―,―,―,―,―,―
2026-03-29 00:12:54,6570,56.50,―,―,―,―,―,―,―,―,―
2026-03-29 00:12:54,6575,49.20,―,―,―,213.00,―,―,―,―,―
2026-03-29 00:13:09,6375,136.00,―,―,―,137.30,―,―,―,―,―
2026-03-29 00:13:09,6380,140.70,―,―,―,124.70,―,―,―,―,―
2026-03-29 00:13:09,6385,136.70,―,―,―,116.50,―,―,―,―,―
2026-03-29 00:13:09,6390,127.90,―,―,―,151.60,―,―,―,―,―
2026-03-29 00:13:09,6395,138.00,―,―,―,152.90,―,―,―,―,―
2026-03-29 00:13:09,6400,119.10,―,―,―,145.60,―,―,―,―,―
2026-03-29 00:13:09,6405,―,―,―,―,156.00,―,―,―,―,―
2026-03-29 00:13:09,6410,118.70,―,―,―,158.00,―,―,―,―,―
2026-03-29 00:13:09,6415,125.80,―,―,―,152.80,―,―,―,―,―
2026-03-29 00:13:09,6420,113.60,―,―,―,153.30,―,―,―,―,―
2026-03-29 00:13:09,6425,128.90,―,―,―,154.50,―,―,―,―,―
2026-03-29 00:13:09,6430,108.60,―,―,―,167.70,―,―,―,―,―
2026-03-29 00:13:09,6435,113.90,―,―,―,140.40,―,―,―,―,―
2026-03-29 00:13:09,6440,108.00,―,―,―,175.20,―,―,―,―,―
2026-03-29 00:13:09,6445,127.80,―,―,―,140.60,―,―,―,―,―
2026-03-29 00:13:09,6450,95.20,―,―,―,171.30,―,―,―,―,―
2026-03-29 00:13:09,6455,114.00,―,―,―,―,―,―,―,―,―
2026-03-29 00:13:09,6460,98.20,―,―,―,134.90,―,―,―,―,―
2026-03-29 00:13:09,6465,93.00,―,―,―,―,―,―,―,―,―
2026-03-29 00:13:09,6470,116.10,―,―,―,150.00,―,―,―,―,―
2026-03-29 00:13:09,6475,92.90,―,―,―,176.10,―,―,―,―,―
2026-03-29 00:13:09,6480,86.50,―,―,―,177.00,―,―,―,―,―
2026-03-29 00:13:09,6485,91.30,―,―,―,125.10,―,―,―,―,―
2026-03-29 00:13:09,6490,84.50,―,―,―,192.00,―,―,―,―,―
2026-03-29 00:13:09,6495,80.00,―,―,―,187.80,―,―,―,―,―
2026-03-29 00:13:09,6500,75.00,―,―,―,210.00,―,―,―,―,―
2026-03-29 00:13:09,6505,―,―,―,―,158.40,―,―,―,―,―
2026-03-29 00:13:09,6510,―,―,―,―,171.10,―,―,―,―,―
2026-03-29 00:13:09,6515,78.50,―,―,―,―,―,―,―,―,―
2026-03-29 00:13:09,6520,―,―,―,―,181.80,―,―,―,―,―
2026-03-29 00:13:09,6525,82.50,―,―,―,175.50,―,―,―,―,―
2026-03-29 00:13:09,6530,71.50,―,―,―,207.60,―,―,―,―,―
2026-03-29 00:13:09,6535,72.70,―,―,―,―,―,―,―,―,―
2026-03-29 00:13:09,6540,70.70,―,―,―,―,―,―,―,―,―
2026-03-29 00:13:09,6545,―,―,―,―,230.00,―,―,―,―,―
2026-03-29 00:13:09,6550,63.70,―,―,―,199.80,―,―,―,―,―
2026-03-29 00:13:09,6555,―,―,―,―,―,―,―,―,―,―
2026-03-29 00:13:09,6560,60.30,―,―,―,―,―,―,―,―,―
2026-03-29 00:13:09,6565,56.00,―,―,―,―,―,―,―,―,―
2026-03-29 00:13:09,6570,56.50,―,―,―,―,―,―,―,―,―
2026-03-29 00:13:09,6575,49.20,―,―,―,213.00,―,―,―,―,―
2026-03-29 00:13:24,6375,136.00,―,―,―,137.30,―,―,―,―,―
2026-03-29 00:13:24,6380,140.70,―,―,―,124.70,―,―,―,―,―
2026-03-29 00:13:24,6385,136.70,―,―,―,116.50,―,―,―,―,―
2026-03-29 00:13:24,6390,127.90,―,―,―,151.60,―,―,―,―,―
2026-03-29 00:13:24,6395,138.00,―,―,―,152.90,―,―,―,―,―
2026-03-29 00:13:24,6400,119.10,―,―,―,145.60,―,―,―,―,―
2026-03-29 00:13:24,6405,―,―,―,―,156.00,―,―,―,―,―
2026-03-29 00:13:24,6410,118.70,―,―,―,158.00,―,―,―,―,―
2026-03-29 00:13:24,6415,125.80,―,―,―,152.80,―,―,―,―,―
2026-03-29 00:13:24,6420,113.60,―,―,―,153.30,―,―,―,―,―
2026-03-29 00:13:24,6425,128.90,―,―,―,154.50,―,―,―,―,―
2026-03-29 00:13:24,6430,108.60,―,―,―,167.70,―,―,―,―,―
2026-03-29 00:13:24,6435,113.90,―,―,―,140.40,―,―,―,―,―
2026-03-29 00:13:24,6440,108.00,―,―,―,175.20,―,―,―,―,―
2026-03-29 00:13:24,6445,127.80,―,―,―,140.60,―,―,―,―,―
2026-03-29 00:13:24,6450,95.20,―,―,―,171.30,―,―,―,―,―
2026-03-29 00:13:24,6455,114.00,―,―,―,―,―,―,―,―,―
2026-03-29 00:13:24,6460,98.20,―,―,―,134.90,―,―,―,―,―
2026-03-29 00:13:24,6465,93.00,―,―,―,―,―,―,―,―,―
2026-03-29 00:13:24,6470,116.10,―,―,―,150.00,―,―,―,―,―
2026-03-29 00:13:24,6475,92.90,―,―,―,176.10,―,―,―,―,―
2026-03-29 00:13:24,6480,86.50,―,―,―,177.00,―,―,―,―,―
2026-03-29 00:13:24,6485,91.30,―,―,―,125.10,―,―,―,―,―
2026-03-29 00:13:24,6490,84.50,―,―,―,192.00,―,―,―,―,―
2026-03-29 00:13:24,6495,80.00,―,―,―,187.80,―,―,―,―,―
2026-03-29 00:13:24,6500,75.00,―,―,―,210.00,―,―,―,―,―
2026-03-29 00:13:24,6505,―,―,―,―,158.40,―,―,―,―,―
2026-03-29 00:13:24,6510,―,―,―,―,171.10,―,―,―,―,―
2026-03-29 00:13:24,6515,78.50,―,―,―,―,―,―,―,―,―
2026-03-29 00:13:24,6520,―,―,―,―,181.80,―,―,―,―,―
2026-03-29 00:13:24,6525,82.50,―,―,―,175.50,―,―,―,―,―
2026-03-29 00:13:24,6530,71.50,―,―,―,207.60,―,―,―,―,―
2026-03-29 00:13:24,6535,72.70,―,―,―,―,―,―,―,―,―
2026-03-29 00:13:24,6540,70.70,―,―,―,―,―,―,―,―,―
2026-03-29 00:13:24,6545,―,―,―,―,230.00,―,―,―,―,―
2026-03-29 00:13:24,6550,63.70,―,―,―,199.80,―,―,―,―,―
2026-03-29 00:13:24,6555,―,―,―,―,―,―,―,―,―,―
2026-03-29 00:13:24,6560,60.30,―,―,―,―,―,―,―,―,―
2026-03-29 00:13:24,6565,56.00,―,―,―,―,―,―,―,―,―
2026-03-29 00:13:24,6570,56.50,―,―,―,―,―,―,―,―,―
2026-03-29 00:13:24,6575,49.20,―,―,―,213.00,―,―,―,―,―
2026-03-29 00:13:39,6375,136.00,―,―,―,137.30,―,―,―,―,―
2026-03-29 00:13:39,6380,140.70,―,―,―,124.70,―,―,―,―,―
2026-03-29 00:13:39,6385,136.70,―,―,―,116.50,―,―,―,―,―
2026-03-29 00:13:39,6390,127.90,―,―,―,151.60,―,―,―,―,―
2026-03-29 00:13:39,6395,138.00,―,―,―,152.90,―,―,―,―,―
2026-03-29 00:13:39,6400,119.10,―,―,―,145.60,―,―,―,―,―
2026-03-29 00:13:39,6405,―,―,―,―,156.00,―,―,―,―,―
2026-03-29 00:13:39,6410,118.70,―,―,―,158.00,―,―,―,―,―
2026-03-29 00:13:39,6415,125.80,―,―,―,152.80,―,―,―,―,―
2026-03-29 00:13:39,6420,113.60,―,―,―,153.30,―,―,―,―,―
2026-03-29 00:13:39,6425,128.90,―,―,―,154.50,―,―,―,―,―
2026-03-29 00:13:39,6430,108.60,―,―,―,167.70,―,―,―,―,―
2026-03-29 00:13:39,6435,113.90,―,―,―,140.40,―,―,―,―,―
2026-03-29 00:13:39,6440,108.00,―,―,―,175.20,―,―,―,―,―
2026-03-29 00:13:39,6445,127.80,―,―,―,140.60,―,―,―,―,―
2026-03-29 00:13:39,6450,95.20,―,―,―,171.30,―,―,―,―,―
2026-03-29 00:13:39,6455,114.00,―,―,―,―,―,―,―,―,―
2026-03-29 00:13:39,6460,98.20,―,―,―,134.90,―,―,―,―,―
2026-03-29 00:13:39,6465,93.00,―,―,―,―,―,―,―,―,―
2026-03-29 00:13:39,6470,116.10,―,―,―,150.00,―,―,―,―,―
2026-03-29 00:13:39,6475,92.90,―,―,―,176.10,―,―,―,―,―
2026-03-29 00:13:39,6480,86.50,―,―,―,177.00,―,―,―,―,―
2026-03-29 00:13:39,6485,91.30,―,―,―,125.10,―,―,―,―,―
2026-03-29 00:13:39,6490,84.50,―,―,―,192.00,―,―,―,―,―
2026-03-29 00:13:39,6495,80.00,―,―,―,187.80,―,―,―,―,―
2026-03-29 00:13:39,6500,75.00,―,―,―,210.00,―,―,―,―,―
2026-03-29 00:13:39,6505,―,―,―,―,158.40,―,―,―,―,―
2026-03-29 00:13:39,6510,―,―,―,―,171.10,―,―,―,―,―
2026-03-29 00:13:39,6515,78.50,―,―,―,―,―,―,―,―,―
2026-03-29 00:13:39,6520,―,―,―,―,181.80,―,―,―,―,―
2026-03-29 00:13:39,6525,82.50,―,―,―,175.50,―,―,―,―,―
2026-03-29 00:13:39,6530,71.50,―,―,―,207.60,―,―,―,―,―
2026-03-29 00:13:39,6535,72.70,―,―,―,―,―,―,―,―,―
2026-03-29 00:13:39,6540,70.70,―,―,―,―,―,―,―,―,―
2026-03-29 00:13:39,6545,―,―,―,―,230.00,―,―,―,―,―
2026-03-29 00:13:39,6550,63.70,―,―,―,199.80,―,―,―,―,―
2026-03-29 00:13:39,6555,―,―,―,―,―,―,―,―,―,―
2026-03-29 00:13:39,6560,60.30,―,―,―,―,―,―,―,―,―
2026-03-29 00:13:39,6565,56.00,―,―,―,―,―,―,―,―,―
2026-03-29 00:13:39,6570,56.50,―,―,―,―,―,―,―,―,―
2026-03-29 00:13:39,6575,49.20,―,―,―,213.00,―,―,―,―,―
2026-03-29 00:13:54,6375,136.00,―,―,―,137.30,―,―,―,―,―
2026-03-29 00:13:54,6380,140.70,―,―,―,124.70,―,―,―,―,―
2026-03-29 00:13:54,6385,136.70,―,―,―,116.50,―,―,―,―,―
2026-03-29 00:13:54,6390,127.90,―,―,―,151.60,―,―,―,―,―
2026-03-29 00:13:54,6395,138.00,―,―,―,152.90,―,―,―,―,―
2026-03-29 00:13:54,6400,119.10,―,―,―,145.60,―,―,―,―,―
2026-03-29 00:13:54,6405,―,―,―,―,156.00,―,―,―,―,―
2026-03-29 00:13:54,6410,118.70,―,―,―,158.00,―,―,―,―,―
2026-03-29 00:13:54,6415,125.80,―,―,―,152.80,―,―,―,―,―
2026-03-29 00:13:54,6420,113.60,―,―,―,153.30,―,―,―,―,―
2026-03-29 00:13:54,6425,128.90,―,―,―,154.50,―,―,―,―,―
2026-03-29 00:13:54,6430,108.60,―,―,―,167.70,―,―,―,―,―
2026-03-29 00:13:54,6435,113.90,―,―,―,140.40,―,―,―,―,―
2026-03-29 00:13:54,6440,108.00,―,―,―,175.20,―,―,―,―,―
2026-03-29 00:13:54,6445,127.80,―,―,―,140.60,―,―,―,―,―
2026-03-29 00:13:54,6450,95.20,―,―,―,171.30,―,―,―,―,―
2026-03-29 00:13:54,6455,114.00,―,―,―,―,―,―,―,―,―
2026-03-29 00:13:54,6460,98.20,―,―,―,134.90,―,―,―,―,―
2026-03-29 00:13:54,6465,93.00,―,―,―,―,―,―,―,―,―
2026-03-29 00:13:54,6470,116.10,―,―,―,150.00,―,―,―,―,―
2026-03-29 00:13:54,6475,92.90,―,―,―,176.10,―,―,―,―,―
2026-03-29 00:13:54,6480,86.50,―,―,―,177.00,―,―,―,―,―
2026-03-29 00:13:54,6485,91.30,―,―,―,125.10,―,―,―,―,―
2026-03-29 00:13:54,6490,84.50,―,―,―,192.00,―,―,―,―,―
2026-03-29 00:13:54,6495,80.00,―,―,―,187.80,―,―,―,―,―
2026-03-29 00:13:54,6500,75.00,―,―,―,210.00,―,―,―,―,―
2026-03-29 00:13:54,6505,―,―,―,―,158.40,―,―,―,―,―
2026-03-29 00:13:54,6510,―,―,―,―,171.10,―,―,―,―,―
2026-03-29 00:13:54,6515,78.50,―,―,―,―,―,―,―,―,―
2026-03-29 00:13:54,6520,―,―,―,―,181.80,―,―,―,―,―
2026-03-29 00:13:54,6525,82.50,―,―,―,175.50,―,―,―,―,―
2026-03-29 00:13:54,6530,71.50,―,―,―,207.60,―,―,―,―,―
2026-03-29 00:13:54,6535,72.70,―,―,―,―,―,―,―,―,―
2026-03-29 00:13:54,6540,70.70,―,―,―,―,―,―,―,―,―
2026-03-29 00:13:54,6545,―,―,―,―,230.00,―,―,―,―,―
2026-03-29 00:13:54,6550,63.70,―,―,―,199.80,―,―,―,―,―
2026-03-29 00:13:54,6555,―,―,―,―,―,―,―,―,―,―
2026-03-29 00:13:54,6560,60.30,―,―,―,―,―,―,―,―,―
2026-03-29 00:13:54,6565,56.00,―,―,―,―,―,―,―,―,―
2026-03-29 00:13:54,6570,56.50,―,―,―,―,―,―,―,―,―
2026-03-29 00:13:54,6575,49.20,―,―,―,213.00,―,―,―,―,―
2026-03-29 00:14:09,6375,136.00,―,―,―,137.30,―,―,―,―,―
2026-03-29 00:14:09,6380,140.70,―,―,―,124.70,―,―,―,―,―
2026-03-29 00:14:09,6385,136.70,―,―,―,116.50,―,―,―,―,―
2026-03-29 00:14:09,6390,127.90,―,―,―,151.60,―,―,―,―,―
2026-03-29 00:14:09,6395,138.00,―,―,―,152.90,―,―,―,―,―
2026-03-29 00:14:09,6400,119.10,―,―,―,145.60,―,―,―,―,―
2026-03-29 00:14:09,6405,―,―,―,―,156.00,―,―,―,―,―
2026-03-29 00:14:09,6410,118.70,―,―,―,158.00,―,―,―,―,―
2026-03-29 00:14:09,6415,125.80,―,―,―,152.80,―,―,―,―,―
2026-03-29 00:14:09,6420,113.60,―,―,―,153.30,―,―,―,―,―
2026-03-29 00:14:09,6425,128.90,―,―,―,154.50,―,―,―,―,―
2026-03-29 00:14:09,6430,108.60,―,―,―,167.70,―,―,―,―,―
2026-03-29 00:14:09,6435,113.90,―,―,―,140.40,―,―,―,―,―
2026-03-29 00:14:09,6440,108.00,―,―,―,175.20,―,―,―,―,―
2026-03-29 00:14:09,6445,127.80,―,―,―,140.60,―,―,―,―,―
2026-03-29 00:14:09,6450,95.20,―,―,―,171.30,―,―,―,―,―
2026-03-29 00:14:09,6455,114.00,―,―,―,―,―,―,―,―,―
2026-03-29 00:14:09,6460,98.20,―,―,―,134.90,―,―,―,―,―
2026-03-29 00:14:09,6465,93.00,―,―,―,―,―,―,―,―,―
2026-03-29 00:14:09,6470,116.10,―,―,―,150.00,―,―,―,―,―
2026-03-29 00:14:09,6475,92.90,―,―,―,176.10,―,―,―,―,―
2026-03-29 00:14:09,6480,86.50,―,―,―,177.00,―,―,―,―,―
2026-03-29 00:14:09,6485,91.30,―,―,―,125.10,―,―,―,―,―
2026-03-29 00:14:09,6490,84.50,―,―,―,192.00,―,―,―,―,―
2026-03-29 00:14:09,6495,80.00,―,―,―,187.80,―,―,―,―,―
2026-03-29 00:14:09,6500,75.00,―,―,―,210.00,―,―,―,―,―
2026-03-29 00:14:09,6505,―,―,―,―,158.40,―,―,―,―,―
2026-03-29 00:14:09,6510,―,―,―,―,171.10,―,―,―,―,―
2026-03-29 00:14:09,6515,78.50,―,―,―,―,―,―,―,―,―
2026-03-29 00:14:09,6520,―,―,―,―,181.80,―,―,―,―,―
2026-03-29 00:14:09,6525,82.50,―,―,―,175.50,―,―,―,―,―
2026-03-29 00:14:09,6530,71.50,―,―,―,207.60,―,―,―,―,―
2026-03-29 00:14:09,6535,72.70,―,―,―,―,―,―,―,―,―
2026-03-29 00:14:09,6540,70.70,―,―,―,―,―,―,―,―,―
2026-03-29 00:14:09,6545,―,―,―,―,230.00,―,―,―,―,―
2026-03-29 00:14:09,6550,63.70,―,―,―,199.80,―,―,―,―,―
2026-03-29 00:14:09,6555,―,―,―,―,―,―,―,―,―,―
2026-03-29 00:14:09,6560,60.30,―,―,―,―,―,―,―,―,―
2026-03-29 00:14:09,6565,56.00,―,―,―,―,―,―,―,―,―
2026-03-29 00:14:09,6570,56.50,―,―,―,―,―,―,―,―,―
2026-03-29 00:14:09,6575,49.20,―,―,―,213.00,―,―,―,―,―
2026-03-29 00:14:24,6375,136.00,―,―,―,137.30,―,―,―,―,―
2026-03-29 00:14:24,6380,140.70,―,―,―,124.70,―,―,―,―,―
2026-03-29 00:14:24,6385,136.70,―,―,―,116.50,―,―,―,―,―
2026-03-29 00:14:24,6390,127.90,―,―,―,151.60,―,―,―,―,―
2026-03-29 00:14:24,6395,138.00,―,―,―,152.90,―,―,―,―,―
2026-03-29 00:14:24,6400,119.10,―,―,―,145.60,―,―,―,―,―
2026-03-29 00:14:24,6405,―,―,―,―,156.00,―,―,―,―,―
2026-03-29 00:14:24,6410,118.70,―,―,―,158.00,―,―,―,―,―
2026-03-29 00:14:24,6415,125.80,―,―,―,152.80,―,―,―,―,―
2026-03-29 00:14:24,6420,113.60,―,―,―,153.30,―,―,―,―,―
2026-03-29 00:14:24,6425,128.90,―,―,―,154.50,―,―,―,―,―
2026-03-29 00:14:24,6430,108.60,―,―,―,167.70,―,―,―,―,―
2026-03-29 00:14:24,6435,113.90,―,―,―,140.40,―,―,―,―,―
2026-03-29 00:14:24,6440,108.00,―,―,―,175.20,―,―,―,―,―
2026-03-29 00:14:24,6445,127.80,―,―,―,140.60,―,―,―,―,―
2026-03-29 00:14:24,6450,95.20,―,―,―,171.30,―,―,―,―,―
2026-03-29 00:14:24,6455,114.00,―,―,―,―,―,―,―,―,―
2026-03-29 00:14:24,6460,98.20,―,―,―,134.90,―,―,―,―,―
2026-03-29 00:14:24,6465,93.00,―,―,―,―,―,―,―,―,―
2026-03-29 00:14:24,6470,116.10,―,―,―,150.00,―,―,―,―,―
2026-03-29 00:14:24,6475,92.90,―,―,―,176.10,―,―,―,―,―
2026-03-29 00:14:24,6480,86.50,―,―,―,177.00,―,―,―,―,―
2026-03-29 00:14:24,6485,91.30,―,―,―,125.10,―,―,―,―,―
2026-03-29 00:14:24,6490,84.50,―,―,―,192.00,―,―,―,―,―
2026-03-29 00:14:24,6495,80.00,―,―,―,187.80,―,―,―,―,―
2026-03-29 00:14:24,6500,75.00,―,―,―,210.00,―,―,―,―,―
2026-03-29 00:14:24,6505,―,―,―,―,158.40,―,―,―,―,―
2026-03-29 00:14:24,6510,―,―,―,―,171.10,―,―,―,―,―
2026-03-29 00:14:24,6515,78.50,―,―,―,―,―,―,―,―,―
2026-03-29 00:14:24,6520,―,―,―,―,181.80,―,―,―,―,―
2026-03-29 00:14:24,6525,82.50,―,―,―,175.50,―,―,―,―,―
2026-03-29 00:14:24,6530,71.50,―,―,―,207.60,―,―,―,―,―
2026-03-29 00:14:24,6535,72.70,―,―,―,―,―,―,―,―,―
2026-03-29 00:14:24,6540,70.70,―,―,―,―,―,―,―,―,―
2026-03-29 00:14:24,6545,―,―,―,―,230.00,―,―,―,―,―
2026-03-29 00:14:24,6550,63.70,―,―,―,199.80,―,―,―,―,―
2026-03-29 00:14:24,6555,―,―,―,―,―,―,―,―,―,―
2026-03-29 00:14:24,6560,60.30,―,―,―,―,―,―,―,―,―
2026-03-29 00:14:24,6565,56.00,―,―,―,―,―,―,―,―,―
2026-03-29 00:14:24,6570,56.50,―,―,―,―,―,―,―,―,―
2026-03-29 00:14:24,6575,49.20,―,―,―,213.00,―,―,―,―,―
2026-03-29 00:14:39,6375,136.00,―,―,―,137.30,―,―,―,―,―
2026-03-29 00:14:39,6380,140.70,―,―,―,124.70,―,―,―,―,―
2026-03-29 00:14:39,6385,136.70,―,―,―,116.50,―,―,―,―,―
2026-03-29 00:14:39,6390,127.90,―,―,―,151.60,―,―,―,―,―
2026-03-29 00:14:39,6395,138.00,―,―,―,152.90,―,―,―,―,―
2026-03-29 00:14:39,6400,119.10,―,―,―,145.60,―,―,―,―,―
2026-03-29 00:14:39,6405,―,―,―,―,156.00,―,―,―,―,―
2026-03-29 00:14:39,6410,118.70,―,―,―,158.00,―,―,―,―,―
2026-03-29 00:14:39,6415,125.80,―,―,―,152.80,―,―,―,―,―
2026-03-29 00:14:39,6420,113.60,―,―,―,153.30,―,―,―,―,―
2026-03-29 00:14:39,6425,128.90,―,―,―,154.50,―,―,―,―,―
2026-03-29 00:14:39,6430,108.60,―,―,―,167.70,―,―,―,―,―
2026-03-29 00:14:39,6435,113.90,―,―,―,140.40,―,―,―,―,―
2026-03-29 00:14:39,6440,108.00,―,―,―,175.20,―,―,―,―,―
2026-03-29 00:14:39,6445,127.80,―,―,―,140.60,―,―,―,―,―
2026-03-29 00:14:39,6450,95.20,―,―,―,171.30,―,―,―,―,―
2026-03-29 00:14:39,6455,114.00,―,―,―,―,―,―,―,―,―
2026-03-29 00:14:39,6460,98.20,―,―,―,134.90,―,―,―,―,―
2026-03-29 00:14:39,6465,93.00,―,―,―,―,―,―,―,―,―
2026-03-29 00:14:39,6470,116.10,―,―,―,150.00,―,―,―,―,―
2026-03-29 00:14:39,6475,92.90,―,―,―,176.10,―,―,―,―,―
2026-03-29 00:14:39,6480,86.50,―,―,―,177.00,―,―,―,―,―
2026-03-29 00:14:39,6485,91.30,―,―,―,125.10,―,―,―,―,―
2026-03-29 00:14:39,6490,84.50,―,―,―,192.00,―,―,―,―,―
2026-03-29 00:14:39,6495,80.00,―,―,―,187.80,―,―,―,―,―
2026-03-29 00:14:39,6500,75.00,―,―,―,210.00,―,―,―,―,―
2026-03-29 00:14:39,6505,―,―,―,―,158.40,―,―,―,―,―
2026-03-29 00:14:39,6510,―,―,―,―,171.10,―,―,―,―,―
2026-03-29 00:14:39,6515,78.50,―,―,―,―,―,―,―,―,―
2026-03-29 00:14:39,6520,―,―,―,―,181.80,―,―,―,―,―
2026-03-29 00:14:39,6525,82.50,―,―,―,175.50,―,―,―,―,―
2026-03-29 00:14:39,6530,71.50,―,―,―,207.60,―,―,―,―,―
2026-03-29 00:14:39,6535,72.70,―,―,―,―,―,―,―,―,―
2026-03-29 00:14:39,6540,70.70,―,―,―,―,―,―,―,―,―
2026-03-29 00:14:39,6545,―,―,―,―,230.00,―,―,―,―,―
2026-03-29 00:14:39,6550,63.70,―,―,―,199.80,―,―,―,―,―
2026-03-29 00:14:39,6555,―,―,―,―,―,―,―,―,―,―
2026-03-29 00:14:39,6560,60.30,―,―,―,―,―,―,―,―,―
2026-03-29 00:14:39,6565,56.00,―,―,―,―,―,―,―,―,―
2026-03-29 00:14:39,6570,56.50,―,―,―,―,―,―,―,―,―
2026-03-29 00:14:39,6575,49.20,―,―,―,213.00,―,―,―,―,―
2026-03-29 00:14:54,6375,136.00,―,―,―,137.30,―,―,―,―,―
2026-03-29 00:14:54,6380,140.70,―,―,―,124.70,―,―,―,―,―
2026-03-29 00:14:54,6385,136.70,―,―,―,116.50,―,―,―,―,―
2026-03-29 00:14:54,6390,127.90,―,―,―,151.60,―,―,―,―,―
2026-03-29 00:14:54,6395,138.00,―,―,―,152.90,―,―,―,―,―
2026-03-29 00:14:54,6400,119.10,―,―,―,145.60,―,―,―,―,―
2026-03-29 00:14:54,6405,―,―,―,―,156.00,―,―,―,―,―
2026-03-29 00:14:54,6410,118.70,―,―,―,158.00,―,―,―,―,―
2026-03-29 00:14:54,6415,125.80,―,―,―,152.80,―,―,―,―,―
2026-03-29 00:14:54,6420,113.60,―,―,―,153.30,―,―,―,―,―
2026-03-29 00:14:54,6425,128.90,―,―,―,154.50,―,―,―,―,―
2026-03-29 00:14:54,6430,108.60,―,―,―,167.70,―,―,―,―,―
2026-03-29 00:14:54,6435,113.90,―,―,―,140.40,―,―,―,―,―
2026-03-29 00:14:54,6440,108.00,―,―,―,175.20,―,―,―,―,―
2026-03-29 00:14:54,6445,127.80,―,―,―,140.60,―,―,―,―,―
2026-03-29 00:14:54,6450,95.20,―,―,―,171.30,―,―,―,―,―
2026-03-29 00:14:54,6455,114.00,―,―,―,―,―,―,―,―,―
2026-03-29 00:14:54,6460,98.20,―,―,―,134.90,―,―,―,―,―
2026-03-29 00:14:54,6465,93.00,―,―,―,―,―,―,―,―,―
2026-03-29 00:14:54,6470,116.10,―,―,―,150.00,―,―,―,―,―
2026-03-29 00:14:54,6475,92.90,―,―,―,176.10,―,―,―,―,―
2026-03-29 00:14:54,6480,86.50,―,―,―,177.00,―,―,―,―,―
2026-03-29 00:14:54,6485,91.30,―,―,―,125.10,―,―,―,―,―
2026-03-29 00:14:54,6490,84.50,―,―,―,192.00,―,―,―,―,―
2026-03-29 00:14:54,6495,80.00,―,―,―,187.80,―,―,―,―,―
2026-03-29 00:14:54,6500,75.00,―,―,―,210.00,―,―,―,―,―
2026-03-29 00:14:54,6505,―,―,―,―,158.40,―,―,―,―,―
2026-03-29 00:14:54,6510,―,―,―,―,171.10,―,―,―,―,―
2026-03-29 00:14:54,6515,78.50,―,―,―,―,―,―,―,―,―
2026-03-29 00:14:54,6520,―,―,―,―,181.80,―,―,―,―,―
2026-03-29 00:14:54,6525,82.50,―,―,―,175.50,―,―,―,―,―
2026-03-29 00:14:54,6530,71.50,―,―,―,207.60,―,―,―,―,―
2026-03-29 00:14:54,6535,72.70,―,―,―,―,―,―,―,―,―
2026-03-29 00:14:54,6540,70.70,―,―,―,―,―,―,―,―,―
2026-03-29 00:14:54,6545,―,―,―,―,230.00,―,―,―,―,―
2026-03-29 00:14:54,6550,63.70,―,―,―,199.80,―,―,―,―,―
2026-03-29 00:14:54,6555,―,―,―,―,―,―,―,―,―,―
2026-03-29 00:14:54,6560,60.30,―,―,―,―,―,―,―,―,―
2026-03-29 00:14:54,6565,56.00,―,―,―,―,―,―,―,―,―
2026-03-29 00:14:54,6570,56.50,―,―,―,―,―,―,―,―,―
2026-03-29 00:14:54,6575,49.20,―,―,―,213.00,―,―,―,―,―
2026-03-29 00:15:09,6375,136.00,―,―,―,137.30,―,―,―,―,―
2026-03-29 00:15:09,6380,140.70,―,―,―,124.70,―,―,―,―,―
2026-03-29 00:15:09,6385,136.70,―,―,―,116.50,―,―,―,―,―
2026-03-29 00:15:09,6390,127.90,―,―,―,151.60,―,―,―,―,―
2026-03-29 00:15:09,6395,138.00,―,―,―,152.90,―,―,―,―,―
2026-03-29 00:15:09,6400,119.10,―,―,―,145.60,―,―,―,―,―
2026-03-29 00:15:09,6405,―,―,―,―,156.00,―,―,―,―,―
2026-03-29 00:15:09,6410,118.70,―,―,―,158.00,―,―,―,―,―
2026-03-29 00:15:09,6415,125.80,―,―,―,152.80,―,―,―,―,―
2026-03-29 00:15:09,6420,113.60,―,―,―,153.30,―,―,―,―,―
2026-03-29 00:15:09,6425,128.90,―,―,―,154.50,―,―,―,―,―
2026-03-29 00:15:09,6430,108.60,―,―,―,167.70,―,―,―,―,―
2026-03-29 00:15:09,6435,113.90,―,―,―,140.40,―,―,―,―,―
2026-03-29 00:15:09,6440,108.00,―,―,―,175.20,―,―,―,―,―
2026-03-29 00:15:09,6445,127.80,―,―,―,140.60,―,―,―,―,―
2026-03-29 00:15:09,6450,95.20,―,―,―,171.30,―,―,―,―,―
2026-03-29 00:15:09,6455,114.00,―,―,―,―,―,―,―,―,―
2026-03-29 00:15:09,6460,98.20,―,―,―,134.90,―,―,―,―,―
2026-03-29 00:15:09,6465,93.00,―,―,―,―,―,―,―,―,―
2026-03-29 00:15:09,6470,116.10,―,―,―,150.00,―,―,―,―,―
2026-03-29 00:15:09,6475,92.90,―,―,―,176.10,―,―,―,―,―
2026-03-29 00:15:09,6480,86.50,―,―,―,177.00,―,―,―,―,―
2026-03-29 00:15:09,6485,91.30,―,―,―,125.10,―,―,―,―,―
2026-03-29 00:15:09,6490,84.50,―,―,―,192.00,―,―,―,―,―
2026-03-29 00:15:09,6495,80.00,―,―,―,187.80,―,―,―,―,―
2026-03-29 00:15:09,6500,75.00,―,―,―,210.00,―,―,―,―,―
2026-03-29 00:15:09,6505,―,―,―,―,158.40,―,―,―,―,―
2026-03-29 00:15:09,6510,―,―,―,―,171.10,―,―,―,―,―
2026-03-29 00:15:09,6515,78.50,―,―,―,―,―,―,―,―,―
2026-03-29 00:15:09,6520,―,―,―,―,181.80,―,―,―,―,―
2026-03-29 00:15:09,6525,82.50,―,―,―,175.50,―,―,―,―,―
2026-03-29 00:15:09,6530,71.50,―,―,―,207.60,―,―,―,―,―
2026-03-29 00:15:09,6535,72.70,―,―,―,―,―,―,―,―,―
2026-03-29 00:15:09,6540,70.70,―,―,―,―,―,―,―,―,―
2026-03-29 00:15:09,6545,―,―,―,―,230.00,―,―,―,―,―
2026-03-29 00:15:09,6550,63.70,―,―,―,199.80,―,―,―,―,―
2026-03-29 00:15:09,6555,―,―,―,―,―,―,―,―,―,―
2026-03-29 00:15:09,6560,60.30,―,―,―,―,―,―,―,―,―
2026-03-29 00:15:09,6565,56.00,―,―,―,―,―,―,―,―,―
2026-03-29 00:15:09,6570,56.50,―,―,―,―,―,―,―,―,―
2026-03-29 00:15:09,6575,49.20,―,―,―,213.00,―,―,―,―,―
2026-03-29 00:15:24,6375,136.00,―,―,―,137.30,―,―,―,―,―
2026-03-29 00:15:24,6380,140.70,―,―,―,124.70,―,―,―,―,―
2026-03-29 00:15:24,6385,136.70,―,―,―,116.50,―,―,―,―,―
2026-03-29 00:15:24,6390,127.90,―,―,―,151.60,―,―,―,―,―
2026-03-29 00:15:24,6395,138.00,―,―,―,152.90,―,―,―,―,―
2026-03-29 00:15:24,6400,119.10,―,―,―,145.60,―,―,―,―,―
2026-03-29 00:15:24,6405,―,―,―,―,156.00,―,―,―,―,―
2026-03-29 00:15:24,6410,118.70,―,―,―,158.00,―,―,―,―,―
2026-03-29 00:15:24,6415,125.80,―,―,―,152.80,―,―,―,―,―
2026-03-29 00:15:24,6420,113.60,―,―,―,153.30,―,―,―,―,―
2026-03-29 00:15:24,6425,128.90,―,―,―,154.50,―,―,―,―,―
2026-03-29 00:15:24,6430,108.60,―,―,―,167.70,―,―,―,―,―
2026-03-29 00:15:24,6435,113.90,―,―,―,140.40,―,―,―,―,―
2026-03-29 00:15:24,6440,108.00,―,―,―,175.20,―,―,―,―,―
2026-03-29 00:15:24,6445,127.80,―,―,―,140.60,―,―,―,―,―
2026-03-29 00:15:24,6450,95.20,―,―,―,171.30,―,―,―,―,―
2026-03-29 00:15:24,6455,114.00,―,―,―,―,―,―,―,―,―
2026-03-29 00:15:24,6460,98.20,―,―,―,134.90,―,―,―,―,―
2026-03-29 00:15:24,6465,93.00,―,―,―,―,―,―,―,―,―
2026-03-29 00:15:24,6470,116.10,―,―,―,150.00,―,―,―,―,―
2026-03-29 00:15:24,6475,92.90,―,―,―,176.10,―,―,―,―,―
2026-03-29 00:15:24,6480,86.50,―,―,―,177.00,―,―,―,―,―
2026-03-29 00:15:24,6485,91.30,―,―,―,125.10,―,―,―,―,―
2026-03-29 00:15:24,6490,84.50,―,―,―,192.00,―,―,―,―,―
2026-03-29 00:15:24,6495,80.00,―,―,―,187.80,―,―,―,―,―
2026-03-29 00:15:24,6500,75.00,―,―,―,210.00,―,―,―,―,―
2026-03-29 00:15:24,6505,―,―,―,―,158.40,―,―,―,―,―
2026-03-29 00:15:24,6510,―,―,―,―,171.10,―,―,―,―,―
2026-03-29 00:15:24,6515,78.50,―,―,―,―,―,―,―,―,―
2026-03-29 00:15:24,6520,―,―,―,―,181.80,―,―,―,―,―
2026-03-29 00:15:24,6525,82.50,―,―,―,175.50,―,―,―,―,―
2026-03-29 00:15:24,6530,71.50,―,―,―,207.60,―,―,―,―,―
2026-03-29 00:15:24,6535,72.70,―,―,―,―,―,―,―,―,―
2026-03-29 00:15:24,6540,70.70,―,―,―,―,―,―,―,―,―
2026-03-29 00:15:24,6545,―,―,―,―,230.00,―,―,―,―,―
2026-03-29 00:15:24,6550,63.70,―,―,―,199.80,―,―,―,―,―
2026-03-29 00:15:24,6555,―,―,―,―,―,―,―,―,―,―
2026-03-29 00:15:24,6560,60.30,―,―,―,―,―,―,―,―,―
2026-03-29 00:15:24,6565,56.00,―,―,―,―,―,―,―,―,―
2026-03-29 00:15:24,6570,56.50,―,―,―,―,―,―,―,―,―
2026-03-29 00:15:24,6575,49.20,―,―,―,213.00,―,―,―,―,―
2026-03-29 00:15:39,6375,136.00,―,―,―,137.30,―,―,―,―,―
2026-03-29 00:15:39,6380,140.70,―,―,―,124.70,―,―,―,―,―
2026-03-29 00:15:39,6385,136.70,―,―,―,116.50,―,―,―,―,―
2026-03-29 00:15:39,6390,127.90,―,―,―,151.60,―,―,―,―,―
2026-03-29 00:15:39,6395,138.00,―,―,―,152.90,―,―,―,―,―
2026-03-29 00:15:39,6400,119.10,―,―,―,145.60,―,―,―,―,―
2026-03-29 00:15:39,6405,―,―,―,―,156.00,―,―,―,―,―
2026-03-29 00:15:39,6410,118.70,―,―,―,158.00,―,―,―,―,―
2026-03-29 00:15:39,6415,125.80,―,―,―,152.80,―,―,―,―,―
2026-03-29 00:15:39,6420,113.60,―,―,―,153.30,―,―,―,―,―
2026-03-29 00:15:39,6425,128.90,―,―,―,154.50,―,―,―,―,―
2026-03-29 00:15:39,6430,108.60,―,―,―,167.70,―,―,―,―,―
2026-03-29 00:15:39,6435,113.90,―,―,―,140.40,―,―,―,―,―
2026-03-29 00:15:39,6440,108.00,―,―,―,175.20,―,―,―,―,―
2026-03-29 00:15:39,6445,127.80,―,―,―,140.60,―,―,―,―,―
2026-03-29 00:15:39,6450,95.20,―,―,―,171.30,―,―,―,―,―
2026-03-29 00:15:39,6455,114.00,―,―,―,―,―,―,―,―,―
2026-03-29 00:15:39,6460,98.20,―,―,―,134.90,―,―,―,―,―
2026-03-29 00:15:39,6465,93.00,―,―,―,―,―,―,―,―,―
2026-03-29 00:15:39,6470,116.10,―,―,―,150.00,―,―,―,―,―
2026-03-29 00:15:39,6475,92.90,―,―,―,176.10,―,―,―,―,―
2026-03-29 00:15:39,6480,86.50,―,―,―,177.00,―,―,―,―,―
2026-03-29 00:15:39,6485,91.30,―,―,―,125.10,―,―,―,―,―
2026-03-29 00:15:39,6490,84.50,―,―,―,192.00,―,―,―,―,―
2026-03-29 00:15:39,6495,80.00,―,―,―,187.80,―,―,―,―,―
2026-03-29 00:15:39,6500,75.00,―,―,―,210.00,―,―,―,―,―
2026-03-29 00:15:39,6505,―,―,―,―,158.40,―,―,―,―,―
2026-03-29 00:15:39,6510,―,―,―,―,171.10,―,―,―,―,―
2026-03-29 00:15:39,6515,78.50,―,―,―,―,―,―,―,―,―
2026-03-29 00:15:39,6520,―,―,―,―,181.80,―,―,―,―,―
2026-03-29 00:15:39,6525,82.50,―,―,―,175.50,―,―,―,―,―
2026-03-29 00:15:39,6530,71.50,―,―,―,207.60,―,―,―,―,―
2026-03-29 00:15:39,6535,72.70,―,―,―,―,―,―,―,―,―
2026-03-29 00:15:39,6540,70.70,―,―,―,―,―,―,―,―,―
2026-03-29 00:15:39,6545,―,―,―,―,230.00,―,―,―,―,―
2026-03-29 00:15:39,6550,63.70,―,―,―,199.80,―,―,―,―,―
2026-03-29 00:15:39,6555,―,―,―,―,―,―,―,―,―,―
2026-03-29 00:15:39,6560,60.30,―,―,―,―,―,―,―,―,―
2026-03-29 00:15:39,6565,56.00,―,―,―,―,―,―,―,―,―
2026-03-29 00:15:39,6570,56.50,―,―,―,―,―,―,―,―,―
2026-03-29 00:15:39,6575,49.20,―,―,―,213.00,―,―,―,―,―
2026-03-29 00:15:54,6375,136.00,―,―,―,137.30,―,―,―,―,―
2026-03-29 00:15:54,6380,140.70,―,―,―,124.70,―,―,―,―,―
2026-03-29 00:15:54,6385,136.70,―,―,―,116.50,―,―,―,―,―
2026-03-29 00:15:54,6390,127.90,―,―,―,151.60,―,―,―,―,―
2026-03-29 00:15:54,6395,138.00,―,―,―,152.90,―,―,―,―,―
2026-03-29 00:15:54,6400,119.10,―,―,―,145.60,―,―,―,―,―
2026-03-29 00:15:54,6405,―,―,―,―,156.00,―,―,―,―,―
2026-03-29 00:15:54,6410,118.70,―,―,―,158.00,―,―,―,―,―
2026-03-29 00:15:54,6415,125.80,―,―,―,152.80,―,―,―,―,―
2026-03-29 00:15:54,6420,113.60,―,―,―,153.30,―,―,―,―,―
2026-03-29 00:15:54,6425,128.90,―,―,―,154.50,―,―,―,―,―
2026-03-29 00:15:54,6430,108.60,―,―,―,167.70,―,―,―,―,―
2026-03-29 00:15:54,6435,113.90,―,―,―,140.40,―,―,―,―,―
2026-03-29 00:15:54,6440,108.00,―,―,―,175.20,―,―,―,―,―
2026-03-29 00:15:54,6445,127.80,―,―,―,140.60,―,―,―,―,―
2026-03-29 00:15:54,6450,95.20,―,―,―,171.30,―,―,―,―,―
2026-03-29 00:15:54,6455,114.00,―,―,―,―,―,―,―,―,―
2026-03-29 00:15:54,6460,98.20,―,―,―,134.90,―,―,―,―,―
2026-03-29 00:15:54,6465,93.00,―,―,―,―,―,―,―,―,―
2026-03-29 00:15:54,6470,116.10,―,―,―,150.00,―,―,―,―,―
2026-03-29 00:15:54,6475,92.90,―,―,―,176.10,―,―,―,―,―
2026-03-29 00:15:54,6480,86.50,―,―,―,177.00,―,―,―,―,―
2026-03-29 00:15:54,6485,91.30,―,―,―,125.10,―,―,―,―,―
2026-03-29 00:15:54,6490,84.50,―,―,―,192.00,―,―,―,―,―
2026-03-29 00:15:54,6495,80.00,―,―,―,187.80,―,―,―,―,―
2026-03-29 00:15:54,6500,75.00,―,―,―,210.00,―,―,―,―,―
2026-03-29 00:15:54,6505,―,―,―,―,158.40,―,―,―,―,―
2026-03-29 00:15:54,6510,―,―,―,―,171.10,―,―,―,―,―
2026-03-29 00:15:54,6515,78.50,―,―,―,―,―,―,―,―,―
2026-03-29 00:15:54,6520,―,―,―,―,181.80,―,―,―,―,―
2026-03-29 00:15:54,6525,82.50,―,―,―,175.50,―,―,―,―,―
2026-03-29 00:15:54,6530,71.50,―,―,―,207.60,―,―,―,―,―
2026-03-29 00:15:54,6535,72.70,―,―,―,―,―,―,―,―,―
2026-03-29 00:15:54,6540,70.70,―,―,―,―,―,―,―,―,―
2026-03-29 00:15:54,6545,―,―,―,―,230.00,―,―,―,―,―
2026-03-29 00:15:54,6550,63.70,―,―,―,199.80,―,―,―,―,―
2026-03-29 00:15:54,6555,―,―,―,―,―,―,―,―,―,―
2026-03-29 00:15:54,6560,60.30,―,―,―,―,―,―,―,―,―
2026-03-29 00:15:54,6565,56.00,―,―,―,―,―,―,―,―,―
2026-03-29 00:15:54,6570,56.50,―,―,―,―,―,―,―,―,―
2026-03-29 00:15:54,6575,49.20,―,―,―,213.00,―,―,―,―,―
2026-03-29 00:16:09,6375,136.00,―,―,―,137.30,―,―,―,―,―
2026-03-29 00:16:09,6380,140.70,―,―,―,124.70,―,―,―,―,―
2026-03-29 00:16:09,6385,136.70,―,―,―,116.50,―,―,―,―,―
2026-03-29 00:16:09,6390,127.90,―,―,―,151.60,―,―,―,―,―
2026-03-29 00:16:09,6395,138.00,―,―,―,152.90,―,―,―,―,―
2026-03-29 00:16:09,6400,119.10,―,―,―,145.60,―,―,―,―,―
2026-03-29 00:16:09,6405,―,―,―,―,156.00,―,―,―,―,―
2026-03-29 00:16:09,6410,118.70,―,―,―,158.00,―,―,―,―,―
2026-03-29 00:16:09,6415,125.80,―,―,―,152.80,―,―,―,―,―
2026-03-29 00:16:09,6420,113.60,―,―,―,153.30,―,―,―,―,―
2026-03-29 00:16:09,6425,128.90,―,―,―,154.50,―,―,―,―,―
2026-03-29 00:16:09,6430,108.60,―,―,―,167.70,―,―,―,―,―
2026-03-29 00:16:09,6435,113.90,―,―,―,140.40,―,―,―,―,―
2026-03-29 00:16:09,6440,108.00,―,―,―,175.20,―,―,―,―,―
2026-03-29 00:16:09,6445,127.80,―,―,―,140.60,―,―,―,―,―
2026-03-29 00:16:09,6450,95.20,―,―,―,171.30,―,―,―,―,―
2026-03-29 00:16:09,6455,114.00,―,―,―,―,―,―,―,―,―
2026-03-29 00:16:09,6460,98.20,―,―,―,134.90,―,―,―,―,―
2026-03-29 00:16:09,6465,93.00,―,―,―,―,―,―,―,―,―
2026-03-29 00:16:09,6470,116.10,―,―,―,150.00,―,―,―,―,―
2026-03-29 00:16:09,6475,92.90,―,―,―,176.10,―,―,―,―,―
2026-03-29 00:16:09,6480,86.50,―,―,―,177.00,―,―,―,―,―
2026-03-29 00:16:09,6485,91.30,―,―,―,125.10,―,―,―,―,―
2026-03-29 00:16:09,6490,84.50,―,―,―,192.00,―,―,―,―,―
2026-03-29 00:16:09,6495,80.00,―,―,―,187.80,―,―,―,―,―
2026-03-29 00:16:09,6500,75.00,―,―,―,210.00,―,―,―,―,―
2026-03-29 00:16:09,6505,―,―,―,―,158.40,―,―,―,―,―
2026-03-29 00:16:09,6510,―,―,―,―,171.10,―,―,―,―,―
2026-03-29 00:16:09,6515,78.50,―,―,―,―,―,―,―,―,―
2026-03-29 00:16:09,6520,―,―,―,―,181.80,―,―,―,―,―
2026-03-29 00:16:09,6525,82.50,―,―,―,175.50,―,―,―,―,―
2026-03-29 00:16:09,6530,71.50,―,―,―,207.60,―,―,―,―,―
2026-03-29 00:16:09,6535,72.70,―,―,―,―,―,―,―,―,―
2026-03-29 00:16:09,6540,70.70,―,―,―,―,―,―,―,―,―
2026-03-29 00:16:09,6545,―,―,―,―,230.00,―,―,―,―,―
2026-03-29 00:16:09,6550,63.70,―,―,―,199.80,―,―,―,―,―
2026-03-29 00:16:09,6555,―,―,―,―,―,―,―,―,―,―
2026-03-29 00:16:09,6560,60.30,―,―,―,―,―,―,―,―,―
2026-03-29 00:16:09,6565,56.00,―,―,―,―,―,―,―,―,―
2026-03-29 00:16:09,6570,56.50,―,―,―,―,―,―,―,―,―
2026-03-29 00:16:09,6575,49.20,―,―,―,213.00,―,―,―,―,―
2026-03-29 00:16:24,6375,136.00,―,―,―,137.30,―,―,―,―,―
2026-03-29 00:16:24,6380,140.70,―,―,―,124.70,―,―,―,―,―
2026-03-29 00:16:24,6385,136.70,―,―,―,116.50,―,―,―,―,―
2026-03-29 00:16:24,6390,127.90,―,―,―,151.60,―,―,―,―,―
2026-03-29 00:16:24,6395,138.00,―,―,―,152.90,―,―,―,―,―
2026-03-29 00:16:24,6400,119.10,―,―,―,145.60,―,―,―,―,―
2026-03-29 00:16:24,6405,―,―,―,―,156.00,―,―,―,―,―
2026-03-29 00:16:24,6410,118.70,―,―,―,158.00,―,―,―,―,―
2026-03-29 00:16:24,6415,125.80,―,―,―,152.80,―,―,―,―,―
2026-03-29 00:16:24,6420,113.60,―,―,―,153.30,―,―,―,―,―
2026-03-29 00:16:24,6425,128.90,―,―,―,154.50,―,―,―,―,―
2026-03-29 00:16:24,6430,108.60,―,―,―,167.70,―,―,―,―,―
2026-03-29 00:16:24,6435,113.90,―,―,―,140.40,―,―,―,―,―
2026-03-29 00:16:24,6440,108.00,―,―,―,175.20,―,―,―,―,―
2026-03-29 00:16:24,6445,127.80,―,―,―,140.60,―,―,―,―,―
2026-03-29 00:16:24,6450,95.20,―,―,―,171.30,―,―,―,―,―
2026-03-29 00:16:24,6455,114.00,―,―,―,―,―,―,―,―,―
2026-03-29 00:16:24,6460,98.20,―,―,―,134.90,―,―,―,―,―
2026-03-29 00:16:24,6465,93.00,―,―,―,―,―,―,―,―,―
2026-03-29 00:16:24,6470,116.10,―,―,―,150.00,―,―,―,―,―
2026-03-29 00:16:24,6475,92.90,―,―,―,176.10,―,―,―,―,―
2026-03-29 00:16:24,6480,86.50,―,―,―,177.00,―,―,―,―,―
2026-03-29 00:16:24,6485,91.30,―,―,―,125.10,―,―,―,―,―
2026-03-29 00:16:24,6490,84.50,―,―,―,192.00,―,―,―,―,―
2026-03-29 00:16:24,6495,80.00,―,―,―,187.80,―,―,―,―,―
2026-03-29 00:16:24,6500,75.00,―,―,―,210.00,―,―,―,―,―
2026-03-29 00:16:24,6505,―,―,―,―,158.40,―,―,―,―,―
2026-03-29 00:16:24,6510,―,―,―,―,171.10,―,―,―,―,―
2026-03-29 00:16:24,6515,78.50,―,―,―,―,―,―,―,―,―
2026-03-29 00:16:24,6520,―,―,―,―,181.80,―,―,―,―,―
2026-03-29 00:16:24,6525,82.50,―,―,―,175.50,―,―,―,―,―
2026-03-29 00:16:24,6530,71.50,―,―,―,207.60,―,―,―,―,―
2026-03-29 00:16:24,6535,72.70,―,―,―,―,―,―,―,―,―
2026-03-29 00:16:24,6540,70.70,―,―,―,―,―,―,―,―,―
2026-03-29 00:16:24,6545,―,―,―,―,230.00,―,―,―,―,―
2026-03-29 00:16:24,6550,63.70,―,―,―,199.80,―,―,―,―,―
2026-03-29 00:16:24,6555,―,―,―,―,―,―,―,―,―,―
2026-03-29 00:16:24,6560,60.30,―,―,―,―,―,―,―,―,―
2026-03-29 00:16:24,6565,56.00,―,―,―,―,―,―,―,―,―
2026-03-29 00:16:24,6570,56.50,―,―,―,―,―,―,―,―,―
2026-03-29 00:16:24,6575,49.20,―,―,―,213.00,―,―,―,―,―
2026-03-29 00:16:39,6375,136.00,―,―,―,137.30,―,―,―,―,―
2026-03-29 00:16:39,6380,140.70,―,―,―,124.70,―,―,―,―,―
2026-03-29 00:16:39,6385,136.70,―,―,―,116.50,―,―,―,―,―
2026-03-29 00:16:39,6390,127.90,―,―,―,151.60,―,―,―,―,―
2026-03-29 00:16:39,6395,138.00,―,―,―,152.90,―,―,―,―,―
2026-03-29 00:16:39,6400,119.10,―,―,―,145.60,―,―,―,―,―
2026-03-29 00:16:39,6405,―,―,―,―,156.00,―,―,―,―,―
2026-03-29 00:16:39,6410,118.70,―,―,―,158.00,―,―,―,―,―
2026-03-29 00:16:39,6415,125.80,―,―,―,152.80,―,―,―,―,―
2026-03-29 00:16:39,6420,113.60,―,―,―,153.30,―,―,―,―,―
2026-03-29 00:16:39,6425,128.90,―,―,―,154.50,―,―,―,―,―
2026-03-29 00:16:39,6430,108.60,―,―,―,167.70,―,―,―,―,―
2026-03-29 00:16:39,6435,113.90,―,―,―,140.40,―,―,―,―,―
2026-03-29 00:16:39,6440,108.00,―,―,―,175.20,―,―,―,―,―
2026-03-29 00:16:39,6445,127.80,―,―,―,140.60,―,―,―,―,―
2026-03-29 00:16:39,6450,95.20,―,―,―,171.30,―,―,―,―,―
2026-03-29 00:16:39,6455,114.00,―,―,―,―,―,―,―,―,―
2026-03-29 00:16:39,6460,98.20,―,―,―,134.90,―,―,―,―,―
2026-03-29 00:16:39,6465,93.00,―,―,―,―,―,―,―,―,―
2026-03-29 00:16:39,6470,116.10,―,―,―,150.00,―,―,―,―,―
2026-03-29 00:16:39,6475,92.90,―,―,―,176.10,―,―,―,―,―
2026-03-29 00:16:39,6480,86.50,―,―,―,177.00,―,―,―,―,―
2026-03-29 00:16:39,6485,91.30,―,―,―,125.10,―,―,―,―,―
2026-03-29 00:16:39,6490,84.50,―,―,―,192.00,―,―,―,―,―
2026-03-29 00:16:39,6495,80.00,―,―,―,187.80,―,―,―,―,―
2026-03-29 00:16:39,6500,75.00,―,―,―,210.00,―,―,―,―,―
2026-03-29 00:16:39,6505,―,―,―,―,158.40,―,―,―,―,―
2026-03-29 00:16:39,6510,―,―,―,―,171.10,―,―,―,―,―
2026-03-29 00:16:39,6515,78.50,―,―,―,―,―,―,―,―,―
2026-03-29 00:16:39,6520,―,―,―,―,181.80,―,―,―,―,―
2026-03-29 00:16:39,6525,82.50,―,―,―,175.50,―,―,―,―,―
2026-03-29 00:16:39,6530,71.50,―,―,―,207.60,―,―,―,―,―
2026-03-29 00:16:39,6535,72.70,―,―,―,―,―,―,―,―,―
2026-03-29 00:16:39,6540,70.70,―,―,―,―,―,―,―,―,―
2026-03-29 00:16:39,6545,―,―,―,―,230.00,―,―,―,―,―
2026-03-29 00:16:39,6550,63.70,―,―,―,199.80,―,―,―,―,―
2026-03-29 00:16:39,6555,―,―,―,―,―,―,―,―,―,―
2026-03-29 00:16:39,6560,60.30,―,―,―,―,―,―,―,―,―
2026-03-29 00:16:39,6565,56.00,―,―,―,―,―,―,―,―,―
2026-03-29 00:16:39,6570,56.50,―,―,―,―,―,―,―,―,―
2026-03-29 00:16:39,6575,49.20,―,―,―,213.00,―,―,―,―,―
2026-03-29 00:16:54,6375,136.00,―,―,―,137.30,―,―,―,―,―
2026-03-29 00:16:54,6380,140.70,―,―,―,124.70,―,―,―,―,―
2026-03-29 00:16:54,6385,136.70,―,―,―,116.50,―,―,―,―,―
2026-03-29 00:16:54,6390,127.90,―,―,―,151.60,―,―,―,―,―
2026-03-29 00:16:54,6395,138.00,―,―,―,152.90,―,―,―,―,―
2026-03-29 00:16:54,6400,119.10,―,―,―,145.60,―,―,―,―,―
2026-03-29 00:16:54,6405,―,―,―,―,156.00,―,―,―,―,―
2026-03-29 00:16:54,6410,118.70,―,―,―,158.00,―,―,―,―,―
2026-03-29 00:16:54,6415,125.80,―,―,―,152.80,―,―,―,―,―
2026-03-29 00:16:54,6420,113.60,―,―,―,153.30,―,―,―,―,―
2026-03-29 00:16:54,6425,128.90,―,―,―,154.50,―,―,―,―,―
2026-03-29 00:16:54,6430,108.60,―,―,―,167.70,―,―,―,―,―
2026-03-29 00:16:54,6435,113.90,―,―,―,140.40,―,―,―,―,―
2026-03-29 00:16:54,6440,108.00,―,―,―,175.20,―,―,―,―,―
2026-03-29 00:16:54,6445,127.80,―,―,―,140.60,―,―,―,―,―
2026-03-29 00:16:54,6450,95.20,―,―,―,171.30,―,―,―,―,―
2026-03-29 00:16:54,6455,114.00,―,―,―,―,―,―,―,―,―
2026-03-29 00:16:54,6460,98.20,―,―,―,134.90,―,―,―,―,―
2026-03-29 00:16:54,6465,93.00,―,―,―,―,―,―,―,―,―
2026-03-29 00:16:54,6470,116.10,―,―,―,150.00,―,―,―,―,―
2026-03-29 00:16:54,6475,92.90,―,―,―,176.10,―,―,―,―,―
2026-03-29 00:16:54,6480,86.50,―,―,―,177.00,―,―,―,―,―
2026-03-29 00:16:54,6485,91.30,―,―,―,125.10,―,―,―,―,―
2026-03-29 00:16:54,6490,84.50,―,―,―,192.00,―,―,―,―,―
2026-03-29 00:16:54,6495,80.00,―,―,―,187.80,―,―,―,―,―
2026-03-29 00:16:54,6500,75.00,―,―,―,210.00,―,―,―,―,―
2026-03-29 00:16:54,6505,―,―,―,―,158.40,―,―,―,―,―
2026-03-29 00:16:54,6510,―,―,―,―,171.10,―,―,―,―,―
2026-03-29 00:16:54,6515,78.50,―,―,―,―,―,―,―,―,―
2026-03-29 00:16:54,6520,―,―,―,―,181.80,―,―,―,―,―
2026-03-29 00:16:54,6525,82.50,―,―,―,175.50,―,―,―,―,―
2026-03-29 00:16:54,6530,71.50,―,―,―,207.60,―,―,―,―,―
2026-03-29 00:16:54,6535,72.70,―,―,―,―,―,―,―,―,―
2026-03-29 00:16:54,6540,70.70,―,―,―,―,―,―,―,―,―
2026-03-29 00:16:54,6545,―,―,―,―,230.00,―,―,―,―,―
2026-03-29 00:16:54,6550,63.70,―,―,―,199.80,―,―,―,―,―
2026-03-29 00:16:54,6555,―,―,―,―,―,―,―,―,―,―
2026-03-29 00:16:54,6560,60.30,―,―,―,―,―,―,―,―,―
2026-03-29 00:16:54,6565,56.00,―,―,―,―,―,―,―,―,―
2026-03-29 00:16:54,6570,56.50,―,―,―,―,―,―,―,―,―
2026-03-29 00:16:54,6575,49.20,―,―,―,213.00,―,―,―,―,―
2026-03-29 00:17:09,6375,136.00,―,―,―,137.30,―,―,―,―,―
2026-03-29 00:17:09,6380,140.70,―,―,―,124.70,―,―,―,―,―
2026-03-29 00:17:09,6385,136.70,―,―,―,116.50,―,―,―,―,―
2026-03-29 00:17:09,6390,127.90,―,―,―,151.60,―,―,―,―,―
2026-03-29 00:17:09,6395,138.00,―,―,―,152.90,―,―,―,―,―
2026-03-29 00:17:09,6400,119.10,―,―,―,145.60,―,―,―,―,―
2026-03-29 00:17:09,6405,―,―,―,―,156.00,―,―,―,―,―
2026-03-29 00:17:09,6410,118.70,―,―,―,158.00,―,―,―,―,―
2026-03-29 00:17:09,6415,125.80,―,―,―,152.80,―,―,―,―,―
2026-03-29 00:17:09,6420,113.60,―,―,―,153.30,―,―,―,―,―
2026-03-29 00:17:09,6425,128.90,―,―,―,154.50,―,―,―,―,―
2026-03-29 00:17:09,6430,108.60,―,―,―,167.70,―,―,―,―,―
2026-03-29 00:17:09,6435,113.90,―,―,―,140.40,―,―,―,―,―
2026-03-29 00:17:09,6440,108.00,―,―,―,175.20,―,―,―,―,―
2026-03-29 00:17:09,6445,127.80,―,―,―,140.60,―,―,―,―,―
2026-03-29 00:17:09,6450,95.20,―,―,―,171.30,―,―,―,―,―
2026-03-29 00:17:09,6455,114.00,―,―,―,―,―,―,―,―,―
2026-03-29 00:17:09,6460,98.20,―,―,―,134.90,―,―,―,―,―
2026-03-29 00:17:09,6465,93.00,―,―,―,―,―,―,―,―,―
2026-03-29 00:17:09,6470,116.10,―,―,―,150.00,―,―,―,―,―
2026-03-29 00:17:09,6475,92.90,―,―,―,176.10,―,―,―,―,―
2026-03-29 00:17:09,6480,86.50,―,―,―,177.00,―,―,―,―,―
2026-03-29 00:17:09,6485,91.30,―,―,―,125.10,―,―,―,―,―
2026-03-29 00:17:09,6490,84.50,―,―,―,192.00,―,―,―,―,―
2026-03-29 00:17:09,6495,80.00,―,―,―,187.80,―,―,―,―,―
2026-03-29 00:17:09,6500,75.00,―,―,―,210.00,―,―,―,―,―
2026-03-29 00:17:09,6505,―,―,―,―,158.40,―,―,―,―,―
2026-03-29 00:17:09,6510,―,―,―,―,171.10,―,―,―,―,―
2026-03-29 00:17:09,6515,78.50,―,―,―,―,―,―,―,―,―
2026-03-29 00:17:09,6520,―,―,―,―,181.80,―,―,―,―,―
2026-03-29 00:17:09,6525,82.50,―,―,―,175.50,―,―,―,―,―
2026-03-29 00:17:09,6530,71.50,―,―,―,207.60,―,―,―,―,―
2026-03-29 00:17:09,6535,72.70,―,―,―,―,―,―,―,―,―
2026-03-29 00:17:09,6540,70.70,―,―,―,―,―,―,―,―,―
2026-03-29 00:17:09,6545,―,―,―,―,230.00,―,―,―,―,―
2026-03-29 00:17:09,6550,63.70,―,―,―,199.80,―,―,―,―,―
2026-03-29 00:17:09,6555,―,―,―,―,―,―,―,―,―,―
2026-03-29 00:17:09,6560,60.30,―,―,―,―,―,―,―,―,―
2026-03-29 00:17:09,6565,56.00,―,―,―,―,―,―,―,―,―
2026-03-29 00:17:09,6570,56.50,―,―,―,―,―,―,―,―,―
2026-03-29 00:17:09,6575,49.20,―,―,―,213.00,―,―,―,―,―
2026-03-29 00:17:24,6375,136.00,―,―,―,137.30,―,―,―,―,―
2026-03-29 00:17:24,6380,140.70,―,―,―,124.70,―,―,―,―,―
2026-03-29 00:17:24,6385,136.70,―,―,―,116.50,―,―,―,―,―
2026-03-29 00:17:24,6390,127.90,―,―,―,151.60,―,―,―,―,―
2026-03-29 00:17:24,6395,138.00,―,―,―,152.90,―,―,―,―,―
2026-03-29 00:17:24,6400,119.10,―,―,―,145.60,―,―,―,―,―
2026-03-29 00:17:24,6405,―,―,―,―,156.00,―,―,―,―,―
2026-03-29 00:17:24,6410,118.70,―,―,―,158.00,―,―,―,―,―
2026-03-29 00:17:24,6415,125.80,―,―,―,152.80,―,―,―,―,―
2026-03-29 00:17:24,6420,113.60,―,―,―,153.30,―,―,―,―,―
2026-03-29 00:17:24,6425,128.90,―,―,―,154.50,―,―,―,―,―
2026-03-29 00:17:24,6430,108.60,―,―,―,167.70,―,―,―,―,―
2026-03-29 00:17:24,6435,113.90,―,―,―,140.40,―,―,―,―,―
2026-03-29 00:17:24,6440,108.00,―,―,―,175.20,―,―,―,―,―
2026-03-29 00:17:24,6445,127.80,―,―,―,140.60,―,―,―,―,―
2026-03-29 00:17:24,6450,95.20,―,―,―,171.30,―,―,―,―,―
2026-03-29 00:17:24,6455,114.00,―,―,―,―,―,―,―,―,―
2026-03-29 00:17:24,6460,98.20,―,―,―,134.90,―,―,―,―,―
2026-03-29 00:17:24,6465,93.00,―,―,―,―,―,―,―,―,―
2026-03-29 00:17:24,6470,116.10,―,―,―,150.00,―,―,―,―,―
2026-03-29 00:17:24,6475,92.90,―,―,―,176.10,―,―,―,―,―
2026-03-29 00:17:24,6480,86.50,―,―,―,177.00,―,―,―,―,―
2026-03-29 00:17:24,6485,91.30,―,―,―,125.10,―,―,―,―,―
2026-03-29 00:17:24,6490,84.50,―,―,―,192.00,―,―,―,―,―
2026-03-29 00:17:24,6495,80.00,―,―,―,187.80,―,―,―,―,―
2026-03-29 00:17:24,6500,75.00,―,―,―,210.00,―,―,―,―,―
2026-03-29 00:17:24,6505,―,―,―,―,158.40,―,―,―,―,―
2026-03-29 00:17:24,6510,―,―,―,―,171.10,―,―,―,―,―
2026-03-29 00:17:24,6515,78.50,―,―,―,―,―,―,―,―,―
2026-03-29 00:17:24,6520,―,―,―,―,181.80,―,―,―,―,―
2026-03-29 00:17:24,6525,82.50,―,―,―,175.50,―,―,―,―,―
2026-03-29 00:17:24,6530,71.50,―,―,―,207.60,―,―,―,―,―
2026-03-29 00:17:24,6535,72.70,―,―,―,―,―,―,―,―,―
2026-03-29 00:17:24,6540,70.70,―,―,―,―,―,―,―,―,―
2026-03-29 00:17:24,6545,―,―,―,―,230.00,―,―,―,―,―
2026-03-29 00:17:24,6550,63.70,―,―,―,199.80,―,―,―,―,―
2026-03-29 00:17:24,6555,―,―,―,―,―,―,―,―,―,―
2026-03-29 00:17:24,6560,60.30,―,―,―,―,―,―,―,―,―
2026-03-29 00:17:24,6565,56.00,―,―,―,―,―,―,―,―,―
2026-03-29 00:17:24,6570,56.50,―,―,―,―,―,―,―,―,―
2026-03-29 00:17:24,6575,49.20,―,―,―,213.00,―,―,―,―,―
2026-03-29 00:17:39,6375,136.00,―,―,―,137.30,―,―,―,―,―
2026-03-29 00:17:39,6380,140.70,―,―,―,124.70,―,―,―,―,―
2026-03-29 00:17:39,6385,136.70,―,―,―,116.50,―,―,―,―,―
2026-03-29 00:17:39,6390,127.90,―,―,―,151.60,―,―,―,―,―
2026-03-29 00:17:39,6395,138.00,―,―,―,152.90,―,―,―,―,―
2026-03-29 00:17:39,6400,119.10,―,―,―,145.60,―,―,―,―,―
2026-03-29 00:17:39,6405,―,―,―,―,156.00,―,―,―,―,―
2026-03-29 00:17:39,6410,118.70,―,―,―,158.00,―,―,―,―,―
2026-03-29 00:17:39,6415,125.80,―,―,―,152.80,―,―,―,―,―
2026-03-29 00:17:39,6420,113.60,―,―,―,153.30,―,―,―,―,―
2026-03-29 00:17:39,6425,128.90,―,―,―,154.50,―,―,―,―,―
2026-03-29 00:17:39,6430,108.60,―,―,―,167.70,―,―,―,―,―
2026-03-29 00:17:39,6435,113.90,―,―,―,140.40,―,―,―,―,―
2026-03-29 00:17:39,6440,108.00,―,―,―,175.20,―,―,―,―,―
2026-03-29 00:17:39,6445,127.80,―,―,―,140.60,―,―,―,―,―
2026-03-29 00:17:39,6450,95.20,―,―,―,171.30,―,―,―,―,―
2026-03-29 00:17:39,6455,114.00,―,―,―,―,―,―,―,―,―
2026-03-29 00:17:39,6460,98.20,―,―,―,134.90,―,―,―,―,―
2026-03-29 00:17:39,6465,93.00,―,―,―,―,―,―,―,―,―
2026-03-29 00:17:39,6470,116.10,―,―,―,150.00,―,―,―,―,―
2026-03-29 00:17:39,6475,92.90,―,―,―,176.10,―,―,―,―,―
2026-03-29 00:17:39,6480,86.50,―,―,―,177.00,―,―,―,―,―
2026-03-29 00:17:39,6485,91.30,―,―,―,125.10,―,―,―,―,―
2026-03-29 00:17:39,6490,84.50,―,―,―,192.00,―,―,―,―,―
2026-03-29 00:17:39,6495,80.00,―,―,―,187.80,―,―,―,―,―
2026-03-29 00:17:39,6500,75.00,―,―,―,210.00,―,―,―,―,―
2026-03-29 00:17:39,6505,―,―,―,―,158.40,―,―,―,―,―
2026-03-29 00:17:39,6510,―,―,―,―,171.10,―,―,―,―,―
2026-03-29 00:17:39,6515,78.50,―,―,―,―,―,―,―,―,―
2026-03-29 00:17:39,6520,―,―,―,―,181.80,―,―,―,―,―
2026-03-29 00:17:39,6525,82.50,―,―,―,175.50,―,―,―,―,―
2026-03-29 00:17:39,6530,71.50,―,―,―,207.60,―,―,―,―,―
2026-03-29 00:17:39,6535,72.70,―,―,―,―,―,―,―,―,―
2026-03-29 00:17:39,6540,70.70,―,―,―,―,―,―,―,―,―
2026-03-29 00:17:39,6545,―,―,―,―,230.00,―,―,―,―,―
2026-03-29 00:17:39,6550,63.70,―,―,―,199.80,―,―,―,―,―
2026-03-29 00:17:39,6555,―,―,―,―,―,―,―,―,―,―
2026-03-29 00:17:39,6560,60.30,―,―,―,―,―,―,―,―,―
2026-03-29 00:17:39,6565,56.00,―,―,―,―,―,―,―,―,―
2026-03-29 00:17:39,6570,56.50,―,―,―,―,―,―,―,―,―
2026-03-29 00:17:39,6575,49.20,―,―,―,213.00,―,―,―,―,―
2026-03-29 00:17:54,6375,136.00,―,―,―,137.30,―,―,―,―,―
2026-03-29 00:17:54,6380,140.70,―,―,―,124.70,―,―,―,―,―
2026-03-29 00:17:54,6385,136.70,―,―,―,116.50,―,―,―,―,―
2026-03-29 00:17:54,6390,127.90,―,―,―,151.60,―,―,―,―,―
2026-03-29 00:17:54,6395,138.00,―,―,―,152.90,―,―,―,―,―
2026-03-29 00:17:54,6400,119.10,―,―,―,145.60,―,―,―,―,―
2026-03-29 00:17:54,6405,―,―,―,―,156.00,―,―,―,―,―
2026-03-29 00:17:54,6410,118.70,―,―,―,158.00,―,―,―,―,―
2026-03-29 00:17:54,6415,125.80,―,―,―,152.80,―,―,―,―,―
2026-03-29 00:17:54,6420,113.60,―,―,―,153.30,―,―,―,―,―
2026-03-29 00:17:54,6425,128.90,―,―,―,154.50,―,―,―,―,―
2026-03-29 00:17:54,6430,108.60,―,―,―,167.70,―,―,―,―,―
2026-03-29 00:17:54,6435,113.90,―,―,―,140.40,―,―,―,―,―
2026-03-29 00:17:54,6440,108.00,―,―,―,175.20,―,―,―,―,―
2026-03-29 00:17:54,6445,127.80,―,―,―,140.60,―,―,―,―,―
2026-03-29 00:17:54,6450,95.20,―,―,―,171.30,―,―,―,―,―
2026-03-29 00:17:54,6455,114.00,―,―,―,―,―,―,―,―,―
2026-03-29 00:17:54,6460,98.20,―,―,―,134.90,―,―,―,―,―
2026-03-29 00:17:54,6465,93.00,―,―,―,―,―,―,―,―,―
2026-03-29 00:17:54,6470,116.10,―,―,―,150.00,―,―,―,―,―
2026-03-29 00:17:54,6475,92.90,―,―,―,176.10,―,―,―,―,―
2026-03-29 00:17:54,6480,86.50,―,―,―,177.00,―,―,―,―,―
2026-03-29 00:17:54,6485,91.30,―,―,―,125.10,―,―,―,―,―
2026-03-29 00:17:54,6490,84.50,―,―,―,192.00,―,―,―,―,―
2026-03-29 00:17:54,6495,80.00,―,―,―,187.80,―,―,―,―,―
2026-03-29 00:17:54,6500,75.00,―,―,―,210.00,―,―,―,―,―
2026-03-29 00:17:54,6505,―,―,―,―,158.40,―,―,―,―,―
2026-03-29 00:17:54,6510,―,―,―,―,171.10,―,―,―,―,―
2026-03-29 00:17:54,6515,78.50,―,―,―,―,―,―,―,―,―
2026-03-29 00:17:54,6520,―,―,―,―,181.80,―,―,―,―,―
2026-03-29 00:17:54,6525,82.50,―,―,―,175.50,―,―,―,―,―
2026-03-29 00:17:54,6530,71.50,―,―,―,207.60,―,―,―,―,―
2026-03-29 00:17:54,6535,72.70,―,―,―,―,―,―,―,―,―
2026-03-29 00:17:54,6540,70.70,―,―,―,―,―,―,―,―,―
2026-03-29 00:17:54,6545,―,―,―,―,230.00,―,―,―,―,―
2026-03-29 00:17:54,6550,63.70,―,―,―,199.80,―,―,―,―,―
2026-03-29 00:17:54,6555,―,―,―,―,―,―,―,―,―,―
2026-03-29 00:17:54,6560,60.30,―,―,―,―,―,―,―,―,―
2026-03-29 00:17:54,6565,56.00,―,―,―,―,―,―,―,―,―
2026-03-29 00:17:54,6570,56.50,―,―,―,―,―,―,―,―,―
2026-03-29 00:17:54,6575,49.20,―,―,―,213.00,―,―,―,―,―
2026-03-29 00:18:09,6375,136.00,―,―,―,137.30,―,―,―,―,―
2026-03-29 00:18:09,6380,140.70,―,―,―,124.70,―,―,―,―,―
2026-03-29 00:18:09,6385,136.70,―,―,―,116.50,―,―,―,―,―
2026-03-29 00:18:09,6390,127.90,―,―,―,151.60,―,―,―,―,―
2026-03-29 00:18:09,6395,138.00,―,―,―,152.90,―,―,―,―,―
2026-03-29 00:18:09,6400,119.10,―,―,―,145.60,―,―,―,―,―
2026-03-29 00:18:09,6405,―,―,―,―,156.00,―,―,―,―,―
2026-03-29 00:18:09,6410,118.70,―,―,―,158.00,―,―,―,―,―
2026-03-29 00:18:09,6415,125.80,―,―,―,152.80,―,―,―,―,―
2026-03-29 00:18:09,6420,113.60,―,―,―,153.30,―,―,―,―,―
2026-03-29 00:18:09,6425,128.90,―,―,―,154.50,―,―,―,―,―
2026-03-29 00:18:09,6430,108.60,―,―,―,167.70,―,―,―,―,―
2026-03-29 00:18:09,6435,113.90,―,―,―,140.40,―,―,―,―,―
2026-03-29 00:18:09,6440,108.00,―,―,―,175.20,―,―,―,―,―
2026-03-29 00:18:09,6445,127.80,―,―,―,140.60,―,―,―,―,―
2026-03-29 00:18:09,6450,95.20,―,―,―,171.30,―,―,―,―,―
2026-03-29 00:18:09,6455,114.00,―,―,―,―,―,―,―,―,―
2026-03-29 00:18:09,6460,98.20,―,―,―,134.90,―,―,―,―,―
2026-03-29 00:18:09,6465,93.00,―,―,―,―,―,―,―,―,―
2026-03-29 00:18:09,6470,116.10,―,―,―,150.00,―,―,―,―,―
2026-03-29 00:18:09,6475,92.90,―,―,―,176.10,―,―,―,―,―
2026-03-29 00:18:09,6480,86.50,―,―,―,177.00,―,―,―,―,―
2026-03-29 00:18:09,6485,91.30,―,―,―,125.10,―,―,―,―,―
2026-03-29 00:18:09,6490,84.50,―,―,―,192.00,―,―,―,―,―
2026-03-29 00:18:09,6495,80.00,―,―,―,187.80,―,―,―,―,―
2026-03-29 00:18:09,6500,75.00,―,―,―,210.00,―,―,―,―,―
2026-03-29 00:18:09,6505,―,―,―,―,158.40,―,―,―,―,―
2026-03-29 00:18:09,6510,―,―,―,―,171.10,―,―,―,―,―
2026-03-29 00:18:09,6515,78.50,―,―,―,―,―,―,―,―,―
2026-03-29 00:18:09,6520,―,―,―,―,181.80,―,―,―,―,―
2026-03-29 00:18:09,6525,82.50,―,―,―,175.50,―,―,―,―,―
2026-03-29 00:18:09,6530,71.50,―,―,―,207.60,―,―,―,―,―
2026-03-29 00:18:09,6535,72.70,―,―,―,―,―,―,―,―,―
2026-03-29 00:18:09,6540,70.70,―,―,―,―,―,―,―,―,―
2026-03-29 00:18:09,6545,―,―,―,―,230.00,―,―,―,―,―
2026-03-29 00:18:09,6550,63.70,―,―,―,199.80,―,―,―,―,―
2026-03-29 00:18:09,6555,―,―,―,―,―,―,―,―,―,―
2026-03-29 00:18:09,6560,60.30,―,―,―,―,―,―,―,―,―
2026-03-29 00:18:09,6565,56.00,―,―,―,―,―,―,―,―,―
2026-03-29 00:18:09,6570,56.50,―,―,―,―,―,―,―,―,―
2026-03-29 00:18:09,6575,49.20,―,―,―,213.00,―,―,―,―,―
2026-03-29 00:18:24,6375,136.00,―,―,―,137.30,―,―,―,―,―
2026-03-29 00:18:24,6380,140.70,―,―,―,124.70,―,―,―,―,―
2026-03-29 00:18:24,6385,136.70,―,―,―,116.50,―,―,―,―,―
2026-03-29 00:18:24,6390,127.90,―,―,―,151.60,―,―,―,―,―
2026-03-29 00:18:24,6395,138.00,―,―,―,152.90,―,―,―,―,―
2026-03-29 00:18:24,6400,119.10,―,―,―,145.60,―,―,―,―,―
2026-03-29 00:18:24,6405,―,―,―,―,156.00,―,―,―,―,―
2026-03-29 00:18:24,6410,118.70,―,―,―,158.00,―,―,―,―,―
2026-03-29 00:18:24,6415,125.80,―,―,―,152.80,―,―,―,―,―
2026-03-29 00:18:24,6420,113.60,―,―,―,153.30,―,―,―,―,―
2026-03-29 00:18:24,6425,128.90,―,―,―,154.50,―,―,―,―,―
2026-03-29 00:18:24,6430,108.60,―,―,―,167.70,―,―,―,―,―
2026-03-29 00:18:24,6435,113.90,―,―,―,140.40,―,―,―,―,―
2026-03-29 00:18:24,6440,108.00,―,―,―,175.20,―,―,―,―,―
2026-03-29 00:18:24,6445,127.80,―,―,―,140.60,―,―,―,―,―
2026-03-29 00:18:24,6450,95.20,―,―,―,171.30,―,―,―,―,―
2026-03-29 00:18:24,6455,114.00,―,―,―,―,―,―,―,―,―
2026-03-29 00:18:24,6460,98.20,―,―,―,134.90,―,―,―,―,―
2026-03-29 00:18:24,6465,93.00,―,―,―,―,―,―,―,―,―
2026-03-29 00:18:24,6470,116.10,―,―,―,150.00,―,―,―,―,―
2026-03-29 00:18:24,6475,92.90,―,―,―,176.10,―,―,―,―,―
2026-03-29 00:18:24,6480,86.50,―,―,―,177.00,―,―,―,―,―
2026-03-29 00:18:24,6485,91.30,―,―,―,125.10,―,―,―,―,―
2026-03-29 00:18:24,6490,84.50,―,―,―,192.00,―,―,―,―,―
2026-03-29 00:18:24,6495,80.00,―,―,―,187.80,―,―,―,―,―
2026-03-29 00:18:24,6500,75.00,―,―,―,210.00,―,―,―,―,―
2026-03-29 00:18:24,6505,―,―,―,―,158.40,―,―,―,―,―
2026-03-29 00:18:24,6510,―,―,―,―,171.10,―,―,―,―,―
2026-03-29 00:18:24,6515,78.50,―,―,―,―,―,―,―,―,―
2026-03-29 00:18:24,6520,―,―,―,―,181.80,―,―,―,―,―
2026-03-29 00:18:24,6525,82.50,―,―,―,175.50,―,―,―,―,―
2026-03-29 00:18:24,6530,71.50,―,―,―,207.60,―,―,―,―,―
2026-03-29 00:18:24,6535,72.70,―,―,―,―,―,―,―,―,―
2026-03-29 00:18:24,6540,70.70,―,―,―,―,―,―,―,―,―
2026-03-29 00:18:24,6545,―,―,―,―,230.00,―,―,―,―,―
2026-03-29 00:18:24,6550,63.70,―,―,―,199.80,―,―,―,―,―
2026-03-29 00:18:24,6555,―,―,―,―,―,―,―,―,―,―
2026-03-29 00:18:24,6560,60.30,―,―,―,―,―,―,―,―,―
2026-03-29 00:18:24,6565,56.00,―,―,―,―,―,―,―,―,―
2026-03-29 00:18:24,6570,56.50,―,―,―,―,―,―,―,―,―
2026-03-29 00:18:24,6575,49.20,―,―,―,213.00,―,―,―,―,―
2026-03-29 00:18:39,6375,136.00,―,―,―,137.30,―,―,―,―,―
2026-03-29 00:18:39,6380,140.70,―,―,―,124.70,―,―,―,―,―
2026-03-29 00:18:39,6385,136.70,―,―,―,116.50,―,―,―,―,―
2026-03-29 00:18:39,6390,127.90,―,―,―,151.60,―,―,―,―,―
2026-03-29 00:18:39,6395,138.00,―,―,―,152.90,―,―,―,―,―
2026-03-29 00:18:39,6400,119.10,―,―,―,145.60,―,―,―,―,―
2026-03-29 00:18:39,6405,―,―,―,―,156.00,―,―,―,―,―
2026-03-29 00:18:39,6410,118.70,―,―,―,158.00,―,―,―,―,―
2026-03-29 00:18:39,6415,125.80,―,―,―,152.80,―,―,―,―,―
2026-03-29 00:18:39,6420,113.60,―,―,―,153.30,―,―,―,―,―
2026-03-29 00:18:39,6425,128.90,―,―,―,154.50,―,―,―,―,―
2026-03-29 00:18:39,6430,108.60,―,―,―,167.70,―,―,―,―,―
2026-03-29 00:18:39,6435,113.90,―,―,―,140.40,―,―,―,―,―
2026-03-29 00:18:39,6440,108.00,―,―,―,175.20,―,―,―,―,―
2026-03-29 00:18:39,6445,127.80,―,―,―,140.60,―,―,―,―,―
2026-03-29 00:18:39,6450,95.20,―,―,―,171.30,―,―,―,―,―
2026-03-29 00:18:39,6455,114.00,―,―,―,―,―,―,―,―,―
2026-03-29 00:18:39,6460,98.20,―,―,―,134.90,―,―,―,―,―
2026-03-29 00:18:39,6465,93.00,―,―,―,―,―,―,―,―,―
2026-03-29 00:18:39,6470,116.10,―,―,―,150.00,―,―,―,―,―
2026-03-29 00:18:39,6475,92.90,―,―,―,176.10,―,―,―,―,―
2026-03-29 00:18:39,6480,86.50,―,―,―,177.00,―,―,―,―,―
2026-03-29 00:18:39,6485,91.30,―,―,―,125.10,―,―,―,―,―
2026-03-29 00:18:39,6490,84.50,―,―,―,192.00,―,―,―,―,―
2026-03-29 00:18:39,6495,80.00,―,―,―,187.80,―,―,―,―,―
2026-03-29 00:18:39,6500,75.00,―,―,―,210.00,―,―,―,―,―
2026-03-29 00:18:39,6505,―,―,―,―,158.40,―,―,―,―,―
2026-03-29 00:18:39,6510,―,―,―,―,171.10,―,―,―,―,―
2026-03-29 00:18:39,6515,78.50,―,―,―,―,―,―,―,―,―
2026-03-29 00:18:39,6520,―,―,―,―,181.80,―,―,―,―,―
2026-03-29 00:18:39,6525,82.50,―,―,―,175.50,―,―,―,―,―
2026-03-29 00:18:39,6530,71.50,―,―,―,207.60,―,―,―,―,―
2026-03-29 00:18:39,6535,72.70,―,―,―,―,―,―,―,―,―
2026-03-29 00:18:39,6540,70.70,―,―,―,―,―,―,―,―,―
2026-03-29 00:18:39,6545,―,―,―,―,230.00,―,―,―,―,―
2026-03-29 00:18:39,6550,63.70,―,―,―,199.80,―,―,―,―,―
2026-03-29 00:18:39,6555,―,―,―,―,―,―,―,―,―,―
2026-03-29 00:18:39,6560,60.30,―,―,―,―,―,―,―,―,―
2026-03-29 00:18:39,6565,56.00,―,―,―,―,―,―,―,―,―
2026-03-29 00:18:39,6570,56.50,―,―,―,―,―,―,―,―,―
2026-03-29 00:18:39,6575,49.20,―,―,―,213.00,―,―,―,―,―
2026-03-29 00:18:54,6375,136.00,―,―,―,137.30,―,―,―,―,―
2026-03-29 00:18:54,6380,140.70,―,―,―,124.70,―,―,―,―,―
2026-03-29 00:18:54,6385,136.70,―,―,―,116.50,―,―,―,―,―
2026-03-29 00:18:54,6390,127.90,―,―,―,151.60,―,―,―,―,―
2026-03-29 00:18:54,6395,138.00,―,―,―,152.90,―,―,―,―,―
2026-03-29 00:18:54,6400,119.10,―,―,―,145.60,―,―,―,―,―
2026-03-29 00:18:54,6405,―,―,―,―,156.00,―,―,―,―,―
2026-03-29 00:18:54,6410,118.70,―,―,―,158.00,―,―,―,―,―
2026-03-29 00:18:54,6415,125.80,―,―,―,152.80,―,―,―,―,―
2026-03-29 00:18:54,6420,113.60,―,―,―,153.30,―,―,―,―,―
2026-03-29 00:18:54,6425,128.90,―,―,―,154.50,―,―,―,―,―
2026-03-29 00:18:54,6430,108.60,―,―,―,167.70,―,―,―,―,―
2026-03-29 00:18:54,6435,113.90,―,―,―,140.40,―,―,―,―,―
2026-03-29 00:18:54,6440,108.00,―,―,―,175.20,―,―,―,―,―
2026-03-29 00:18:54,6445,127.80,―,―,―,140.60,―,―,―,―,―
2026-03-29 00:18:54,6450,95.20,―,―,―,171.30,―,―,―,―,―
2026-03-29 00:18:54,6455,114.00,―,―,―,―,―,―,―,―,―
2026-03-29 00:18:54,6460,98.20,―,―,―,134.90,―,―,―,―,―
2026-03-29 00:18:54,6465,93.00,―,―,―,―,―,―,―,―,―
2026-03-29 00:18:54,6470,116.10,―,―,―,150.00,―,―,―,―,―
2026-03-29 00:18:54,6475,92.90,―,―,―,176.10,―,―,―,―,―
2026-03-29 00:18:54,6480,86.50,―,―,―,177.00,―,―,―,―,―
2026-03-29 00:18:54,6485,91.30,―,―,―,125.10,―,―,―,―,―
2026-03-29 00:18:54,6490,84.50,―,―,―,192.00,―,―,―,―,―
2026-03-29 00:18:54,6495,80.00,―,―,―,187.80,―,―,―,―,―
2026-03-29 00:18:54,6500,75.00,―,―,―,210.00,―,―,―,―,―
2026-03-29 00:18:54,6505,―,―,―,―,158.40,―,―,―,―,―
2026-03-29 00:18:54,6510,―,―,―,―,171.10,―,―,―,―,―
2026-03-29 00:18:54,6515,78.50,―,―,―,―,―,―,―,―,―
2026-03-29 00:18:54,6520,―,―,―,―,181.80,―,―,―,―,―
2026-03-29 00:18:54,6525,82.50,―,―,―,175.50,―,―,―,―,―
2026-03-29 00:18:54,6530,71.50,―,―,―,207.60,―,―,―,―,―
2026-03-29 00:18:54,6535,72.70,―,―,―,―,―,―,―,―,―
2026-03-29 00:18:54,6540,70.70,―,―,―,―,―,―,―,―,―
2026-03-29 00:18:54,6545,―,―,―,―,230.00,―,―,―,―,―
2026-03-29 00:18:54,6550,63.70,―,―,―,199.80,―,―,―,―,―
2026-03-29 00:18:54,6555,―,―,―,―,―,―,―,―,―,―
2026-03-29 00:18:54,6560,60.30,―,―,―,―,―,―,―,―,―
2026-03-29 00:18:54,6565,56.00,―,―,―,―,―,―,―,―,―
2026-03-29 00:18:54,6570,56.50,―,―,―,―,―,―,―,―,―
2026-03-29 00:18:54,6575,49.20,―,―,―,213.00,―,―,―,―,―
2026-03-29 00:19:09,6375,136.00,―,―,―,137.30,―,―,―,―,―
2026-03-29 00:19:09,6380,140.70,―,―,―,124.70,―,―,―,―,―
2026-03-29 00:19:09,6385,136.70,―,―,―,116.50,―,―,―,―,―
2026-03-29 00:19:09,6390,127.90,―,―,―,151.60,―,―,―,―,―
2026-03-29 00:19:09,6395,138.00,―,―,―,152.90,―,―,―,―,―
2026-03-29 00:19:09,6400,119.10,―,―,―,145.60,―,―,―,―,―
2026-03-29 00:19:09,6405,―,―,―,―,156.00,―,―,―,―,―
2026-03-29 00:19:09,6410,118.70,―,―,―,158.00,―,―,―,―,―
2026-03-29 00:19:09,6415,125.80,―,―,―,152.80,―,―,―,―,―
2026-03-29 00:19:09,6420,113.60,―,―,―,153.30,―,―,―,―,―
2026-03-29 00:19:09,6425,128.90,―,―,―,154.50,―,―,―,―,―
2026-03-29 00:19:09,6430,108.60,―,―,―,167.70,―,―,―,―,―
2026-03-29 00:19:09,6435,113.90,―,―,―,140.40,―,―,―,―,―
2026-03-29 00:19:09,6440,108.00,―,―,―,175.20,―,―,―,―,―
2026-03-29 00:19:09,6445,127.80,―,―,―,140.60,―,―,―,―,―
2026-03-29 00:19:09,6450,95.20,―,―,―,171.30,―,―,―,―,―
2026-03-29 00:19:09,6455,114.00,―,―,―,―,―,―,―,―,―
2026-03-29 00:19:09,6460,98.20,―,―,―,134.90,―,―,―,―,―
2026-03-29 00:19:09,6465,93.00,―,―,―,―,―,―,―,―,―
2026-03-29 00:19:09,6470,116.10,―,―,―,150.00,―,―,―,―,―
2026-03-29 00:19:09,6475,92.90,―,―,―,176.10,―,―,―,―,―
2026-03-29 00:19:09,6480,86.50,―,―,―,177.00,―,―,―,―,―
2026-03-29 00:19:09,6485,91.30,―,―,―,125.10,―,―,―,―,―
2026-03-29 00:19:09,6490,84.50,―,―,―,192.00,―,―,―,―,―
2026-03-29 00:19:09,6495,80.00,―,―,―,187.80,―,―,―,―,―
2026-03-29 00:19:09,6500,75.00,―,―,―,210.00,―,―,―,―,―
2026-03-29 00:19:09,6505,―,―,―,―,158.40,―,―,―,―,―
2026-03-29 00:19:09,6510,―,―,―,―,171.10,―,―,―,―,―
2026-03-29 00:19:09,6515,78.50,―,―,―,―,―,―,―,―,―
2026-03-29 00:19:09,6520,―,―,―,―,181.80,―,―,―,―,―
2026-03-29 00:19:09,6525,82.50,―,―,―,175.50,―,―,―,―,―
2026-03-29 00:19:09,6530,71.50,―,―,―,207.60,―,―,―,―,―
2026-03-29 00:19:09,6535,72.70,―,―,―,―,―,―,―,―,―
2026-03-29 00:19:09,6540,70.70,―,―,―,―,―,―,―,―,―
2026-03-29 00:19:09,6545,―,―,―,―,230.00,―,―,―,―,―
2026-03-29 00:19:09,6550,63.70,―,―,―,199.80,―,―,―,―,―
2026-03-29 00:19:09,6555,―,―,―,―,―,―,―,―,―,―
2026-03-29 00:19:09,6560,60.30,―,―,―,―,―,―,―,―,―
2026-03-29 00:19:09,6565,56.00,―,―,―,―,―,―,―,―,―
2026-03-29 00:19:09,6570,56.50,―,―,―,―,―,―,―,―,―
2026-03-29 00:19:09,6575,49.20,―,―,―,213.00,―,―,―,―,―
2026-03-29 00:19:24,6375,136.00,―,―,―,137.30,―,―,―,―,―
2026-03-29 00:19:24,6380,140.70,―,―,―,124.70,―,―,―,―,―
2026-03-29 00:19:24,6385,136.70,―,―,―,116.50,―,―,―,―,―
2026-03-29 00:19:24,6390,127.90,―,―,―,151.60,―,―,―,―,―
2026-03-29 00:19:24,6395,138.00,―,―,―,152.90,―,―,―,―,―
2026-03-29 00:19:24,6400,119.10,―,―,―,145.60,―,―,―,―,―
2026-03-29 00:19:24,6405,―,―,―,―,156.00,―,―,―,―,―
2026-03-29 00:19:24,6410,118.70,―,―,―,158.00,―,―,―,―,―
2026-03-29 00:19:24,6415,125.80,―,―,―,152.80,―,―,―,―,―
2026-03-29 00:19:24,6420,113.60,―,―,―,153.30,―,―,―,―,―
2026-03-29 00:19:24,6425,128.90,―,―,―,154.50,―,―,―,―,―
2026-03-29 00:19:24,6430,108.60,―,―,―,167.70,―,―,―,―,―
2026-03-29 00:19:24,6435,113.90,―,―,―,140.40,―,―,―,―,―
2026-03-29 00:19:24,6440,108.00,―,―,―,175.20,―,―,―,―,―
2026-03-29 00:19:24,6445,127.80,―,―,―,140.60,―,―,―,―,―
2026-03-29 00:19:24,6450,95.20,―,―,―,171.30,―,―,―,―,―
2026-03-29 00:19:24,6455,114.00,―,―,―,―,―,―,―,―,―
2026-03-29 00:19:24,6460,98.20,―,―,―,134.90,―,―,―,―,―
2026-03-29 00:19:24,6465,93.00,―,―,―,―,―,―,―,―,―
2026-03-29 00:19:24,6470,116.10,―,―,―,150.00,―,―,―,―,―
2026-03-29 00:19:24,6475,92.90,―,―,―,176.10,―,―,―,―,―
2026-03-29 00:19:24,6480,86.50,―,―,―,177.00,―,―,―,―,―
2026-03-29 00:19:24,6485,91.30,―,―,―,125.10,―,―,―,―,―
2026-03-29 00:19:24,6490,84.50,―,―,―,192.00,―,―,―,―,―
2026-03-29 00:19:24,6495,80.00,―,―,―,187.80,―,―,―,―,―
2026-03-29 00:19:24,6500,75.00,―,―,―,210.00,―,―,―,―,―
2026-03-29 00:19:24,6505,―,―,―,―,158.40,―,―,―,―,―
2026-03-29 00:19:24,6510,―,―,―,―,171.10,―,―,―,―,―
2026-03-29 00:19:24,6515,78.50,―,―,―,―,―,―,―,―,―
2026-03-29 00:19:24,6520,―,―,―,―,181.80,―,―,―,―,―
2026-03-29 00:19:24,6525,82.50,―,―,―,175.50,―,―,―,―,―
2026-03-29 00:19:24,6530,71.50,―,―,―,207.60,―,―,―,―,―
2026-03-29 00:19:24,6535,72.70,―,―,―,―,―,―,―,―,―
2026-03-29 00:19:24,6540,70.70,―,―,―,―,―,―,―,―,―
2026-03-29 00:19:24,6545,―,―,―,―,230.00,―,―,―,―,―
2026-03-29 00:19:24,6550,63.70,―,―,―,199.80,―,―,―,―,―
2026-03-29 00:19:24,6555,―,―,―,―,―,―,―,―,―,―
2026-03-29 00:19:24,6560,60.30,―,―,―,―,―,―,―,―,―
2026-03-29 00:19:24,6565,56.00,―,―,―,―,―,―,―,―,―
2026-03-29 00:19:24,6570,56.50,―,―,―,―,―,―,―,―,―
2026-03-29 00:19:24,6575,49.20,―,―,―,213.00,―,―,―,―,―
2026-03-29 00:19:39,6375,136.00,―,―,―,137.30,―,―,―,―,―
2026-03-29 00:19:39,6380,140.70,―,―,―,124.70,―,―,―,―,―
2026-03-29 00:19:39,6385,136.70,―,―,―,116.50,―,―,―,―,―
2026-03-29 00:19:39,6390,127.90,―,―,―,151.60,―,―,―,―,―
2026-03-29 00:19:39,6395,138.00,―,―,―,152.90,―,―,―,―,―
2026-03-29 00:19:39,6400,119.10,―,―,―,145.60,―,―,―,―,―
2026-03-29 00:19:39,6405,―,―,―,―,156.00,―,―,―,―,―
2026-03-29 00:19:39,6410,118.70,―,―,―,158.00,―,―,―,―,―
2026-03-29 00:19:39,6415,125.80,―,―,―,152.80,―,―,―,―,―
2026-03-29 00:19:39,6420,113.60,―,―,―,153.30,―,―,―,―,―
2026-03-29 00:19:39,6425,128.90,―,―,―,154.50,―,―,―,―,―
2026-03-29 00:19:39,6430,108.60,―,―,―,167.70,―,―,―,―,―
2026-03-29 00:19:39,6435,113.90,―,―,―,140.40,―,―,―,―,―
2026-03-29 00:19:39,6440,108.00,―,―,―,175.20,―,―,―,―,―
2026-03-29 00:19:39,6445,127.80,―,―,―,140.60,―,―,―,―,―
2026-03-29 00:19:39,6450,95.20,―,―,―,171.30,―,―,―,―,―
2026-03-29 00:19:39,6455,114.00,―,―,―,―,―,―,―,―,―
2026-03-29 00:19:39,6460,98.20,―,―,―,134.90,―,―,―,―,―
2026-03-29 00:19:39,6465,93.00,―,―,―,―,―,―,―,―,―
2026-03-29 00:19:39,6470,116.10,―,―,―,150.00,―,―,―,―,―
2026-03-29 00:19:39,6475,92.90,―,―,―,176.10,―,―,―,―,―
2026-03-29 00:19:39,6480,86.50,―,―,―,177.00,―,―,―,―,―
2026-03-29 00:19:39,6485,91.30,―,―,―,125.10,―,―,―,―,―
2026-03-29 00:19:39,6490,84.50,―,―,―,192.00,―,―,―,―,―
2026-03-29 00:19:39,6495,80.00,―,―,―,187.80,―,―,―,―,―
2026-03-29 00:19:39,6500,75.00,―,―,―,210.00,―,―,―,―,―
2026-03-29 00:19:39,6505,―,―,―,―,158.40,―,―,―,―,―
2026-03-29 00:19:39,6510,―,―,―,―,171.10,―,―,―,―,―
2026-03-29 00:19:39,6515,78.50,―,―,―,―,―,―,―,―,―
2026-03-29 00:19:39,6520,―,―,―,―,181.80,―,―,―,―,―
2026-03-29 00:19:39,6525,82.50,―,―,―,175.50,―,―,―,―,―
2026-03-29 00:19:39,6530,71.50,―,―,―,207.60,―,―,―,―,―
2026-03-29 00:19:39,6535,72.70,―,―,―,―,―,―,―,―,―
2026-03-29 00:19:39,6540,70.70,―,―,―,―,―,―,―,―,―
2026-03-29 00:19:39,6545,―,―,―,―,230.00,―,―,―,―,―
2026-03-29 00:19:39,6550,63.70,―,―,―,199.80,―,―,―,―,―
2026-03-29 00:19:39,6555,―,―,―,―,―,―,―,―,―,―
2026-03-29 00:19:39,6560,60.30,―,―,―,―,―,―,―,―,―
2026-03-29 00:19:39,6565,56.00,―,―,―,―,―,―,―,―,―
2026-03-29 00:19:39,6570,56.50,―,―,―,―,―,―,―,―,―
2026-03-29 00:19:39,6575,49.20,―,―,―,213.00,―,―,―,―,―
2026-03-29 00:19:54,6375,136.00,―,―,―,137.30,―,―,―,―,―
2026-03-29 00:19:54,6380,140.70,―,―,―,124.70,―,―,―,―,―
2026-03-29 00:19:54,6385,136.70,―,―,―,116.50,―,―,―,―,―
2026-03-29 00:19:54,6390,127.90,―,―,―,151.60,―,―,―,―,―
2026-03-29 00:19:54,6395,138.00,―,―,―,152.90,―,―,―,―,―
2026-03-29 00:19:54,6400,119.10,―,―,―,145.60,―,―,―,―,―
2026-03-29 00:19:54,6405,―,―,―,―,156.00,―,―,―,―,―
2026-03-29 00:19:54,6410,118.70,―,―,―,158.00,―,―,―,―,―
2026-03-29 00:19:54,6415,125.80,―,―,―,152.80,―,―,―,―,―
2026-03-29 00:19:54,6420,113.60,―,―,―,153.30,―,―,―,―,―
2026-03-29 00:19:54,6425,128.90,―,―,―,154.50,―,―,―,―,―
2026-03-29 00:19:54,6430,108.60,―,―,―,167.70,―,―,―,―,―
2026-03-29 00:19:54,6435,113.90,―,―,―,140.40,―,―,―,―,―
2026-03-29 00:19:54,6440,108.00,―,―,―,175.20,―,―,―,―,―
2026-03-29 00:19:54,6445,127.80,―,―,―,140.60,―,―,―,―,―
2026-03-29 00:19:54,6450,95.20,―,―,―,171.30,―,―,―,―,―
2026-03-29 00:19:54,6455,114.00,―,―,―,―,―,―,―,―,―
2026-03-29 00:19:54,6460,98.20,―,―,―,134.90,―,―,―,―,―
2026-03-29 00:19:54,6465,93.00,―,―,―,―,―,―,―,―,―
2026-03-29 00:19:54,6470,116.10,―,―,―,150.00,―,―,―,―,―
2026-03-29 00:19:54,6475,92.90,―,―,―,176.10,―,―,―,―,―
2026-03-29 00:19:54,6480,86.50,―,―,―,177.00,―,―,―,―,―
2026-03-29 00:19:54,6485,91.30,―,―,―,125.10,―,―,―,―,―
2026-03-29 00:19:54,6490,84.50,―,―,―,192.00,―,―,―,―,―
2026-03-29 00:19:54,6495,80.00,―,―,―,187.80,―,―,―,―,―
2026-03-29 00:19:54,6500,75.00,―,―,―,210.00,―,―,―,―,―
2026-03-29 00:19:54,6505,―,―,―,―,158.40,―,―,―,―,―
2026-03-29 00:19:54,6510,―,―,―,―,171.10,―,―,―,―,―
2026-03-29 00:19:54,6515,78.50,―,―,―,―,―,―,―,―,―
2026-03-29 00:19:54,6520,―,―,―,―,181.80,―,―,―,―,―
2026-03-29 00:19:54,6525,82.50,―,―,―,175.50,―,―,―,―,―
2026-03-29 00:19:54,6530,71.50,―,―,―,207.60,―,―,―,―,―
2026-03-29 00:19:54,6535,72.70,―,―,―,―,―,―,―,―,―
2026-03-29 00:19:54,6540,70.70,―,―,―,―,―,―,―,―,―
2026-03-29 00:19:54,6545,―,―,―,―,230.00,―,―,―,―,―
2026-03-29 00:19:54,6550,63.70,―,―,―,199.80,―,―,―,―,―
2026-03-29 00:19:54,6555,―,―,―,―,―,―,―,―,―,―
2026-03-29 00:19:54,6560,60.30,―,―,―,―,―,―,―,―,―
2026-03-29 00:19:54,6565,56.00,―,―,―,―,―,―,―,―,―
2026-03-29 00:19:54,6570,56.50,―,―,―,―,―,―,―,―,―
2026-03-29 00:19:54,6575,49.20,―,―,―,213.00,―,―,―,―,―
2026-03-29 00:20:09,6375,136.00,―,―,―,137.30,―,―,―,―,―
2026-03-29 00:20:09,6380,140.70,―,―,―,124.70,―,―,―,―,―
2026-03-29 00:20:09,6385,136.70,―,―,―,116.50,―,―,―,―,―
2026-03-29 00:20:09,6390,127.90,―,―,―,151.60,―,―,―,―,―
2026-03-29 00:20:09,6395,138.00,―,―,―,152.90,―,―,―,―,―
2026-03-29 00:20:09,6400,119.10,―,―,―,145.60,―,―,―,―,―
2026-03-29 00:20:09,6405,―,―,―,―,156.00,―,―,―,―,―
2026-03-29 00:20:09,6410,118.70,―,―,―,158.00,―,―,―,―,―
2026-03-29 00:20:09,6415,125.80,―,―,―,152.80,―,―,―,―,―
2026-03-29 00:20:09,6420,113.60,―,―,―,153.30,―,―,―,―,―
2026-03-29 00:20:09,6425,128.90,―,―,―,154.50,―,―,―,―,―
2026-03-29 00:20:09,6430,108.60,―,―,―,167.70,―,―,―,―,―
2026-03-29 00:20:09,6435,113.90,―,―,―,140.40,―,―,―,―,―
2026-03-29 00:20:09,6440,108.00,―,―,―,175.20,―,―,―,―,―
2026-03-29 00:20:09,6445,127.80,―,―,―,140.60,―,―,―,―,―
2026-03-29 00:20:09,6450,95.20,―,―,―,171.30,―,―,―,―,―
2026-03-29 00:20:09,6455,114.00,―,―,―,―,―,―,―,―,―
2026-03-29 00:20:09,6460,98.20,―,―,―,134.90,―,―,―,―,―
2026-03-29 00:20:09,6465,93.00,―,―,―,―,―,―,―,―,―
2026-03-29 00:20:09,6470,116.10,―,―,―,150.00,―,―,―,―,―
2026-03-29 00:20:09,6475,92.90,―,―,―,176.10,―,―,―,―,―
2026-03-29 00:20:09,6480,86.50,―,―,―,177.00,―,―,―,―,―
2026-03-29 00:20:09,6485,91.30,―,―,―,125.10,―,―,―,―,―
2026-03-29 00:20:09,6490,84.50,―,―,―,192.00,―,―,―,―,―
2026-03-29 00:20:09,6495,80.00,―,―,―,187.80,―,―,―,―,―
2026-03-29 00:20:09,6500,75.00,―,―,―,210.00,―,―,―,―,―
2026-03-29 00:20:09,6505,―,―,―,―,158.40,―,―,―,―,―
2026-03-29 00:20:09,6510,―,―,―,―,171.10,―,―,―,―,―
2026-03-29 00:20:09,6515,78.50,―,―,―,―,―,―,―,―,―
2026-03-29 00:20:09,6520,―,―,―,―,181.80,―,―,―,―,―
2026-03-29 00:20:09,6525,82.50,―,―,―,175.50,―,―,―,―,―
2026-03-29 00:20:09,6530,71.50,―,―,―,207.60,―,―,―,―,―
2026-03-29 00:20:09,6535,72.70,―,―,―,―,―,―,―,―,―
2026-03-29 00:20:09,6540,70.70,―,―,―,―,―,―,―,―,―
2026-03-29 00:20:09,6545,―,―,―,―,230.00,―,―,―,―,―
2026-03-29 00:20:09,6550,63.70,―,―,―,199.80,―,―,―,―,―
2026-03-29 00:20:09,6555,―,―,―,―,―,―,―,―,―,―
2026-03-29 00:20:09,6560,60.30,―,―,―,―,―,―,―,―,―
2026-03-29 00:20:09,6565,56.00,―,―,―,―,―,―,―,―,―
2026-03-29 00:20:09,6570,56.50,―,―,―,―,―,―,―,―,―
2026-03-29 00:20:09,6575,49.20,―,―,―,213.00,―,―,―,―,―
2026-03-29 00:20:24,6375,136.00,―,―,―,137.30,―,―,―,―,―
2026-03-29 00:20:24,6380,140.70,―,―,―,124.70,―,―,―,―,―
2026-03-29 00:20:24,6385,136.70,―,―,―,116.50,―,―,―,―,―
2026-03-29 00:20:24,6390,127.90,―,―,―,151.60,―,―,―,―,―
2026-03-29 00:20:24,6395,138.00,―,―,―,152.90,―,―,―,―,―
2026-03-29 00:20:24,6400,119.10,―,―,―,145.60,―,―,―,―,―
2026-03-29 00:20:24,6405,―,―,―,―,156.00,―,―,―,―,―
2026-03-29 00:20:24,6410,118.70,―,―,―,158.00,―,―,―,―,―
2026-03-29 00:20:24,6415,125.80,―,―,―,152.80,―,―,―,―,―
2026-03-29 00:20:24,6420,113.60,―,―,―,153.30,―,―,―,―,―
2026-03-29 00:20:24,6425,128.90,―,―,―,154.50,―,―,―,―,―
2026-03-29 00:20:24,6430,108.60,―,―,―,167.70,―,―,―,―,―
2026-03-29 00:20:24,6435,113.90,―,―,―,140.40,―,―,―,―,―
2026-03-29 00:20:24,6440,108.00,―,―,―,175.20,―,―,―,―,―
2026-03-29 00:20:24,6445,127.80,―,―,―,140.60,―,―,―,―,―
2026-03-29 00:20:24,6450,95.20,―,―,―,171.30,―,―,―,―,―
2026-03-29 00:20:24,6455,114.00,―,―,―,―,―,―,―,―,―
2026-03-29 00:20:24,6460,98.20,―,―,―,134.90,―,―,―,―,―
2026-03-29 00:20:24,6465,93.00,―,―,―,―,―,―,―,―,―
2026-03-29 00:20:24,6470,116.10,―,―,―,150.00,―,―,―,―,―
2026-03-29 00:20:24,6475,92.90,―,―,―,176.10,―,―,―,―,―
2026-03-29 00:20:24,6480,86.50,―,―,―,177.00,―,―,―,―,―
2026-03-29 00:20:24,6485,91.30,―,―,―,125.10,―,―,―,―,―
2026-03-29 00:20:24,6490,84.50,―,―,―,192.00,―,―,―,―,―
2026-03-29 00:20:24,6495,80.00,―,―,―,187.80,―,―,―,―,―
2026-03-29 00:20:24,6500,75.00,―,―,―,210.00,―,―,―,―,―
2026-03-29 00:20:24,6505,―,―,―,―,158.40,―,―,―,―,―
2026-03-29 00:20:24,6510,―,―,―,―,171.10,―,―,―,―,―
2026-03-29 00:20:24,6515,78.50,―,―,―,―,―,―,―,―,―
2026-03-29 00:20:24,6520,―,―,―,―,181.80,―,―,―,―,―
2026-03-29 00:20:24,6525,82.50,―,―,―,175.50,―,―,―,―,―
2026-03-29 00:20:24,6530,71.50,―,―,―,207.60,―,―,―,―,―
2026-03-29 00:20:24,6535,72.70,―,―,―,―,―,―,―,―,―
2026-03-29 00:20:24,6540,70.70,―,―,―,―,―,―,―,―,―
2026-03-29 00:20:24,6545,―,―,―,―,230.00,―,―,―,―,―
2026-03-29 00:20:24,6550,63.70,―,―,―,199.80,―,―,―,―,―
2026-03-29 00:20:24,6555,―,―,―,―,―,―,―,―,―,―
2026-03-29 00:20:24,6560,60.30,―,―,―,―,―,―,―,―,―
2026-03-29 00:20:24,6565,56.00,―,―,―,―,―,―,―,―,―
2026-03-29 00:20:24,6570,56.50,―,―,―,―,―,―,―,―,―
2026-03-29 00:20:24,6575,49.20,―,―,―,213.00,―,―,―,―,―
2026-03-29 00:20:39,6375,136.00,―,―,―,137.30,―,―,―,―,―
2026-03-29 00:20:39,6380,140.70,―,―,―,124.70,―,―,―,―,―
2026-03-29 00:20:39,6385,136.70,―,―,―,116.50,―,―,―,―,―
2026-03-29 00:20:39,6390,127.90,―,―,―,151.60,―,―,―,―,―
2026-03-29 00:20:39,6395,138.00,―,―,―,152.90,―,―,―,―,―
2026-03-29 00:20:39,6400,119.10,―,―,―,145.60,―,―,―,―,―
2026-03-29 00:20:39,6405,―,―,―,―,156.00,―,―,―,―,―
2026-03-29 00:20:39,6410,118.70,―,―,―,158.00,―,―,―,―,―
2026-03-29 00:20:39,6415,125.80,―,―,―,152.80,―,―,―,―,―
2026-03-29 00:20:39,6420,113.60,―,―,―,153.30,―,―,―,―,―
2026-03-29 00:20:39,6425,128.90,―,―,―,154.50,―,―,―,―,―
2026-03-29 00:20:39,6430,108.60,―,―,―,167.70,―,―,―,―,―
2026-03-29 00:20:39,6435,113.90,―,―,―,140.40,―,―,―,―,―
2026-03-29 00:20:39,6440,108.00,―,―,―,175.20,―,―,―,―,―
2026-03-29 00:20:39,6445,127.80,―,―,―,140.60,―,―,―,―,―
2026-03-29 00:20:39,6450,95.20,―,―,―,171.30,―,―,―,―,―
2026-03-29 00:20:39,6455,114.00,―,―,―,―,―,―,―,―,―
2026-03-29 00:20:39,6460,98.20,―,―,―,134.90,―,―,―,―,―
2026-03-29 00:20:39,6465,93.00,―,―,―,―,―,―,―,―,―
2026-03-29 00:20:39,6470,116.10,―,―,―,150.00,―,―,―,―,―
2026-03-29 00:20:39,6475,92.90,―,―,―,176.10,―,―,―,―,―
2026-03-29 00:20:39,6480,86.50,―,―,―,177.00,―,―,―,―,―
2026-03-29 00:20:39,6485,91.30,―,―,―,125.10,―,―,―,―,―
2026-03-29 00:20:39,6490,84.50,―,―,―,192.00,―,―,―,―,―
2026-03-29 00:20:39,6495,80.00,―,―,―,187.80,―,―,―,―,―
2026-03-29 00:20:39,6500,75.00,―,―,―,210.00,―,―,―,―,―
2026-03-29 00:20:39,6505,―,―,―,―,158.40,―,―,―,―,―
2026-03-29 00:20:39,6510,―,―,―,―,171.10,―,―,―,―,―
2026-03-29 00:20:39,6515,78.50,―,―,―,―,―,―,―,―,―
2026-03-29 00:20:39,6520,―,―,―,―,181.80,―,―,―,―,―
2026-03-29 00:20:39,6525,82.50,―,―,―,175.50,―,―,―,―,―
2026-03-29 00:20:39,6530,71.50,―,―,―,207.60,―,―,―,―,―
2026-03-29 00:20:39,6535,72.70,―,―,―,―,―,―,―,―,―
2026-03-29 00:20:39,6540,70.70,―,―,―,―,―,―,―,―,―
2026-03-29 00:20:39,6545,―,―,―,―,230.00,―,―,―,―,―
2026-03-29 00:20:39,6550,63.70,―,―,―,199.80,―,―,―,―,―
2026-03-29 00:20:39,6555,―,―,―,―,―,―,―,―,―,―
2026-03-29 00:20:39,6560,60.30,―,―,―,―,―,―,―,―,―
2026-03-29 00:20:39,6565,56.00,―,―,―,―,―,―,―,―,―
2026-03-29 00:20:39,6570,56.50,―,―,―,―,―,―,―,―,―
2026-03-29 00:20:39,6575,49.20,―,―,―,213.00,―,―,―,―,―
2026-03-29 00:20:54,6375,136.00,―,―,―,137.30,―,―,―,―,―
2026-03-29 00:20:54,6380,140.70,―,―,―,124.70,―,―,―,―,―
2026-03-29 00:20:54,6385,136.70,―,―,―,116.50,―,―,―,―,―
2026-03-29 00:20:54,6390,127.90,―,―,―,151.60,―,―,―,―,―
2026-03-29 00:20:54,6395,138.00,―,―,―,152.90,―,―,―,―,―
2026-03-29 00:20:54,6400,119.10,―,―,―,145.60,―,―,―,―,―
2026-03-29 00:20:54,6405,―,―,―,―,156.00,―,―,―,―,―
2026-03-29 00:20:54,6410,118.70,―,―,―,158.00,―,―,―,―,―
2026-03-29 00:20:54,6415,125.80,―,―,―,152.80,―,―,―,―,―
2026-03-29 00:20:54,6420,113.60,―,―,―,153.30,―,―,―,―,―
2026-03-29 00:20:54,6425,128.90,―,―,―,154.50,―,―,―,―,―
2026-03-29 00:20:54,6430,108.60,―,―,―,167.70,―,―,―,―,―
2026-03-29 00:20:54,6435,113.90,―,―,―,140.40,―,―,―,―,―
2026-03-29 00:20:54,6440,108.00,―,―,―,175.20,―,―,―,―,―
2026-03-29 00:20:54,6445,127.80,―,―,―,140.60,―,―,―,―,―
2026-03-29 00:20:54,6450,95.20,―,―,―,171.30,―,―,―,―,―
2026-03-29 00:20:54,6455,114.00,―,―,―,―,―,―,―,―,―
2026-03-29 00:20:54,6460,98.20,―,―,―,134.90,―,―,―,―,―
2026-03-29 00:20:54,6465,93.00,―,―,―,―,―,―,―,―,―
2026-03-29 00:20:54,6470,116.10,―,―,―,150.00,―,―,―,―,―
2026-03-29 00:20:54,6475,92.90,―,―,―,176.10,―,―,―,―,―
2026-03-29 00:20:54,6480,86.50,―,―,―,177.00,―,―,―,―,―
2026-03-29 00:20:54,6485,91.30,―,―,―,125.10,―,―,―,―,―
2026-03-29 00:20:54,6490,84.50,―,―,―,192.00,―,―,―,―,―
2026-03-29 00:20:54,6495,80.00,―,―,―,187.80,―,―,―,―,―
2026-03-29 00:20:54,6500,75.00,―,―,―,210.00,―,―,―,―,―
2026-03-29 00:20:54,6505,―,―,―,―,158.40,―,―,―,―,―
2026-03-29 00:20:54,6510,―,―,―,―,171.10,―,―,―,―,―
2026-03-29 00:20:54,6515,78.50,―,―,―,―,―,―,―,―,―
2026-03-29 00:20:54,6520,―,―,―,―,181.80,―,―,―,―,―
2026-03-29 00:20:54,6525,82.50,―,―,―,175.50,―,―,―,―,―
2026-03-29 00:20:54,6530,71.50,―,―,―,207.60,―,―,―,―,―
2026-03-29 00:20:54,6535,72.70,―,―,―,―,―,―,―,―,―
2026-03-29 00:20:54,6540,70.70,―,―,―,―,―,―,―,―,―
2026-03-29 00:20:54,6545,―,―,―,―,230.00,―,―,―,―,―
2026-03-29 00:20:54,6550,63.70,―,―,―,199.80,―,―,―,―,―
2026-03-29 00:20:54,6555,―,―,―,―,―,―,―,―,―,―
2026-03-29 00:20:54,6560,60.30,―,―,―,―,―,―,―,―,―
2026-03-29 00:20:54,6565,56.00,―,―,―,―,―,―,―,―,―
2026-03-29 00:20:54,6570,56.50,―,―,―,―,―,―,―,―,―
2026-03-29 00:20:54,6575,49.20,―,―,―,213.00,―,―,―,―,―
2026-03-29 00:21:09,6375,136.00,―,―,―,137.30,―,―,―,―,―
2026-03-29 00:21:09,6380,140.70,―,―,―,124.70,―,―,―,―,―
2026-03-29 00:21:09,6385,136.70,―,―,―,116.50,―,―,―,―,―
2026-03-29 00:21:09,6390,127.90,―,―,―,151.60,―,―,―,―,―
2026-03-29 00:21:09,6395,138.00,―,―,―,152.90,―,―,―,―,―
2026-03-29 00:21:09,6400,119.10,―,―,―,145.60,―,―,―,―,―
2026-03-29 00:21:09,6405,―,―,―,―,156.00,―,―,―,―,―
2026-03-29 00:21:09,6410,118.70,―,―,―,158.00,―,―,―,―,―
2026-03-29 00:21:09,6415,125.80,―,―,―,152.80,―,―,―,―,―
2026-03-29 00:21:09,6420,113.60,―,―,―,153.30,―,―,―,―,―
2026-03-29 00:21:09,6425,128.90,―,―,―,154.50,―,―,―,―,―
2026-03-29 00:21:09,6430,108.60,―,―,―,167.70,―,―,―,―,―
2026-03-29 00:21:09,6435,113.90,―,―,―,140.40,―,―,―,―,―
2026-03-29 00:21:09,6440,108.00,―,―,―,175.20,―,―,―,―,―
2026-03-29 00:21:09,6445,127.80,―,―,―,140.60,―,―,―,―,―
2026-03-29 00:21:09,6450,95.20,―,―,―,171.30,―,―,―,―,―
2026-03-29 00:21:09,6455,114.00,―,―,―,―,―,―,―,―,―
2026-03-29 00:21:09,6460,98.20,―,―,―,134.90,―,―,―,―,―
2026-03-29 00:21:09,6465,93.00,―,―,―,―,―,―,―,―,―
2026-03-29 00:21:09,6470,116.10,―,―,―,150.00,―,―,―,―,―
2026-03-29 00:21:09,6475,92.90,―,―,―,176.10,―,―,―,―,―
2026-03-29 00:21:09,6480,86.50,―,―,―,177.00,―,―,―,―,―
2026-03-29 00:21:09,6485,91.30,―,―,―,125.10,―,―,―,―,―
2026-03-29 00:21:09,6490,84.50,―,―,―,192.00,―,―,―,―,―
2026-03-29 00:21:09,6495,80.00,―,―,―,187.80,―,―,―,―,―
2026-03-29 00:21:09,6500,75.00,―,―,―,210.00,―,―,―,―,―
2026-03-29 00:21:09,6505,―,―,―,―,158.40,―,―,―,―,―
2026-03-29 00:21:09,6510,―,―,―,―,171.10,―,―,―,―,―
2026-03-29 00:21:09,6515,78.50,―,―,―,―,―,―,―,―,―
2026-03-29 00:21:09,6520,―,―,―,―,181.80,―,―,―,―,―
2026-03-29 00:21:09,6525,82.50,―,―,―,175.50,―,―,―,―,―
2026-03-29 00:21:09,6530,71.50,―,―,―,207.60,―,―,―,―,―
2026-03-29 00:21:09,6535,72.70,―,―,―,―,―,―,―,―,―
2026-03-29 00:21:09,6540,70.70,―,―,―,―,―,―,―,―,―
2026-03-29 00:21:09,6545,―,―,―,―,230.00,―,―,―,―,―
2026-03-29 00:21:09,6550,63.70,―,―,―,199.80,―,―,―,―,―
2026-03-29 00:21:09,6555,―,―,―,―,―,―,―,―,―,―
2026-03-29 00:21:09,6560,60.30,―,―,―,―,―,―,―,―,―
2026-03-29 00:21:09,6565,56.00,―,―,―,―,―,―,―,―,―
2026-03-29 00:21:09,6570,56.50,―,―,―,―,―,―,―,―,―
2026-03-29 00:21:09,6575,49.20,―,―,―,213.00,―,―,―,―,―
2026-03-29 00:21:24,6375,136.00,―,―,―,137.30,―,―,―,―,―
2026-03-29 00:21:24,6380,140.70,―,―,―,124.70,―,―,―,―,―
2026-03-29 00:21:24,6385,136.70,―,―,―,116.50,―,―,―,―,―
2026-03-29 00:21:24,6390,127.90,―,―,―,151.60,―,―,―,―,―
2026-03-29 00:21:24,6395,138.00,―,―,―,152.90,―,―,―,―,―
2026-03-29 00:21:24,6400,119.10,―,―,―,145.60,―,―,―,―,―
2026-03-29 00:21:24,6405,―,―,―,―,156.00,―,―,―,―,―
2026-03-29 00:21:24,6410,118.70,―,―,―,158.00,―,―,―,―,―
2026-03-29 00:21:24,6415,125.80,―,―,―,152.80,―,―,―,―,―
2026-03-29 00:21:24,6420,113.60,―,―,―,153.30,―,―,―,―,―
2026-03-29 00:21:24,6425,128.90,―,―,―,154.50,―,―,―,―,―
2026-03-29 00:21:24,6430,108.60,―,―,―,167.70,―,―,―,―,―
2026-03-29 00:21:24,6435,113.90,―,―,―,140.40,―,―,―,―,―
2026-03-29 00:21:24,6440,108.00,―,―,―,175.20,―,―,―,―,―
2026-03-29 00:21:24,6445,127.80,―,―,―,140.60,―,―,―,―,―
2026-03-29 00:21:24,6450,95.20,―,―,―,171.30,―,―,―,―,―
2026-03-29 00:21:24,6455,114.00,―,―,―,―,―,―,―,―,―
2026-03-29 00:21:24,6460,98.20,―,―,―,134.90,―,―,―,―,―
2026-03-29 00:21:24,6465,93.00,―,―,―,―,―,―,―,―,―
2026-03-29 00:21:24,6470,116.10,―,―,―,150.00,―,―,―,―,―
2026-03-29 00:21:24,6475,92.90,―,―,―,176.10,―,―,―,―,―
2026-03-29 00:21:24,6480,86.50,―,―,―,177.00,―,―,―,―,―
2026-03-29 00:21:24,6485,91.30,―,―,―,125.10,―,―,―,―,―
2026-03-29 00:21:24,6490,84.50,―,―,―,192.00,―,―,―,―,―
2026-03-29 00:21:24,6495,80.00,―,―,―,187.80,―,―,―,―,―
2026-03-29 00:21:24,6500,75.00,―,―,―,210.00,―,―,―,―,―
2026-03-29 00:21:24,6505,―,―,―,―,158.40,―,―,―,―,―
2026-03-29 00:21:24,6510,―,―,―,―,171.10,―,―,―,―,―
2026-03-29 00:21:24,6515,78.50,―,―,―,―,―,―,―,―,―
2026-03-29 00:21:24,6520,―,―,―,―,181.80,―,―,―,―,―
2026-03-29 00:21:24,6525,82.50,―,―,―,175.50,―,―,―,―,―
2026-03-29 00:21:24,6530,71.50,―,―,―,207.60,―,―,―,―,―
2026-03-29 00:21:24,6535,72.70,―,―,―,―,―,―,―,―,―
2026-03-29 00:21:24,6540,70.70,―,―,―,―,―,―,―,―,―
2026-03-29 00:21:24,6545,―,―,―,―,230.00,―,―,―,―,―
2026-03-29 00:21:24,6550,63.70,―,―,―,199.80,―,―,―,―,―
2026-03-29 00:21:24,6555,―,―,―,―,―,―,―,―,―,―
2026-03-29 00:21:24,6560,60.30,―,―,―,―,―,―,―,―,―
2026-03-29 00:21:24,6565,56.00,―,―,―,―,―,―,―,―,―
2026-03-29 00:21:24,6570,56.50,―,―,―,―,―,―,―,―,―
2026-03-29 00:21:24,6575,49.20,―,―,―,213.00,―,―,―,―,―
2026-03-29 00:21:39,6375,136.00,―,―,―,137.30,―,―,―,―,―
2026-03-29 00:21:39,6380,140.70,―,―,―,124.70,―,―,―,―,―
2026-03-29 00:21:39,6385,136.70,―,―,―,116.50,―,―,―,―,―
2026-03-29 00:21:39,6390,127.90,―,―,―,151.60,―,―,―,―,―
2026-03-29 00:21:39,6395,138.00,―,―,―,152.90,―,―,―,―,―
2026-03-29 00:21:39,6400,119.10,―,―,―,145.60,―,―,―,―,―
2026-03-29 00:21:39,6405,―,―,―,―,156.00,―,―,―,―,―
2026-03-29 00:21:39,6410,118.70,―,―,―,158.00,―,―,―,―,―
2026-03-29 00:21:39,6415,125.80,―,―,―,152.80,―,―,―,―,―
2026-03-29 00:21:39,6420,113.60,―,―,―,153.30,―,―,―,―,―
2026-03-29 00:21:39,6425,128.90,―,―,―,154.50,―,―,―,―,―
2026-03-29 00:21:39,6430,108.60,―,―,―,167.70,―,―,―,―,―
2026-03-29 00:21:39,6435,113.90,―,―,―,140.40,―,―,―,―,―
2026-03-29 00:21:39,6440,108.00,―,―,―,175.20,―,―,―,―,―
2026-03-29 00:21:39,6445,127.80,―,―,―,140.60,―,―,―,―,―
2026-03-29 00:21:39,6450,95.20,―,―,―,171.30,―,―,―,―,―
2026-03-29 00:21:39,6455,114.00,―,―,―,―,―,―,―,―,―
2026-03-29 00:21:39,6460,98.20,―,―,―,134.90,―,―,―,―,―
2026-03-29 00:21:39,6465,93.00,―,―,―,―,―,―,―,―,―
2026-03-29 00:21:39,6470,116.10,―,―,―,150.00,―,―,―,―,―
2026-03-29 00:21:39,6475,92.90,―,―,―,176.10,―,―,―,―,―
2026-03-29 00:21:39,6480,86.50,―,―,―,177.00,―,―,―,―,―
2026-03-29 00:21:39,6485,91.30,―,―,―,125.10,―,―,―,―,―
2026-03-29 00:21:39,6490,84.50,―,―,―,192.00,―,―,―,―,―
2026-03-29 00:21:39,6495,80.00,―,―,―,187.80,―,―,―,―,―
2026-03-29 00:21:39,6500,75.00,―,―,―,210.00,―,―,―,―,―
2026-03-29 00:21:39,6505,―,―,―,―,158.40,―,―,―,―,―
2026-03-29 00:21:39,6510,―,―,―,―,171.10,―,―,―,―,―
2026-03-29 00:21:39,6515,78.50,―,―,―,―,―,―,―,―,―
2026-03-29 00:21:39,6520,―,―,―,―,181.80,―,―,―,―,―
2026-03-29 00:21:39,6525,82.50,―,―,―,175.50,―,―,―,―,―
2026-03-29 00:21:39,6530,71.50,―,―,―,207.60,―,―,―,―,―
2026-03-29 00:21:39,6535,72.70,―,―,―,―,―,―,―,―,―
2026-03-29 00:21:39,6540,70.70,―,―,―,―,―,―,―,―,―
2026-03-29 00:21:39,6545,―,―,―,―,230.00,―,―,―,―,―
2026-03-29 00:21:39,6550,63.70,―,―,―,199.80,―,―,―,―,―
2026-03-29 00:21:39,6555,―,―,―,―,―,―,―,―,―,―
2026-03-29 00:21:39,6560,60.30,―,―,―,―,―,―,―,―,―
2026-03-29 00:21:39,6565,56.00,―,―,―,―,―,―,―,―,―
2026-03-29 00:21:39,6570,56.50,―,―,―,―,―,―,―,―,―
2026-03-29 00:21:39,6575,49.20,―,―,―,213.00,―,―,―,―,―
2026-03-29 00:21:54,6375,136.00,―,―,―,137.30,―,―,―,―,―
2026-03-29 00:21:54,6380,140.70,―,―,―,124.70,―,―,―,―,―
2026-03-29 00:21:54,6385,136.70,―,―,―,116.50,―,―,―,―,―
2026-03-29 00:21:54,6390,127.90,―,―,―,151.60,―,―,―,―,―
2026-03-29 00:21:54,6395,138.00,―,―,―,152.90,―,―,―,―,―
2026-03-29 00:21:54,6400,119.10,―,―,―,145.60,―,―,―,―,―
2026-03-29 00:21:54,6405,―,―,―,―,156.00,―,―,―,―,―
2026-03-29 00:21:54,6410,118.70,―,―,―,158.00,―,―,―,―,―
2026-03-29 00:21:54,6415,125.80,―,―,―,152.80,―,―,―,―,―
2026-03-29 00:21:54,6420,113.60,―,―,―,153.30,―,―,―,―,―
2026-03-29 00:21:54,6425,128.90,―,―,―,154.50,―,―,―,―,―
2026-03-29 00:21:54,6430,108.60,―,―,―,167.70,―,―,―,―,―
2026-03-29 00:21:54,6435,113.90,―,―,―,140.40,―,―,―,―,―
2026-03-29 00:21:54,6440,108.00,―,―,―,175.20,―,―,―,―,―
2026-03-29 00:21:54,6445,127.80,―,―,―,140.60,―,―,―,―,―
2026-03-29 00:21:54,6450,95.20,―,―,―,171.30,―,―,―,―,―
2026-03-29 00:21:54,6455,114.00,―,―,―,―,―,―,―,―,―
2026-03-29 00:21:54,6460,98.20,―,―,―,134.90,―,―,―,―,―
2026-03-29 00:21:54,6465,93.00,―,―,―,―,―,―,―,―,―
2026-03-29 00:21:54,6470,116.10,―,―,―,150.00,―,―,―,―,―
2026-03-29 00:21:54,6475,92.90,―,―,―,176.10,―,―,―,―,―
2026-03-29 00:21:54,6480,86.50,―,―,―,177.00,―,―,―,―,―
2026-03-29 00:21:54,6485,91.30,―,―,―,125.10,―,―,―,―,―
2026-03-29 00:21:54,6490,84.50,―,―,―,192.00,―,―,―,―,―
2026-03-29 00:21:54,6495,80.00,―,―,―,187.80,―,―,―,―,―
2026-03-29 00:21:54,6500,75.00,―,―,―,210.00,―,―,―,―,―
2026-03-29 00:21:54,6505,―,―,―,―,158.40,―,―,―,―,―
2026-03-29 00:21:54,6510,―,―,―,―,171.10,―,―,―,―,―
2026-03-29 00:21:54,6515,78.50,―,―,―,―,―,―,―,―,―
2026-03-29 00:21:54,6520,―,―,―,―,181.80,―,―,―,―,―
2026-03-29 00:21:54,6525,82.50,―,―,―,175.50,―,―,―,―,―
2026-03-29 00:21:54,6530,71.50,―,―,―,207.60,―,―,―,―,―
2026-03-29 00:21:54,6535,72.70,―,―,―,―,―,―,―,―,―
2026-03-29 00:21:54,6540,70.70,―,―,―,―,―,―,―,―,―
2026-03-29 00:21:54,6545,―,―,―,―,230.00,―,―,―,―,―
2026-03-29 00:21:54,6550,63.70,―,―,―,199.80,―,―,―,―,―
2026-03-29 00:21:54,6555,―,―,―,―,―,―,―,―,―,―
2026-03-29 00:21:54,6560,60.30,―,―,―,―,―,―,―,―,―
2026-03-29 00:21:54,6565,56.00,―,―,―,―,―,―,―,―,―
2026-03-29 00:21:54,6570,56.50,―,―,―,―,―,―,―,―,―
2026-03-29 00:21:54,6575,49.20,―,―,―,213.00,―,―,―,―,―
2026-03-29 00:22:09,6375,136.00,―,―,―,137.30,―,―,―,―,―
2026-03-29 00:22:09,6380,140.70,―,―,―,124.70,―,―,―,―,―
2026-03-29 00:22:09,6385,136.70,―,―,―,116.50,―,―,―,―,―
2026-03-29 00:22:09,6390,127.90,―,―,―,151.60,―,―,―,―,―
2026-03-29 00:22:09,6395,138.00,―,―,―,152.90,―,―,―,―,―
2026-03-29 00:22:09,6400,119.10,―,―,―,145.60,―,―,―,―,―
2026-03-29 00:22:09,6405,―,―,―,―,156.00,―,―,―,―,―
2026-03-29 00:22:09,6410,118.70,―,―,―,158.00,―,―,―,―,―
2026-03-29 00:22:09,6415,125.80,―,―,―,152.80,―,―,―,―,―
2026-03-29 00:22:09,6420,113.60,―,―,―,153.30,―,―,―,―,―
2026-03-29 00:22:09,6425,128.90,―,―,―,154.50,―,―,―,―,―
2026-03-29 00:22:09,6430,108.60,―,―,―,167.70,―,―,―,―,―
2026-03-29 00:22:09,6435,113.90,―,―,―,140.40,―,―,―,―,―
2026-03-29 00:22:09,6440,108.00,―,―,―,175.20,―,―,―,―,―
2026-03-29 00:22:09,6445,127.80,―,―,―,140.60,―,―,―,―,―
2026-03-29 00:22:09,6450,95.20,―,―,―,171.30,―,―,―,―,―
2026-03-29 00:22:09,6455,114.00,―,―,―,―,―,―,―,―,―
2026-03-29 00:22:09,6460,98.20,―,―,―,134.90,―,―,―,―,―
2026-03-29 00:22:09,6465,93.00,―,―,―,―,―,―,―,―,―
2026-03-29 00:22:09,6470,116.10,―,―,―,150.00,―,―,―,―,―
2026-03-29 00:22:09,6475,92.90,―,―,―,176.10,―,―,―,―,―
2026-03-29 00:22:09,6480,86.50,―,―,―,177.00,―,―,―,―,―
2026-03-29 00:22:09,6485,91.30,―,―,―,125.10,―,―,―,―,―
2026-03-29 00:22:09,6490,84.50,―,―,―,192.00,―,―,―,―,―
2026-03-29 00:22:09,6495,80.00,―,―,―,187.80,―,―,―,―,―
2026-03-29 00:22:09,6500,75.00,―,―,―,210.00,―,―,―,―,―
2026-03-29 00:22:09,6505,―,―,―,―,158.40,―,―,―,―,―
2026-03-29 00:22:09,6510,―,―,―,―,171.10,―,―,―,―,―
2026-03-29 00:22:09,6515,78.50,―,―,―,―,―,―,―,―,―
2026-03-29 00:22:09,6520,―,―,―,―,181.80,―,―,―,―,―
2026-03-29 00:22:09,6525,82.50,―,―,―,175.50,―,―,―,―,―
2026-03-29 00:22:09,6530,71.50,―,―,―,207.60,―,―,―,―,―
2026-03-29 00:22:09,6535,72.70,―,―,―,―,―,―,―,―,―
2026-03-29 00:22:09,6540,70.70,―,―,―,―,―,―,―,―,―
2026-03-29 00:22:09,6545,―,―,―,―,230.00,―,―,―,―,―
2026-03-29 00:22:09,6550,63.70,―,―,―,199.80,―,―,―,―,―
2026-03-29 00:22:09,6555,―,―,―,―,―,―,―,―,―,―
2026-03-29 00:22:09,6560,60.30,―,―,―,―,―,―,―,―,―
2026-03-29 00:22:09,6565,56.00,―,―,―,―,―,―,―,―,―
2026-03-29 00:22:09,6570,56.50,―,―,―,―,―,―,―,―,―
2026-03-29 00:22:09,6575,49.20,―,―,―,213.00,―,―,―,―,―
2026-03-29 00:22:24,6375,136.00,―,―,―,137.30,―,―,―,―,―
2026-03-29 00:22:24,6380,140.70,―,―,―,124.70,―,―,―,―,―
2026-03-29 00:22:24,6385,136.70,―,―,―,116.50,―,―,―,―,―
2026-03-29 00:22:24,6390,127.90,―,―,―,151.60,―,―,―,―,―
2026-03-29 00:22:24,6395,138.00,―,―,―,152.90,―,―,―,―,―
2026-03-29 00:22:24,6400,119.10,―,―,―,145.60,―,―,―,―,―
2026-03-29 00:22:24,6405,―,―,―,―,156.00,―,―,―,―,―
2026-03-29 00:22:24,6410,118.70,―,―,―,158.00,―,―,―,―,―
2026-03-29 00:22:24,6415,125.80,―,―,―,152.80,―,―,―,―,―
2026-03-29 00:22:24,6420,113.60,―,―,―,153.30,―,―,―,―,―
2026-03-29 00:22:24,6425,128.90,―,―,―,154.50,―,―,―,―,―
2026-03-29 00:22:24,6430,108.60,―,―,―,167.70,―,―,―,―,―
2026-03-29 00:22:24,6435,113.90,―,―,―,140.40,―,―,―,―,―
2026-03-29 00:22:24,6440,108.00,―,―,―,175.20,―,―,―,―,―
2026-03-29 00:22:24,6445,127.80,―,―,―,140.60,―,―,―,―,―
2026-03-29 00:22:24,6450,95.20,―,―,―,171.30,―,―,―,―,―
2026-03-29 00:22:24,6455,114.00,―,―,―,―,―,―,―,―,―
2026-03-29 00:22:24,6460,98.20,―,―,―,134.90,―,―,―,―,―
2026-03-29 00:22:24,6465,93.00,―,―,―,―,―,―,―,―,―
2026-03-29 00:22:24,6470,116.10,―,―,―,150.00,―,―,―,―,―
2026-03-29 00:22:24,6475,92.90,―,―,―,176.10,―,―,―,―,―
2026-03-29 00:22:24,6480,86.50,―,―,―,177.00,―,―,―,―,―
2026-03-29 00:22:24,6485,91.30,―,―,―,125.10,―,―,―,―,―
2026-03-29 00:22:24,6490,84.50,―,―,―,192.00,―,―,―,―,―
2026-03-29 00:22:24,6495,80.00,―,―,―,187.80,―,―,―,―,―
2026-03-29 00:22:24,6500,75.00,―,―,―,210.00,―,―,―,―,―
2026-03-29 00:22:24,6505,―,―,―,―,158.40,―,―,―,―,―
2026-03-29 00:22:24,6510,―,―,―,―,171.10,―,―,―,―,―
2026-03-29 00:22:24,6515,78.50,―,―,―,―,―,―,―,―,―
2026-03-29 00:22:24,6520,―,―,―,―,181.80,―,―,―,―,―
2026-03-29 00:22:24,6525,82.50,―,―,―,175.50,―,―,―,―,―
2026-03-29 00:22:24,6530,71.50,―,―,―,207.60,―,―,―,―,―
2026-03-29 00:22:24,6535,72.70,―,―,―,―,―,―,―,―,―
2026-03-29 00:22:24,6540,70.70,―,―,―,―,―,―,―,―,―
2026-03-29 00:22:24,6545,―,―,―,―,230.00,―,―,―,―,―
2026-03-29 00:22:24,6550,63.70,―,―,―,199.80,―,―,―,―,―
2026-03-29 00:22:24,6555,―,―,―,―,―,―,―,―,―,―
2026-03-29 00:22:24,6560,60.30,―,―,―,―,―,―,―,―,―
2026-03-29 00:22:24,6565,56.00,―,―,―,―,―,―,―,―,―
2026-03-29 00:22:24,6570,56.50,―,―,―,―,―,―,―,―,―
2026-03-29 00:22:24,6575,49.20,―,―,―,213.00,―,―,―,―,―
2026-03-29 00:22:39,6375,136.00,―,―,―,137.30,―,―,―,―,―
2026-03-29 00:22:39,6380,140.70,―,―,―,124.70,―,―,―,―,―
2026-03-29 00:22:39,6385,136.70,―,―,―,116.50,―,―,―,―,―
2026-03-29 00:22:39,6390,127.90,―,―,―,151.60,―,―,―,―,―
2026-03-29 00:22:39,6395,138.00,―,―,―,152.90,―,―,―,―,―
2026-03-29 00:22:39,6400,119.10,―,―,―,145.60,―,―,―,―,―
2026-03-29 00:22:39,6405,―,―,―,―,156.00,―,―,―,―,―
2026-03-29 00:22:39,6410,118.70,―,―,―,158.00,―,―,―,―,―
2026-03-29 00:22:39,6415,125.80,―,―,―,152.80,―,―,―,―,―
2026-03-29 00:22:39,6420,113.60,―,―,―,153.30,―,―,―,―,―
2026-03-29 00:22:39,6425,128.90,―,―,―,154.50,―,―,―,―,―
2026-03-29 00:22:39,6430,108.60,―,―,―,167.70,―,―,―,―,―
2026-03-29 00:22:39,6435,113.90,―,―,―,140.40,―,―,―,―,―
2026-03-29 00:22:39,6440,108.00,―,―,―,175.20,―,―,―,―,―
2026-03-29 00:22:39,6445,127.80,―,―,―,140.60,―,―,―,―,―
2026-03-29 00:22:39,6450,95.20,―,―,―,171.30,―,―,―,―,―
2026-03-29 00:22:39,6455,114.00,―,―,―,―,―,―,―,―,―
2026-03-29 00:22:39,6460,98.20,―,―,―,134.90,―,―,―,―,―
2026-03-29 00:22:39,6465,93.00,―,―,―,―,―,―,―,―,―
2026-03-29 00:22:39,6470,116.10,―,―,―,150.00,―,―,―,―,―
2026-03-29 00:22:39,6475,92.90,―,―,―,176.10,―,―,―,―,―
2026-03-29 00:22:39,6480,86.50,―,―,―,177.00,―,―,―,―,―
2026-03-29 00:22:39,6485,91.30,―,―,―,125.10,―,―,―,―,―
2026-03-29 00:22:39,6490,84.50,―,―,―,192.00,―,―,―,―,―
2026-03-29 00:22:39,6495,80.00,―,―,―,187.80,―,―,―,―,―
2026-03-29 00:22:39,6500,75.00,―,―,―,210.00,―,―,―,―,―
2026-03-29 00:22:39,6505,―,―,―,―,158.40,―,―,―,―,―
2026-03-29 00:22:39,6510,―,―,―,―,171.10,―,―,―,―,―
2026-03-29 00:22:39,6515,78.50,―,―,―,―,―,―,―,―,―
2026-03-29 00:22:39,6520,―,―,―,―,181.80,―,―,―,―,―
2026-03-29 00:22:39,6525,82.50,―,―,―,175.50,―,―,―,―,―
2026-03-29 00:22:39,6530,71.50,―,―,―,207.60,―,―,―,―,―
2026-03-29 00:22:39,6535,72.70,―,―,―,―,―,―,―,―,―
2026-03-29 00:22:39,6540,70.70,―,―,―,―,―,―,―,―,―
2026-03-29 00:22:39,6545,―,―,―,―,230.00,―,―,―,―,―
2026-03-29 00:22:39,6550,63.70,―,―,―,199.80,―,―,―,―,―
2026-03-29 00:22:39,6555,―,―,―,―,―,―,―,―,―,―
2026-03-29 00:22:39,6560,60.30,―,―,―,―,―,―,―,―,―
2026-03-29 00:22:39,6565,56.00,―,―,―,―,―,―,―,―,―
2026-03-29 00:22:39,6570,56.50,―,―,―,―,―,―,―,―,―
2026-03-29 00:22:39,6575,49.20,―,―,―,213.00,―,―,―,―,―
2026-03-29 00:22:54,6375,136.00,―,―,―,137.30,―,―,―,―,―
2026-03-29 00:22:54,6380,140.70,―,―,―,124.70,―,―,―,―,―
2026-03-29 00:22:54,6385,136.70,―,―,―,116.50,―,―,―,―,―
2026-03-29 00:22:54,6390,127.90,―,―,―,151.60,―,―,―,―,―
2026-03-29 00:22:54,6395,138.00,―,―,―,152.90,―,―,―,―,―
2026-03-29 00:22:54,6400,119.10,―,―,―,145.60,―,―,―,―,―
2026-03-29 00:22:54,6405,―,―,―,―,156.00,―,―,―,―,―
2026-03-29 00:22:54,6410,118.70,―,―,―,158.00,―,―,―,―,―
2026-03-29 00:22:54,6415,125.80,―,―,―,152.80,―,―,―,―,―
2026-03-29 00:22:54,6420,113.60,―,―,―,153.30,―,―,―,―,―
2026-03-29 00:22:54,6425,128.90,―,―,―,154.50,―,―,―,―,―
2026-03-29 00:22:54,6430,108.60,―,―,―,167.70,―,―,―,―,―
2026-03-29 00:22:54,6435,113.90,―,―,―,140.40,―,―,―,―,―
2026-03-29 00:22:54,6440,108.00,―,―,―,175.20,―,―,―,―,―
2026-03-29 00:22:54,6445,127.80,―,―,―,140.60,―,―,―,―,―
2026-03-29 00:22:54,6450,95.20,―,―,―,171.30,―,―,―,―,―
2026-03-29 00:22:54,6455,114.00,―,―,―,―,―,―,―,―,―
2026-03-29 00:22:54,6460,98.20,―,―,―,134.90,―,―,―,―,―
2026-03-29 00:22:54,6465,93.00,―,―,―,―,―,―,―,―,―
2026-03-29 00:22:54,6470,116.10,―,―,―,150.00,―,―,―,―,―
2026-03-29 00:22:54,6475,92.90,―,―,―,176.10,―,―,―,―,―
2026-03-29 00:22:54,6480,86.50,―,―,―,177.00,―,―,―,―,―
2026-03-29 00:22:54,6485,91.30,―,―,―,125.10,―,―,―,―,―
2026-03-29 00:22:54,6490,84.50,―,―,―,192.00,―,―,―,―,―
2026-03-29 00:22:54,6495,80.00,―,―,―,187.80,―,―,―,―,―
2026-03-29 00:22:54,6500,75.00,―,―,―,210.00,―,―,―,―,―
2026-03-29 00:22:54,6505,―,―,―,―,158.40,―,―,―,―,―
2026-03-29 00:22:54,6510,―,―,―,―,171.10,―,―,―,―,―
2026-03-29 00:22:54,6515,78.50,―,―,―,―,―,―,―,―,―
2026-03-29 00:22:54,6520,―,―,―,―,181.80,―,―,―,―,―
2026-03-29 00:22:54,6525,82.50,―,―,―,175.50,―,―,―,―,―
2026-03-29 00:22:54,6530,71.50,―,―,―,207.60,―,―,―,―,―
2026-03-29 00:22:54,6535,72.70,―,―,―,―,―,―,―,―,―
2026-03-29 00:22:54,6540,70.70,―,―,―,―,―,―,―,―,―
2026-03-29 00:22:54,6545,―,―,―,―,230.00,―,―,―,―,―
2026-03-29 00:22:54,6550,63.70,―,―,―,199.80,―,―,―,―,―
2026-03-29 00:22:54,6555,―,―,―,―,―,―,―,―,―,―
2026-03-29 00:22:54,6560,60.30,―,―,―,―,―,―,―,―,―
2026-03-29 00:22:54,6565,56.00,―,―,―,―,―,―,―,―,―
2026-03-29 00:22:54,6570,56.50,―,―,―,―,―,―,―,―,―
2026-03-29 00:22:54,6575,49.20,―,―,―,213.00,―,―,―,―,―
2026-03-29 00:23:09,6375,136.00,―,―,―,137.30,―,―,―,―,―
2026-03-29 00:23:09,6380,140.70,―,―,―,124.70,―,―,―,―,―
2026-03-29 00:23:09,6385,136.70,―,―,―,116.50,―,―,―,―,―
2026-03-29 00:23:09,6390,127.90,―,―,―,151.60,―,―,―,―,―
2026-03-29 00:23:09,6395,138.00,―,―,―,152.90,―,―,―,―,―
2026-03-29 00:23:09,6400,119.10,―,―,―,145.60,―,―,―,―,―
2026-03-29 00:23:09,6405,―,―,―,―,156.00,―,―,―,―,―
2026-03-29 00:23:09,6410,118.70,―,―,―,158.00,―,―,―,―,―
2026-03-29 00:23:09,6415,125.80,―,―,―,152.80,―,―,―,―,―
2026-03-29 00:23:09,6420,113.60,―,―,―,153.30,―,―,―,―,―
2026-03-29 00:23:09,6425,128.90,―,―,―,154.50,―,―,―,―,―
2026-03-29 00:23:09,6430,108.60,―,―,―,167.70,―,―,―,―,―
2026-03-29 00:23:09,6435,113.90,―,―,―,140.40,―,―,―,―,―
2026-03-29 00:23:09,6440,108.00,―,―,―,175.20,―,―,―,―,―
2026-03-29 00:23:09,6445,127.80,―,―,―,140.60,―,―,―,―,―
2026-03-29 00:23:09,6450,95.20,―,―,―,171.30,―,―,―,―,―
2026-03-29 00:23:09,6455,114.00,―,―,―,―,―,―,―,―,―
2026-03-29 00:23:09,6460,98.20,―,―,―,134.90,―,―,―,―,―
2026-03-29 00:23:09,6465,93.00,―,―,―,―,―,―,―,―,―
2026-03-29 00:23:09,6470,116.10,―,―,―,150.00,―,―,―,―,―
2026-03-29 00:23:09,6475,92.90,―,―,―,176.10,―,―,―,―,―
2026-03-29 00:23:09,6480,86.50,―,―,―,177.00,―,―,―,―,―
2026-03-29 00:23:09,6485,91.30,―,―,―,125.10,―,―,―,―,―
2026-03-29 00:23:09,6490,84.50,―,―,―,192.00,―,―,―,―,―
2026-03-29 00:23:09,6495,80.00,―,―,―,187.80,―,―,―,―,―
2026-03-29 00:23:09,6500,75.00,―,―,―,210.00,―,―,―,―,―
2026-03-29 00:23:09,6505,―,―,―,―,158.40,―,―,―,―,―
2026-03-29 00:23:09,6510,―,―,―,―,171.10,―,―,―,―,―
2026-03-29 00:23:09,6515,78.50,―,―,―,―,―,―,―,―,―
2026-03-29 00:23:09,6520,―,―,―,―,181.80,―,―,―,―,―
2026-03-29 00:23:09,6525,82.50,―,―,―,175.50,―,―,―,―,―
2026-03-29 00:23:09,6530,71.50,―,―,―,207.60,―,―,―,―,―
2026-03-29 00:23:09,6535,72.70,―,―,―,―,―,―,―,―,―
2026-03-29 00:23:09,6540,70.70,―,―,―,―,―,―,―,―,―
2026-03-29 00:23:09,6545,―,―,―,―,230.00,―,―,―,―,―
2026-03-29 00:23:09,6550,63.70,―,―,―,199.80,―,―,―,―,―
2026-03-29 00:23:09,6555,―,―,―,―,―,―,―,―,―,―
2026-03-29 00:23:09,6560,60.30,―,―,―,―,―,―,―,―,―
2026-03-29 00:23:09,6565,56.00,―,―,―,―,―,―,―,―,―
2026-03-29 00:23:09,6570,56.50,―,―,―,―,―,―,―,―,―
2026-03-29 00:23:09,6575,49.20,―,―,―,213.00,―,―,―,―,―
2026-03-29 00:23:24,6375,136.00,―,―,―,137.30,―,―,―,―,―
2026-03-29 00:23:24,6380,140.70,―,―,―,124.70,―,―,―,―,―
2026-03-29 00:23:24,6385,136.70,―,―,―,116.50,―,―,―,―,―
2026-03-29 00:23:24,6390,127.90,―,―,―,151.60,―,―,―,―,―
2026-03-29 00:23:24,6395,138.00,―,―,―,152.90,―,―,―,―,―
2026-03-29 00:23:24,6400,119.10,―,―,―,145.60,―,―,―,―,―
2026-03-29 00:23:24,6405,―,―,―,―,156.00,―,―,―,―,―
2026-03-29 00:23:24,6410,118.70,―,―,―,158.00,―,―,―,―,―
2026-03-29 00:23:24,6415,125.80,―,―,―,152.80,―,―,―,―,―
2026-03-29 00:23:24,6420,113.60,―,―,―,153.30,―,―,―,―,―
2026-03-29 00:23:24,6425,128.90,―,―,―,154.50,―,―,―,―,―
2026-03-29 00:23:24,6430,108.60,―,―,―,167.70,―,―,―,―,―
2026-03-29 00:23:24,6435,113.90,―,―,―,140.40,―,―,―,―,―
2026-03-29 00:23:24,6440,108.00,―,―,―,175.20,―,―,―,―,―
2026-03-29 00:23:24,6445,127.80,―,―,―,140.60,―,―,―,―,―
2026-03-29 00:23:24,6450,95.20,―,―,―,171.30,―,―,―,―,―
2026-03-29 00:23:24,6455,114.00,―,―,―,―,―,―,―,―,―
2026-03-29 00:23:24,6460,98.20,―,―,―,134.90,―,―,―,―,―
2026-03-29 00:23:24,6465,93.00,―,―,―,―,―,―,―,―,―
2026-03-29 00:23:24,6470,116.10,―,―,―,150.00,―,―,―,―,―
2026-03-29 00:23:24,6475,92.90,―,―,―,176.10,―,―,―,―,―
2026-03-29 00:23:24,6480,86.50,―,―,―,177.00,―,―,―,―,―
2026-03-29 00:23:24,6485,91.30,―,―,―,125.10,―,―,―,―,―
2026-03-29 00:23:24,6490,84.50,―,―,―,192.00,―,―,―,―,―
2026-03-29 00:23:24,6495,80.00,―,―,―,187.80,―,―,―,―,―
2026-03-29 00:23:24,6500,75.00,―,―,―,210.00,―,―,―,―,―
2026-03-29 00:23:24,6505,―,―,―,―,158.40,―,―,―,―,―
2026-03-29 00:23:24,6510,―,―,―,―,171.10,―,―,―,―,―
2026-03-29 00:23:24,6515,78.50,―,―,―,―,―,―,―,―,―
2026-03-29 00:23:24,6520,―,―,―,―,181.80,―,―,―,―,―
2026-03-29 00:23:24,6525,82.50,―,―,―,175.50,―,―,―,―,―
2026-03-29 00:23:24,6530,71.50,―,―,―,207.60,―,―,―,―,―
2026-03-29 00:23:24,6535,72.70,―,―,―,―,―,―,―,―,―
2026-03-29 00:23:24,6540,70.70,―,―,―,―,―,―,―,―,―
2026-03-29 00:23:24,6545,―,―,―,―,230.00,―,―,―,―,―
2026-03-29 00:23:24,6550,63.70,―,―,―,199.80,―,―,―,―,―
2026-03-29 00:23:24,6555,―,―,―,―,―,―,―,―,―,―
2026-03-29 00:23:24,6560,60.30,―,―,―,―,―,―,―,―,―
2026-03-29 00:23:24,6565,56.00,―,―,―,―,―,―,―,―,―
2026-03-29 00:23:24,6570,56.50,―,―,―,―,―,―,―,―,―
2026-03-29 00:23:24,6575,49.20,―,―,―,213.00,―,―,―,―,―
2026-03-29 00:23:39,6375,136.00,―,―,―,137.30,―,―,―,―,―
2026-03-29 00:23:39,6380,140.70,―,―,―,124.70,―,―,―,―,―
2026-03-29 00:23:39,6385,136.70,―,―,―,116.50,―,―,―,―,―
2026-03-29 00:23:39,6390,127.90,―,―,―,151.60,―,―,―,―,―
2026-03-29 00:23:39,6395,138.00,―,―,―,152.90,―,―,―,―,―
2026-03-29 00:23:39,6400,119.10,―,―,―,145.60,―,―,―,―,―
2026-03-29 00:23:39,6405,―,―,―,―,156.00,―,―,―,―,―
2026-03-29 00:23:39,6410,118.70,―,―,―,158.00,―,―,―,―,―
2026-03-29 00:23:39,6415,125.80,―,―,―,152.80,―,―,―,―,―
2026-03-29 00:23:39,6420,113.60,―,―,―,153.30,―,―,―,―,―
2026-03-29 00:23:39,6425,128.90,―,―,―,154.50,―,―,―,―,―
2026-03-29 00:23:39,6430,108.60,―,―,―,167.70,―,―,―,―,―
2026-03-29 00:23:39,6435,113.90,―,―,―,140.40,―,―,―,―,―
2026-03-29 00:23:39,6440,108.00,―,―,―,175.20,―,―,―,―,―
2026-03-29 00:23:39,6445,127.80,―,―,―,140.60,―,―,―,―,―
2026-03-29 00:23:39,6450,95.20,―,―,―,171.30,―,―,―,―,―
2026-03-29 00:23:39,6455,114.00,―,―,―,―,―,―,―,―,―
2026-03-29 00:23:39,6460,98.20,―,―,―,134.90,―,―,―,―,―
2026-03-29 00:23:39,6465,93.00,―,―,―,―,―,―,―,―,―
2026-03-29 00:23:39,6470,116.10,―,―,―,150.00,―,―,―,―,―
2026-03-29 00:23:39,6475,92.90,―,―,―,176.10,―,―,―,―,―
2026-03-29 00:23:39,6480,86.50,―,―,―,177.00,―,―,―,―,―
2026-03-29 00:23:39,6485,91.30,―,―,―,125.10,―,―,―,―,―
2026-03-29 00:23:39,6490,84.50,―,―,―,192.00,―,―,―,―,―
2026-03-29 00:23:39,6495,80.00,―,―,―,187.80,―,―,―,―,―
2026-03-29 00:23:39,6500,75.00,―,―,―,210.00,―,―,―,―,―
2026-03-29 00:23:39,6505,―,―,―,―,158.40,―,―,―,―,―
2026-03-29 00:23:39,6510,―,―,―,―,171.10,―,―,―,―,―
2026-03-29 00:23:39,6515,78.50,―,―,―,―,―,―,―,―,―
2026-03-29 00:23:39,6520,―,―,―,―,181.80,―,―,―,―,―
2026-03-29 00:23:39,6525,82.50,―,―,―,175.50,―,―,―,―,―
2026-03-29 00:23:39,6530,71.50,―,―,―,207.60,―,―,―,―,―
2026-03-29 00:23:39,6535,72.70,―,―,―,―,―,―,―,―,―
2026-03-29 00:23:39,6540,70.70,―,―,―,―,―,―,―,―,―
2026-03-29 00:23:39,6545,―,―,―,―,230.00,―,―,―,―,―
2026-03-29 00:23:39,6550,63.70,―,―,―,199.80,―,―,―,―,―
2026-03-29 00:23:39,6555,―,―,―,―,―,―,―,―,―,―
2026-03-29 00:23:39,6560,60.30,―,―,―,―,―,―,―,―,―
2026-03-29 00:23:39,6565,56.00,―,―,―,―,―,―,―,―,―
2026-03-29 00:23:39,6570,56.50,―,―,―,―,―,―,―,―,―
2026-03-29 00:23:39,6575,49.20,―,―,―,213.00,―,―,―,―,―
2026-03-29 00:23:54,6375,136.00,―,―,―,137.30,―,―,―,―,―
2026-03-29 00:23:54,6380,140.70,―,―,―,124.70,―,―,―,―,―
2026-03-29 00:23:54,6385,136.70,―,―,―,116.50,―,―,―,―,―
2026-03-29 00:23:54,6390,127.90,―,―,―,151.60,―,―,―,―,―
2026-03-29 00:23:54,6395,138.00,―,―,―,152.90,―,―,―,―,―
2026-03-29 00:23:54,6400,119.10,―,―,―,145.60,―,―,―,―,―
2026-03-29 00:23:54,6405,―,―,―,―,156.00,―,―,―,―,―
2026-03-29 00:23:54,6410,118.70,―,―,―,158.00,―,―,―,―,―
2026-03-29 00:23:54,6415,125.80,―,―,―,152.80,―,―,―,―,―
2026-03-29 00:23:54,6420,113.60,―,―,―,153.30,―,―,―,―,―
2026-03-29 00:23:54,6425,128.90,―,―,―,154.50,―,―,―,―,―
2026-03-29 00:23:54,6430,108.60,―,―,―,167.70,―,―,―,―,―
2026-03-29 00:23:54,6435,113.90,―,―,―,140.40,―,―,―,―,―
2026-03-29 00:23:54,6440,108.00,―,―,―,175.20,―,―,―,―,―
2026-03-29 00:23:54,6445,127.80,―,―,―,140.60,―,―,―,―,―
2026-03-29 00:23:54,6450,95.20,―,―,―,171.30,―,―,―,―,―
2026-03-29 00:23:54,6455,114.00,―,―,―,―,―,―,―,―,―
2026-03-29 00:23:54,6460,98.20,―,―,―,134.90,―,―,―,―,―
2026-03-29 00:23:54,6465,93.00,―,―,―,―,―,―,―,―,―
2026-03-29 00:23:54,6470,116.10,―,―,―,150.00,―,―,―,―,―
2026-03-29 00:23:54,6475,92.90,―,―,―,176.10,―,―,―,―,―
2026-03-29 00:23:54,6480,86.50,―,―,―,177.00,―,―,―,―,―
2026-03-29 00:23:54,6485,91.30,―,―,―,125.10,―,―,―,―,―
2026-03-29 00:23:54,6490,84.50,―,―,―,192.00,―,―,―,―,―
2026-03-29 00:23:54,6495,80.00,―,―,―,187.80,―,―,―,―,―
2026-03-29 00:23:54,6500,75.00,―,―,―,210.00,―,―,―,―,―
2026-03-29 00:23:54,6505,―,―,―,―,158.40,―,―,―,―,―
2026-03-29 00:23:54,6510,―,―,―,―,171.10,―,―,―,―,―
2026-03-29 00:23:54,6515,78.50,―,―,―,―,―,―,―,―,―
2026-03-29 00:23:54,6520,―,―,―,―,181.80,―,―,―,―,―
2026-03-29 00:23:54,6525,82.50,―,―,―,175.50,―,―,―,―,―
2026-03-29 00:23:54,6530,71.50,―,―,―,207.60,―,―,―,―,―
2026-03-29 00:23:54,6535,72.70,―,―,―,―,―,―,―,―,―
2026-03-29 00:23:54,6540,70.70,―,―,―,―,―,―,―,―,―
2026-03-29 00:23:54,6545,―,―,―,―,230.00,―,―,―,―,―
2026-03-29 00:23:54,6550,63.70,―,―,―,199.80,―,―,―,―,―
2026-03-29 00:23:54,6555,―,―,―,―,―,―,―,―,―,―
2026-03-29 00:23:54,6560,60.30,―,―,―,―,―,―,―,―,―
2026-03-29 00:23:54,6565,56.00,―,―,―,―,―,―,―,―,―
2026-03-29 00:23:54,6570,56.50,―,―,―,―,―,―,―,―,―
2026-03-29 00:23:54,6575,49.20,―,―,―,213.00,―,―,―,―,―
2026-03-29 00:24:09,6375,136.00,―,―,―,137.30,―,―,―,―,―
2026-03-29 00:24:09,6380,140.70,―,―,―,124.70,―,―,―,―,―
2026-03-29 00:24:09,6385,136.70,―,―,―,116.50,―,―,―,―,―
2026-03-29 00:24:09,6390,127.90,―,―,―,151.60,―,―,―,―,―
2026-03-29 00:24:09,6395,138.00,―,―,―,152.90,―,―,―,―,―
2026-03-29 00:24:09,6400,119.10,―,―,―,145.60,―,―,―,―,―
2026-03-29 00:24:09,6405,―,―,―,―,156.00,―,―,―,―,―
2026-03-29 00:24:09,6410,118.70,―,―,―,158.00,―,―,―,―,―
2026-03-29 00:24:09,6415,125.80,―,―,―,152.80,―,―,―,―,―
2026-03-29 00:24:09,6420,113.60,―,―,―,153.30,―,―,―,―,―
2026-03-29 00:24:09,6425,128.90,―,―,―,154.50,―,―,―,―,―
2026-03-29 00:24:09,6430,108.60,―,―,―,167.70,―,―,―,―,―
2026-03-29 00:24:09,6435,113.90,―,―,―,140.40,―,―,―,―,―
2026-03-29 00:24:09,6440,108.00,―,―,―,175.20,―,―,―,―,―
2026-03-29 00:24:09,6445,127.80,―,―,―,140.60,―,―,―,―,―
2026-03-29 00:24:09,6450,95.20,―,―,―,171.30,―,―,―,―,―
2026-03-29 00:24:09,6455,114.00,―,―,―,―,―,―,―,―,―
2026-03-29 00:24:09,6460,98.20,―,―,―,134.90,―,―,―,―,―
2026-03-29 00:24:09,6465,93.00,―,―,―,―,―,―,―,―,―
2026-03-29 00:24:09,6470,116.10,―,―,―,150.00,―,―,―,―,―
2026-03-29 00:24:09,6475,92.90,―,―,―,176.10,―,―,―,―,―
2026-03-29 00:24:09,6480,86.50,―,―,―,177.00,―,―,―,―,―
2026-03-29 00:24:09,6485,91.30,―,―,―,125.10,―,―,―,―,―
2026-03-29 00:24:09,6490,84.50,―,―,―,192.00,―,―,―,―,―
2026-03-29 00:24:09,6495,80.00,―,―,―,187.80,―,―,―,―,―
2026-03-29 00:24:09,6500,75.00,―,―,―,210.00,―,―,―,―,―
2026-03-29 00:24:09,6505,―,―,―,―,158.40,―,―,―,―,―
2026-03-29 00:24:09,6510,―,―,―,―,171.10,―,―,―,―,―
2026-03-29 00:24:09,6515,78.50,―,―,―,―,―,―,―,―,―
2026-03-29 00:24:09,6520,―,―,―,―,181.80,―,―,―,―,―
2026-03-29 00:24:09,6525,82.50,―,―,―,175.50,―,―,―,―,―
2026-03-29 00:24:09,6530,71.50,―,―,―,207.60,―,―,―,―,―
2026-03-29 00:24:09,6535,72.70,―,―,―,―,―,―,―,―,―
2026-03-29 00:24:09,6540,70.70,―,―,―,―,―,―,―,―,―
2026-03-29 00:24:09,6545,―,―,―,―,230.00,―,―,―,―,―
2026-03-29 00:24:09,6550,63.70,―,―,―,199.80,―,―,―,―,―
2026-03-29 00:24:09,6555,―,―,―,―,―,―,―,―,―,―
2026-03-29 00:24:09,6560,60.30,―,―,―,―,―,―,―,―,―
2026-03-29 00:24:09,6565,56.00,―,―,―,―,―,―,―,―,―
2026-03-29 00:24:09,6570,56.50,―,―,―,―,―,―,―,―,―
2026-03-29 00:24:09,6575,49.20,―,―,―,213.00,―,―,―,―,―
2026-03-29 00:24:24,6375,136.00,―,―,―,137.30,―,―,―,―,―
2026-03-29 00:24:24,6380,140.70,―,―,―,124.70,―,―,―,―,―
2026-03-29 00:24:24,6385,136.70,―,―,―,116.50,―,―,―,―,―
2026-03-29 00:24:24,6390,127.90,―,―,―,151.60,―,―,―,―,―
2026-03-29 00:24:24,6395,138.00,―,―,―,152.90,―,―,―,―,―
2026-03-29 00:24:24,6400,119.10,―,―,―,145.60,―,―,―,―,―
2026-03-29 00:24:24,6405,―,―,―,―,156.00,―,―,―,―,―
2026-03-29 00:24:24,6410,118.70,―,―,―,158.00,―,―,―,―,―
2026-03-29 00:24:24,6415,125.80,―,―,―,152.80,―,―,―,―,―
2026-03-29 00:24:24,6420,113.60,―,―,―,153.30,―,―,―,―,―
2026-03-29 00:24:24,6425,128.90,―,―,―,154.50,―,―,―,―,―
2026-03-29 00:24:24,6430,108.60,―,―,―,167.70,―,―,―,―,―
2026-03-29 00:24:24,6435,113.90,―,―,―,140.40,―,―,―,―,―
2026-03-29 00:24:24,6440,108.00,―,―,―,175.20,―,―,―,―,―
2026-03-29 00:24:24,6445,127.80,―,―,―,140.60,―,―,―,―,―
2026-03-29 00:24:24,6450,95.20,―,―,―,171.30,―,―,―,―,―
2026-03-29 00:24:24,6455,114.00,―,―,―,―,―,―,―,―,―
2026-03-29 00:24:24,6460,98.20,―,―,―,134.90,―,―,―,―,―
2026-03-29 00:24:24,6465,93.00,―,―,―,―,―,―,―,―,―
2026-03-29 00:24:24,6470,116.10,―,―,―,150.00,―,―,―,―,―
2026-03-29 00:24:24,6475,92.90,―,―,―,176.10,―,―,―,―,―
2026-03-29 00:24:24,6480,86.50,―,―,―,177.00,―,―,―,―,―
2026-03-29 00:24:24,6485,91.30,―,―,―,125.10,―,―,―,―,―
2026-03-29 00:24:24,6490,84.50,―,―,―,192.00,―,―,―,―,―
2026-03-29 00:24:24,6495,80.00,―,―,―,187.80,―,―,―,―,―
2026-03-29 00:24:24,6500,75.00,―,―,―,210.00,―,―,―,―,―
2026-03-29 00:24:24,6505,―,―,―,―,158.40,―,―,―,―,―
2026-03-29 00:24:24,6510,―,―,―,―,171.10,―,―,―,―,―
2026-03-29 00:24:24,6515,78.50,―,―,―,―,―,―,―,―,―
2026-03-29 00:24:24,6520,―,―,―,―,181.80,―,―,―,―,―
2026-03-29 00:24:24,6525,82.50,―,―,―,175.50,―,―,―,―,―
2026-03-29 00:24:24,6530,71.50,―,―,―,207.60,―,―,―,―,―
2026-03-29 00:24:24,6535,72.70,―,―,―,―,―,―,―,―,―
2026-03-29 00:24:24,6540,70.70,―,―,―,―,―,―,―,―,―
2026-03-29 00:24:24,6545,―,―,―,―,230.00,―,―,―,―,―
2026-03-29 00:24:24,6550,63.70,―,―,―,199.80,―,―,―,―,―
2026-03-29 00:24:24,6555,―,―,―,―,―,―,―,―,―,―
2026-03-29 00:24:24,6560,60.30,―,―,―,―,―,―,―,―,―
2026-03-29 00:24:24,6565,56.00,―,―,―,―,―,―,―,―,―
2026-03-29 00:24:24,6570,56.50,―,―,―,―,―,―,―,―,―
2026-03-29 00:24:24,6575,49.20,―,―,―,213.00,―,―,―,―,―
2026-03-29 00:24:39,6375,136.00,―,―,―,137.30,―,―,―,―,―
2026-03-29 00:24:39,6380,140.70,―,―,―,124.70,―,―,―,―,―
2026-03-29 00:24:39,6385,136.70,―,―,―,116.50,―,―,―,―,―
2026-03-29 00:24:39,6390,127.90,―,―,―,151.60,―,―,―,―,―
2026-03-29 00:24:39,6395,138.00,―,―,―,152.90,―,―,―,―,―
2026-03-29 00:24:39,6400,119.10,―,―,―,145.60,―,―,―,―,―
2026-03-29 00:24:39,6405,―,―,―,―,156.00,―,―,―,―,―
2026-03-29 00:24:39,6410,118.70,―,―,―,158.00,―,―,―,―,―
2026-03-29 00:24:39,6415,125.80,―,―,―,152.80,―,―,―,―,―
2026-03-29 00:24:39,6420,113.60,―,―,―,153.30,―,―,―,―,―
2026-03-29 00:24:39,6425,128.90,―,―,―,154.50,―,―,―,―,―
2026-03-29 00:24:39,6430,108.60,―,―,―,167.70,―,―,―,―,―
2026-03-29 00:24:39,6435,113.90,―,―,―,140.40,―,―,―,―,―
2026-03-29 00:24:39,6440,108.00,―,―,―,175.20,―,―,―,―,―
2026-03-29 00:24:39,6445,127.80,―,―,―,140.60,―,―,―,―,―
2026-03-29 00:24:39,6450,95.20,―,―,―,171.30,―,―,―,―,―
2026-03-29 00:24:39,6455,114.00,―,―,―,―,―,―,―,―,―
2026-03-29 00:24:39,6460,98.20,―,―,―,134.90,―,―,―,―,―
2026-03-29 00:24:39,6465,93.00,―,―,―,―,―,―,―,―,―
2026-03-29 00:24:39,6470,116.10,―,―,―,150.00,―,―,―,―,―
2026-03-29 00:24:39,6475,92.90,―,―,―,176.10,―,―,―,―,―
2026-03-29 00:24:39,6480,86.50,―,―,―,177.00,―,―,―,―,―
2026-03-29 00:24:39,6485,91.30,―,―,―,125.10,―,―,―,―,―
2026-03-29 00:24:39,6490,84.50,―,―,―,192.00,―,―,―,―,―
2026-03-29 00:24:39,6495,80.00,―,―,―,187.80,―,―,―,―,―
2026-03-29 00:24:39,6500,75.00,―,―,―,210.00,―,―,―,―,―
2026-03-29 00:24:39,6505,―,―,―,―,158.40,―,―,―,―,―
2026-03-29 00:24:39,6510,―,―,―,―,171.10,―,―,―,―,―
2026-03-29 00:24:39,6515,78.50,―,―,―,―,―,―,―,―,―
2026-03-29 00:24:39,6520,―,―,―,―,181.80,―,―,―,―,―
2026-03-29 00:24:39,6525,82.50,―,―,―,175.50,―,―,―,―,―
2026-03-29 00:24:39,6530,71.50,―,―,―,207.60,―,―,―,―,―
2026-03-29 00:24:39,6535,72.70,―,―,―,―,―,―,―,―,―
2026-03-29 00:24:39,6540,70.70,―,―,―,―,―,―,―,―,―
2026-03-29 00:24:39,6545,―,―,―,―,230.00,―,―,―,―,―
2026-03-29 00:24:39,6550,63.70,―,―,―,199.80,―,―,―,―,―
2026-03-29 00:24:39,6555,―,―,―,―,―,―,―,―,―,―
2026-03-29 00:24:39,6560,60.30,―,―,―,―,―,―,―,―,―
2026-03-29 00:24:39,6565,56.00,―,―,―,―,―,―,―,―,―
2026-03-29 00:24:39,6570,56.50,―,―,―,―,―,―,―,―,―
2026-03-29 00:24:39,6575,49.20,―,―,―,213.00,―,―,―,―,―
2026-03-29 00:24:54,6375,136.00,―,―,―,137.30,―,―,―,―,―
2026-03-29 00:24:54,6380,140.70,―,―,―,124.70,―,―,―,―,―
2026-03-29 00:24:54,6385,136.70,―,―,―,116.50,―,―,―,―,―
2026-03-29 00:24:54,6390,127.90,―,―,―,151.60,―,―,―,―,―
2026-03-29 00:24:54,6395,138.00,―,―,―,152.90,―,―,―,―,―
2026-03-29 00:24:54,6400,119.10,―,―,―,145.60,―,―,―,―,―
2026-03-29 00:24:54,6405,―,―,―,―,156.00,―,―,―,―,―
2026-03-29 00:24:54,6410,118.70,―,―,―,158.00,―,―,―,―,―
2026-03-29 00:24:54,6415,125.80,―,―,―,152.80,―,―,―,―,―
2026-03-29 00:24:54,6420,113.60,―,―,―,153.30,―,―,―,―,―
2026-03-29 00:24:54,6425,128.90,―,―,―,154.50,―,―,―,―,―
2026-03-29 00:24:54,6430,108.60,―,―,―,167.70,―,―,―,―,―
2026-03-29 00:24:54,6435,113.90,―,―,―,140.40,―,―,―,―,―
2026-03-29 00:24:54,6440,108.00,―,―,―,175.20,―,―,―,―,―
2026-03-29 00:24:54,6445,127.80,―,―,―,140.60,―,―,―,―,―
2026-03-29 00:24:54,6450,95.20,―,―,―,171.30,―,―,―,―,―
2026-03-29 00:24:54,6455,114.00,―,―,―,―,―,―,―,―,―
2026-03-29 00:24:54,6460,98.20,―,―,―,134.90,―,―,―,―,―
2026-03-29 00:24:54,6465,93.00,―,―,―,―,―,―,―,―,―
2026-03-29 00:24:54,6470,116.10,―,―,―,150.00,―,―,―,―,―
2026-03-29 00:24:54,6475,92.90,―,―,―,176.10,―,―,―,―,―
2026-03-29 00:24:54,6480,86.50,―,―,―,177.00,―,―,―,―,―
2026-03-29 00:24:54,6485,91.30,―,―,―,125.10,―,―,―,―,―
2026-03-29 00:24:54,6490,84.50,―,―,―,192.00,―,―,―,―,―
2026-03-29 00:24:54,6495,80.00,―,―,―,187.80,―,―,―,―,―
2026-03-29 00:24:54,6500,75.00,―,―,―,210.00,―,―,―,―,―
2026-03-29 00:24:54,6505,―,―,―,―,158.40,―,―,―,―,―
2026-03-29 00:24:54,6510,―,―,―,―,171.10,―,―,―,―,―
2026-03-29 00:24:54,6515,78.50,―,―,―,―,―,―,―,―,―
2026-03-29 00:24:54,6520,―,―,―,―,181.80,―,―,―,―,―
2026-03-29 00:24:54,6525,82.50,―,―,―,175.50,―,―,―,―,―
2026-03-29 00:24:54,6530,71.50,―,―,―,207.60,―,―,―,―,―
2026-03-29 00:24:54,6535,72.70,―,―,―,―,―,―,―,―,―
2026-03-29 00:24:54,6540,70.70,―,―,―,―,―,―,―,―,―
2026-03-29 00:24:54,6545,―,―,―,―,230.00,―,―,―,―,―
2026-03-29 00:24:54,6550,63.70,―,―,―,199.80,―,―,―,―,―
2026-03-29 00:24:54,6555,―,―,―,―,―,―,―,―,―,―
2026-03-29 00:24:54,6560,60.30,―,―,―,―,―,―,―,―,―
2026-03-29 00:24:54,6565,56.00,―,―,―,―,―,―,―,―,―
2026-03-29 00:24:54,6570,56.50,―,―,―,―,―,―,―,―,―
2026-03-29 00:24:54,6575,49.20,―,―,―,213.00,―,―,―,―,―
2026-03-29 00:25:09,6375,136.00,―,―,―,137.30,―,―,―,―,―
2026-03-29 00:25:09,6380,140.70,―,―,―,124.70,―,―,―,―,―
2026-03-29 00:25:09,6385,136.70,―,―,―,116.50,―,―,―,―,―
2026-03-29 00:25:09,6390,127.90,―,―,―,151.60,―,―,―,―,―
2026-03-29 00:25:09,6395,138.00,―,―,―,152.90,―,―,―,―,―
2026-03-29 00:25:09,6400,119.10,―,―,―,145.60,―,―,―,―,―
2026-03-29 00:25:09,6405,―,―,―,―,156.00,―,―,―,―,―
2026-03-29 00:25:09,6410,118.70,―,―,―,158.00,―,―,―,―,―
2026-03-29 00:25:09,6415,125.80,―,―,―,152.80,―,―,―,―,―
2026-03-29 00:25:09,6420,113.60,―,―,―,153.30,―,―,―,―,―
2026-03-29 00:25:09,6425,128.90,―,―,―,154.50,―,―,―,―,―
2026-03-29 00:25:09,6430,108.60,―,―,―,167.70,―,―,―,―,―
2026-03-29 00:25:09,6435,113.90,―,―,―,140.40,―,―,―,―,―
2026-03-29 00:25:09,6440,108.00,―,―,―,175.20,―,―,―,―,―
2026-03-29 00:25:09,6445,127.80,―,―,―,140.60,―,―,―,―,―
2026-03-29 00:25:09,6450,95.20,―,―,―,171.30,―,―,―,―,―
2026-03-29 00:25:09,6455,114.00,―,―,―,―,―,―,―,―,―
2026-03-29 00:25:09,6460,98.20,―,―,―,134.90,―,―,―,―,―
2026-03-29 00:25:09,6465,93.00,―,―,―,―,―,―,―,―,―
2026-03-29 00:25:09,6470,116.10,―,―,―,150.00,―,―,―,―,―
2026-03-29 00:25:09,6475,92.90,―,―,―,176.10,―,―,―,―,―
2026-03-29 00:25:09,6480,86.50,―,―,―,177.00,―,―,―,―,―
2026-03-29 00:25:09,6485,91.30,―,―,―,125.10,―,―,―,―,―
2026-03-29 00:25:09,6490,84.50,―,―,―,192.00,―,―,―,―,―
2026-03-29 00:25:09,6495,80.00,―,―,―,187.80,―,―,―,―,―
2026-03-29 00:25:09,6500,75.00,―,―,―,210.00,―,―,―,―,―
2026-03-29 00:25:09,6505,―,―,―,―,158.40,―,―,―,―,―
2026-03-29 00:25:09,6510,―,―,―,―,171.10,―,―,―,―,―
2026-03-29 00:25:09,6515,78.50,―,―,―,―,―,―,―,―,―
2026-03-29 00:25:09,6520,―,―,―,―,181.80,―,―,―,―,―
2026-03-29 00:25:09,6525,82.50,―,―,―,175.50,―,―,―,―,―
2026-03-29 00:25:09,6530,71.50,―,―,―,207.60,―,―,―,―,―
2026-03-29 00:25:09,6535,72.70,―,―,―,―,―,―,―,―,―
2026-03-29 00:25:09,6540,70.70,―,―,―,―,―,―,―,―,―
2026-03-29 00:25:09,6545,―,―,―,―,230.00,―,―,―,―,―
2026-03-29 00:25:09,6550,63.70,―,―,―,199.80,―,―,―,―,―
2026-03-29 00:25:09,6555,―,―,―,―,―,―,―,―,―,―
2026-03-29 00:25:09,6560,60.30,―,―,―,―,―,―,―,―,―
2026-03-29 00:25:09,6565,56.00,―,―,―,―,―,―,―,―,―
2026-03-29 00:25:09,6570,56.50,―,―,―,―,―,―,―,―,―
2026-03-29 00:25:09,6575,49.20,―,―,―,213.00,―,―,―,―,―
2026-03-29 00:25:24,6375,136.00,―,―,―,137.30,―,―,―,―,―
2026-03-29 00:25:24,6380,140.70,―,―,―,124.70,―,―,―,―,―
2026-03-29 00:25:24,6385,136.70,―,―,―,116.50,―,―,―,―,―
2026-03-29 00:25:24,6390,127.90,―,―,―,151.60,―,―,―,―,―
2026-03-29 00:25:24,6395,138.00,―,―,―,152.90,―,―,―,―,―
2026-03-29 00:25:24,6400,119.10,―,―,―,145.60,―,―,―,―,―
2026-03-29 00:25:24,6405,―,―,―,―,156.00,―,―,―,―,―
2026-03-29 00:25:24,6410,118.70,―,―,―,158.00,―,―,―,―,―
2026-03-29 00:25:24,6415,125.80,―,―,―,152.80,―,―,―,―,―
2026-03-29 00:25:24,6420,113.60,―,―,―,153.30,―,―,―,―,―
2026-03-29 00:25:24,6425,128.90,―,―,―,154.50,―,―,―,―,―
2026-03-29 00:25:24,6430,108.60,―,―,―,167.70,―,―,―,―,―
2026-03-29 00:25:24,6435,113.90,―,―,―,140.40,―,―,―,―,―
2026-03-29 00:25:24,6440,108.00,―,―,―,175.20,―,―,―,―,―
2026-03-29 00:25:24,6445,127.80,―,―,―,140.60,―,―,―,―,―
2026-03-29 00:25:24,6450,95.20,―,―,―,171.30,―,―,―,―,―
2026-03-29 00:25:24,6455,114.00,―,―,―,―,―,―,―,―,―
2026-03-29 00:25:24,6460,98.20,―,―,―,134.90,―,―,―,―,―
2026-03-29 00:25:24,6465,93.00,―,―,―,―,―,―,―,―,―
2026-03-29 00:25:24,6470,116.10,―,―,―,150.00,―,―,―,―,―
2026-03-29 00:25:24,6475,92.90,―,―,―,176.10,―,―,―,―,―
2026-03-29 00:25:24,6480,86.50,―,―,―,177.00,―,―,―,―,―
2026-03-29 00:25:24,6485,91.30,―,―,―,125.10,―,―,―,―,―
2026-03-29 00:25:24,6490,84.50,―,―,―,192.00,―,―,―,―,―
2026-03-29 00:25:24,6495,80.00,―,―,―,187.80,―,―,―,―,―
2026-03-29 00:25:24,6500,75.00,―,―,―,210.00,―,―,―,―,―
2026-03-29 00:25:24,6505,―,―,―,―,158.40,―,―,―,―,―
2026-03-29 00:25:24,6510,―,―,―,―,171.10,―,―,―,―,―
2026-03-29 00:25:24,6515,78.50,―,―,―,―,―,―,―,―,―
2026-03-29 00:25:24,6520,―,―,―,―,181.80,―,―,―,―,―
2026-03-29 00:25:24,6525,82.50,―,―,―,175.50,―,―,―,―,―
2026-03-29 00:25:24,6530,71.50,―,―,―,207.60,―,―,―,―,―
2026-03-29 00:25:24,6535,72.70,―,―,―,―,―,―,―,―,―
2026-03-29 00:25:24,6540,70.70,―,―,―,―,―,―,―,―,―
2026-03-29 00:25:24,6545,―,―,―,―,230.00,―,―,―,―,―
2026-03-29 00:25:24,6550,63.70,―,―,―,199.80,―,―,―,―,―
2026-03-29 00:25:24,6555,―,―,―,―,―,―,―,―,―,―
2026-03-29 00:25:24,6560,60.30,―,―,―,―,―,―,―,―,―
2026-03-29 00:25:24,6565,56.00,―,―,―,―,―,―,―,―,―
2026-03-29 00:25:24,6570,56.50,―,―,―,―,―,―,―,―,―
2026-03-29 00:25:24,6575,49.20,―,―,―,213.00,―,―,―,―,―
2026-03-29 00:25:39,6375,136.00,―,―,―,137.30,―,―,―,―,―
2026-03-29 00:25:39,6380,140.70,―,―,―,124.70,―,―,―,―,―
2026-03-29 00:25:39,6385,136.70,―,―,―,116.50,―,―,―,―,―
2026-03-29 00:25:39,6390,127.90,―,―,―,151.60,―,―,―,―,―
2026-03-29 00:25:39,6395,138.00,―,―,―,152.90,―,―,―,―,―
2026-03-29 00:25:39,6400,119.10,―,―,―,145.60,―,―,―,―,―
2026-03-29 00:25:39,6405,―,―,―,―,156.00,―,―,―,―,―
2026-03-29 00:25:39,6410,118.70,―,―,―,158.00,―,―,―,―,―
2026-03-29 00:25:39,6415,125.80,―,―,―,152.80,―,―,―,―,―
2026-03-29 00:25:39,6420,113.60,―,―,―,153.30,―,―,―,―,―
2026-03-29 00:25:39,6425,128.90,―,―,―,154.50,―,―,―,―,―
2026-03-29 00:25:39,6430,108.60,―,―,―,167.70,―,―,―,―,―
2026-03-29 00:25:39,6435,113.90,―,―,―,140.40,―,―,―,―,―
2026-03-29 00:25:39,6440,108.00,―,―,―,175.20,―,―,―,―,―
2026-03-29 00:25:39,6445,127.80,―,―,―,140.60,―,―,―,―,―
2026-03-29 00:25:39,6450,95.20,―,―,―,171.30,―,―,―,―,―
2026-03-29 00:25:39,6455,114.00,―,―,―,―,―,―,―,―,―
2026-03-29 00:25:39,6460,98.20,―,―,―,134.90,―,―,―,―,―
2026-03-29 00:25:39,6465,93.00,―,―,―,―,―,―,―,―,―
2026-03-29 00:25:39,6470,116.10,―,―,―,150.00,―,―,―,―,―
2026-03-29 00:25:39,6475,92.90,―,―,―,176.10,―,―,―,―,―
2026-03-29 00:25:39,6480,86.50,―,―,―,177.00,―,―,―,―,―
2026-03-29 00:25:39,6485,91.30,―,―,―,125.10,―,―,―,―,―
2026-03-29 00:25:39,6490,84.50,―,―,―,192.00,―,―,―,―,―
2026-03-29 00:25:39,6495,80.00,―,―,―,187.80,―,―,―,―,―
2026-03-29 00:25:39,6500,75.00,―,―,―,210.00,―,―,―,―,―
2026-03-29 00:25:39,6505,―,―,―,―,158.40,―,―,―,―,―
2026-03-29 00:25:39,6510,―,―,―,―,171.10,―,―,―,―,―
2026-03-29 00:25:39,6515,78.50,―,―,―,―,―,―,―,―,―
2026-03-29 00:25:39,6520,―,―,―,―,181.80,―,―,―,―,―
2026-03-29 00:25:39,6525,82.50,―,―,―,175.50,―,―,―,―,―
2026-03-29 00:25:39,6530,71.50,―,―,―,207.60,―,―,―,―,―
2026-03-29 00:25:39,6535,72.70,―,―,―,―,―,―,―,―,―
2026-03-29 00:25:39,6540,70.70,―,―,―,―,―,―,―,―,―
2026-03-29 00:25:39,6545,―,―,―,―,230.00,―,―,―,―,―
2026-03-29 00:25:39,6550,63.70,―,―,―,199.80,―,―,―,―,―
2026-03-29 00:25:39,6555,―,―,―,―,―,―,―,―,―,―
2026-03-29 00:25:39,6560,60.30,―,―,―,―,―,―,―,―,―
2026-03-29 00:25:39,6565,56.00,―,―,―,―,―,―,―,―,―
2026-03-29 00:25:39,6570,56.50,―,―,―,―,―,―,―,―,―
2026-03-29 00:25:39,6575,49.20,―,―,―,213.00,―,―,―,―,―
2026-03-29 00:25:54,6375,136.00,―,―,―,137.30,―,―,―,―,―
2026-03-29 00:25:54,6380,140.70,―,―,―,124.70,―,―,―,―,―
2026-03-29 00:25:54,6385,136.70,―,―,―,116.50,―,―,―,―,―
2026-03-29 00:25:54,6390,127.90,―,―,―,151.60,―,―,―,―,―
2026-03-29 00:25:54,6395,138.00,―,―,―,152.90,―,―,―,―,―
2026-03-29 00:25:54,6400,119.10,―,―,―,145.60,―,―,―,―,―
2026-03-29 00:25:54,6405,―,―,―,―,156.00,―,―,―,―,―
2026-03-29 00:25:54,6410,118.70,―,―,―,158.00,―,―,―,―,―
2026-03-29 00:25:54,6415,125.80,―,―,―,152.80,―,―,―,―,―
2026-03-29 00:25:54,6420,113.60,―,―,―,153.30,―,―,―,―,―
2026-03-29 00:25:54,6425,128.90,―,―,―,154.50,―,―,―,―,―
2026-03-29 00:25:54,6430,108.60,―,―,―,167.70,―,―,―,―,―
2026-03-29 00:25:54,6435,113.90,―,―,―,140.40,―,―,―,―,―
2026-03-29 00:25:54,6440,108.00,―,―,―,175.20,―,―,―,―,―
2026-03-29 00:25:54,6445,127.80,―,―,―,140.60,―,―,―,―,―
2026-03-29 00:25:54,6450,95.20,―,―,―,171.30,―,―,―,―,―
2026-03-29 00:25:54,6455,114.00,―,―,―,―,―,―,―,―,―
2026-03-29 00:25:54,6460,98.20,―,―,―,134.90,―,―,―,―,―
2026-03-29 00:25:54,6465,93.00,―,―,―,―,―,―,―,―,―
2026-03-29 00:25:54,6470,116.10,―,―,―,150.00,―,―,―,―,―
2026-03-29 00:25:54,6475,92.90,―,―,―,176.10,―,―,―,―,―
2026-03-29 00:25:54,6480,86.50,―,―,―,177.00,―,―,―,―,―
2026-03-29 00:25:54,6485,91.30,―,―,―,125.10,―,―,―,―,―
2026-03-29 00:25:54,6490,84.50,―,―,―,192.00,―,―,―,―,―
2026-03-29 00:25:54,6495,80.00,―,―,―,187.80,―,―,―,―,―
2026-03-29 00:25:54,6500,75.00,―,―,―,210.00,―,―,―,―,―
2026-03-29 00:25:54,6505,―,―,―,―,158.40,―,―,―,―,―
2026-03-29 00:25:54,6510,―,―,―,―,171.10,―,―,―,―,―
2026-03-29 00:25:54,6515,78.50,―,―,―,―,―,―,―,―,―
2026-03-29 00:25:54,6520,―,―,―,―,181.80,―,―,―,―,―
2026-03-29 00:25:54,6525,82.50,―,―,―,175.50,―,―,―,―,―
2026-03-29 00:25:54,6530,71.50,―,―,―,207.60,―,―,―,―,―
2026-03-29 00:25:54,6535,72.70,―,―,―,―,―,―,―,―,―
2026-03-29 00:25:54,6540,70.70,―,―,―,―,―,―,―,―,―
2026-03-29 00:25:54,6545,―,―,―,―,230.00,―,―,―,―,―
2026-03-29 00:25:54,6550,63.70,―,―,―,199.80,―,―,―,―,―
2026-03-29 00:25:54,6555,―,―,―,―,―,―,―,―,―,―
2026-03-29 00:25:54,6560,60.30,―,―,―,―,―,―,―,―,―
2026-03-29 00:25:54,6565,56.00,―,―,―,―,―,―,―,―,―
2026-03-29 00:25:54,6570,56.50,―,―,―,―,―,―,―,―,―
2026-03-29 00:25:54,6575,49.20,―,―,―,213.00,―,―,―,―,―
2026-03-29 00:26:09,6375,136.00,―,―,―,137.30,―,―,―,―,―
2026-03-29 00:26:09,6380,140.70,―,―,―,124.70,―,―,―,―,―
2026-03-29 00:26:09,6385,136.70,―,―,―,116.50,―,―,―,―,―
2026-03-29 00:26:09,6390,127.90,―,―,―,151.60,―,―,―,―,―
2026-03-29 00:26:09,6395,138.00,―,―,―,152.90,―,―,―,―,―
2026-03-29 00:26:09,6400,119.10,―,―,―,145.60,―,―,―,―,―
2026-03-29 00:26:09,6405,―,―,―,―,156.00,―,―,―,―,―
2026-03-29 00:26:09,6410,118.70,―,―,―,158.00,―,―,―,―,―
2026-03-29 00:26:09,6415,125.80,―,―,―,152.80,―,―,―,―,―
2026-03-29 00:26:09,6420,113.60,―,―,―,153.30,―,―,―,―,―
2026-03-29 00:26:09,6425,128.90,―,―,―,154.50,―,―,―,―,―
2026-03-29 00:26:09,6430,108.60,―,―,―,167.70,―,―,―,―,―
2026-03-29 00:26:09,6435,113.90,―,―,―,140.40,―,―,―,―,―
2026-03-29 00:26:09,6440,108.00,―,―,―,175.20,―,―,―,―,―
2026-03-29 00:26:09,6445,127.80,―,―,―,140.60,―,―,―,―,―
2026-03-29 00:26:09,6450,95.20,―,―,―,171.30,―,―,―,―,―
2026-03-29 00:26:09,6455,114.00,―,―,―,―,―,―,―,―,―
2026-03-29 00:26:09,6460,98.20,―,―,―,134.90,―,―,―,―,―
2026-03-29 00:26:09,6465,93.00,―,―,―,―,―,―,―,―,―
2026-03-29 00:26:09,6470,116.10,―,―,―,150.00,―,―,―,―,―
2026-03-29 00:26:09,6475,92.90,―,―,―,176.10,―,―,―,―,―
2026-03-29 00:26:09,6480,86.50,―,―,―,177.00,―,―,―,―,―
2026-03-29 00:26:09,6485,91.30,―,―,―,125.10,―,―,―,―,―
2026-03-29 00:26:09,6490,84.50,―,―,―,192.00,―,―,―,―,―
2026-03-29 00:26:09,6495,80.00,―,―,―,187.80,―,―,―,―,―
2026-03-29 00:26:09,6500,75.00,―,―,―,210.00,―,―,―,―,―
2026-03-29 00:26:09,6505,―,―,―,―,158.40,―,―,―,―,―
2026-03-29 00:26:09,6510,―,―,―,―,171.10,―,―,―,―,―
2026-03-29 00:26:09,6515,78.50,―,―,―,―,―,―,―,―,―
2026-03-29 00:26:09,6520,―,―,―,―,181.80,―,―,―,―,―
2026-03-29 00:26:09,6525,82.50,―,―,―,175.50,―,―,―,―,―
2026-03-29 00:26:09,6530,71.50,―,―,―,207.60,―,―,―,―,―
2026-03-29 00:26:09,6535,72.70,―,―,―,―,―,―,―,―,―
2026-03-29 00:26:09,6540,70.70,―,―,―,―,―,―,―,―,―
2026-03-29 00:26:09,6545,―,―,―,―,230.00,―,―,―,―,―
2026-03-29 00:26:09,6550,63.70,―,―,―,199.80,―,―,―,―,―
2026-03-29 00:26:09,6555,―,―,―,―,―,―,―,―,―,―
2026-03-29 00:26:09,6560,60.30,―,―,―,―,―,―,―,―,―
2026-03-29 00:26:09,6565,56.00,―,―,―,―,―,―,―,―,―
2026-03-29 00:26:09,6570,56.50,―,―,―,―,―,―,―,―,―
2026-03-29 00:26:09,6575,49.20,―,―,―,213.00,―,―,―,―,―
2026-03-29 00:26:24,6375,136.00,―,―,―,137.30,―,―,―,―,―
2026-03-29 00:26:24,6380,140.70,―,―,―,124.70,―,―,―,―,―
2026-03-29 00:26:24,6385,136.70,―,―,―,116.50,―,―,―,―,―
2026-03-29 00:26:24,6390,127.90,―,―,―,151.60,―,―,―,―,―
2026-03-29 00:26:24,6395,138.00,―,―,―,152.90,―,―,―,―,―
2026-03-29 00:26:24,6400,119.10,―,―,―,145.60,―,―,―,―,―
2026-03-29 00:26:24,6405,―,―,―,―,156.00,―,―,―,―,―
2026-03-29 00:26:24,6410,118.70,―,―,―,158.00,―,―,―,―,―
2026-03-29 00:26:24,6415,125.80,―,―,―,152.80,―,―,―,―,―
2026-03-29 00:26:24,6420,113.60,―,―,―,153.30,―,―,―,―,―
2026-03-29 00:26:24,6425,128.90,―,―,―,154.50,―,―,―,―,―
2026-03-29 00:26:24,6430,108.60,―,―,―,167.70,―,―,―,―,―
2026-03-29 00:26:24,6435,113.90,―,―,―,140.40,―,―,―,―,―
2026-03-29 00:26:24,6440,108.00,―,―,―,175.20,―,―,―,―,―
2026-03-29 00:26:24,6445,127.80,―,―,―,140.60,―,―,―,―,―
2026-03-29 00:26:24,6450,95.20,―,―,―,171.30,―,―,―,―,―
2026-03-29 00:26:24,6455,114.00,―,―,―,―,―,―,―,―,―
2026-03-29 00:26:24,6460,98.20,―,―,―,134.90,―,―,―,―,―
2026-03-29 00:26:24,6465,93.00,―,―,―,―,―,―,―,―,―
2026-03-29 00:26:24,6470,116.10,―,―,―,150.00,―,―,―,―,―
2026-03-29 00:26:24,6475,92.90,―,―,―,176.10,―,―,―,―,―
2026-03-29 00:26:24,6480,86.50,―,―,―,177.00,―,―,―,―,―
2026-03-29 00:26:24,6485,91.30,―,―,―,125.10,―,―,―,―,―
2026-03-29 00:26:24,6490,84.50,―,―,―,192.00,―,―,―,―,―
2026-03-29 00:26:24,6495,80.00,―,―,―,187.80,―,―,―,―,―
2026-03-29 00:26:24,6500,75.00,―,―,―,210.00,―,―,―,―,―
2026-03-29 00:26:24,6505,―,―,―,―,158.40,―,―,―,―,―
2026-03-29 00:26:24,6510,―,―,―,―,171.10,―,―,―,―,―
2026-03-29 00:26:24,6515,78.50,―,―,―,―,―,―,―,―,―
2026-03-29 00:26:24,6520,―,―,―,―,181.80,―,―,―,―,―
2026-03-29 00:26:24,6525,82.50,―,―,―,175.50,―,―,―,―,―
2026-03-29 00:26:24,6530,71.50,―,―,―,207.60,―,―,―,―,―
2026-03-29 00:26:24,6535,72.70,―,―,―,―,―,―,―,―,―
2026-03-29 00:26:24,6540,70.70,―,―,―,―,―,―,―,―,―
2026-03-29 00:26:24,6545,―,―,―,―,230.00,―,―,―,―,―
2026-03-29 00:26:24,6550,63.70,―,―,―,199.80,―,―,―,―,―
2026-03-29 00:26:24,6555,―,―,―,―,―,―,―,―,―,―
2026-03-29 00:26:24,6560,60.30,―,―,―,―,―,―,―,―,―
2026-03-29 00:26:24,6565,56.00,―,―,―,―,―,―,―,―,―
2026-03-29 00:26:24,6570,56.50,―,―,―,―,―,―,―,―,―
2026-03-29 00:26:24,6575,49.20,―,―,―,213.00,―,―,―,―,―
2026-03-29 00:26:39,6375,136.00,―,―,―,137.30,―,―,―,―,―
2026-03-29 00:26:39,6380,140.70,―,―,―,124.70,―,―,―,―,―
2026-03-29 00:26:39,6385,136.70,―,―,―,116.50,―,―,―,―,―
2026-03-29 00:26:39,6390,127.90,―,―,―,151.60,―,―,―,―,―
2026-03-29 00:26:39,6395,138.00,―,―,―,152.90,―,―,―,―,―
2026-03-29 00:26:39,6400,119.10,―,―,―,145.60,―,―,―,―,―
2026-03-29 00:26:39,6405,―,―,―,―,156.00,―,―,―,―,―
2026-03-29 00:26:39,6410,118.70,―,―,―,158.00,―,―,―,―,―
2026-03-29 00:26:39,6415,125.80,―,―,―,152.80,―,―,―,―,―
2026-03-29 00:26:39,6420,113.60,―,―,―,153.30,―,―,―,―,―
2026-03-29 00:26:39,6425,128.90,―,―,―,154.50,―,―,―,―,―
2026-03-29 00:26:39,6430,108.60,―,―,―,167.70,―,―,―,―,―
2026-03-29 00:26:39,6435,113.90,―,―,―,140.40,―,―,―,―,―
2026-03-29 00:26:39,6440,108.00,―,―,―,175.20,―,―,―,―,―
2026-03-29 00:26:39,6445,127.80,―,―,―,140.60,―,―,―,―,―
2026-03-29 00:26:39,6450,95.20,―,―,―,171.30,―,―,―,―,―
2026-03-29 00:26:39,6455,114.00,―,―,―,―,―,―,―,―,―
2026-03-29 00:26:39,6460,98.20,―,―,―,134.90,―,―,―,―,―
2026-03-29 00:26:39,6465,93.00,―,―,―,―,―,―,―,―,―
2026-03-29 00:26:39,6470,116.10,―,―,―,150.00,―,―,―,―,―
2026-03-29 00:26:39,6475,92.90,―,―,―,176.10,―,―,―,―,―
2026-03-29 00:26:39,6480,86.50,―,―,―,177.00,―,―,―,―,―
2026-03-29 00:26:39,6485,91.30,―,―,―,125.10,―,―,―,―,―
2026-03-29 00:26:39,6490,84.50,―,―,―,192.00,―,―,―,―,―
2026-03-29 00:26:39,6495,80.00,―,―,―,187.80,―,―,―,―,―
2026-03-29 00:26:39,6500,75.00,―,―,―,210.00,―,―,―,―,―
2026-03-29 00:26:39,6505,―,―,―,―,158.40,―,―,―,―,―
2026-03-29 00:26:39,6510,―,―,―,―,171.10,―,―,―,―,―
2026-03-29 00:26:39,6515,78.50,―,―,―,―,―,―,―,―,―
2026-03-29 00:26:39,6520,―,―,―,―,181.80,―,―,―,―,―
2026-03-29 00:26:39,6525,82.50,―,―,―,175.50,―,―,―,―,―
2026-03-29 00:26:39,6530,71.50,―,―,―,207.60,―,―,―,―,―
2026-03-29 00:26:39,6535,72.70,―,―,―,―,―,―,―,―,―
2026-03-29 00:26:39,6540,70.70,―,―,―,―,―,―,―,―,―
2026-03-29 00:26:39,6545,―,―,―,―,230.00,―,―,―,―,―
2026-03-29 00:26:39,6550,63.70,―,―,―,199.80,―,―,―,―,―
2026-03-29 00:26:39,6555,―,―,―,―,―,―,―,―,―,―
2026-03-29 00:26:39,6560,60.30,―,―,―,―,―,―,―,―,―
2026-03-29 00:26:39,6565,56.00,―,―,―,―,―,―,―,―,―
2026-03-29 00:26:39,6570,56.50,―,―,―,―,―,―,―,―,―
2026-03-29 00:26:39,6575,49.20,―,―,―,213.00,―,―,―,―,―
2026-03-29 00:26:54,6375,136.00,―,―,―,137.30,―,―,―,―,―
2026-03-29 00:26:54,6380,140.70,―,―,―,124.70,―,―,―,―,―
2026-03-29 00:26:54,6385,136.70,―,―,―,116.50,―,―,―,―,―
2026-03-29 00:26:54,6390,127.90,―,―,―,151.60,―,―,―,―,―
2026-03-29 00:26:54,6395,138.00,―,―,―,152.90,―,―,―,―,―
2026-03-29 00:26:54,6400,119.10,―,―,―,145.60,―,―,―,―,―
2026-03-29 00:26:54,6405,―,―,―,―,156.00,―,―,―,―,―
2026-03-29 00:26:54,6410,118.70,―,―,―,158.00,―,―,―,―,―
2026-03-29 00:26:54,6415,125.80,―,―,―,152.80,―,―,―,―,―
2026-03-29 00:26:54,6420,113.60,―,―,―,153.30,―,―,―,―,―
2026-03-29 00:26:54,6425,128.90,―,―,―,154.50,―,―,―,―,―
2026-03-29 00:26:54,6430,108.60,―,―,―,167.70,―,―,―,―,―
2026-03-29 00:26:54,6435,113.90,―,―,―,140.40,―,―,―,―,―
2026-03-29 00:26:54,6440,108.00,―,―,―,175.20,―,―,―,―,―
2026-03-29 00:26:54,6445,127.80,―,―,―,140.60,―,―,―,―,―
2026-03-29 00:26:54,6450,95.20,―,―,―,171.30,―,―,―,―,―
2026-03-29 00:26:54,6455,114.00,―,―,―,―,―,―,―,―,―
2026-03-29 00:26:54,6460,98.20,―,―,―,134.90,―,―,―,―,―
2026-03-29 00:26:54,6465,93.00,―,―,―,―,―,―,―,―,―
2026-03-29 00:26:54,6470,116.10,―,―,―,150.00,―,―,―,―,―
2026-03-29 00:26:54,6475,92.90,―,―,―,176.10,―,―,―,―,―
2026-03-29 00:26:54,6480,86.50,―,―,―,177.00,―,―,―,―,―
2026-03-29 00:26:54,6485,91.30,―,―,―,125.10,―,―,―,―,―
2026-03-29 00:26:54,6490,84.50,―,―,―,192.00,―,―,―,―,―
2026-03-29 00:26:54,6495,80.00,―,―,―,187.80,―,―,―,―,―
2026-03-29 00:26:54,6500,75.00,―,―,―,210.00,―,―,―,―,―
2026-03-29 00:26:54,6505,―,―,―,―,158.40,―,―,―,―,―
2026-03-29 00:26:54,6510,―,―,―,―,171.10,―,―,―,―,―
2026-03-29 00:26:54,6515,78.50,―,―,―,―,―,―,―,―,―
2026-03-29 00:26:54,6520,―,―,―,―,181.80,―,―,―,―,―
2026-03-29 00:26:54,6525,82.50,―,―,―,175.50,―,―,―,―,―
2026-03-29 00:26:54,6530,71.50,―,―,―,207.60,―,―,―,―,―
2026-03-29 00:26:54,6535,72.70,―,―,―,―,―,―,―,―,―
2026-03-29 00:26:54,6540,70.70,―,―,―,―,―,―,―,―,―
2026-03-29 00:26:54,6545,―,―,―,―,230.00,―,―,―,―,―
2026-03-29 00:26:54,6550,63.70,―,―,―,199.80,―,―,―,―,―
2026-03-29 00:26:54,6555,―,―,―,―,―,―,―,―,―,―
2026-03-29 00:26:54,6560,60.30,―,―,―,―,―,―,―,―,―
2026-03-29 00:26:54,6565,56.00,―,―,―,―,―,―,―,―,―
2026-03-29 00:26:54,6570,56.50,―,―,―,―,―,―,―,―,―
2026-03-29 00:26:54,6575,49.20,―,―,―,213.00,―,―,―,―,―
2026-03-29 00:27:09,6375,136.00,―,―,―,137.30,―,―,―,―,―
2026-03-29 00:27:09,6380,140.70,―,―,―,124.70,―,―,―,―,―
2026-03-29 00:27:09,6385,136.70,―,―,―,116.50,―,―,―,―,―
2026-03-29 00:27:09,6390,127.90,―,―,―,151.60,―,―,―,―,―
2026-03-29 00:27:09,6395,138.00,―,―,―,152.90,―,―,―,―,―
2026-03-29 00:27:09,6400,119.10,―,―,―,145.60,―,―,―,―,―
2026-03-29 00:27:09,6405,―,―,―,―,156.00,―,―,―,―,―
2026-03-29 00:27:09,6410,118.70,―,―,―,158.00,―,―,―,―,―
2026-03-29 00:27:09,6415,125.80,―,―,―,152.80,―,―,―,―,―
2026-03-29 00:27:09,6420,113.60,―,―,―,153.30,―,―,―,―,―
2026-03-29 00:27:09,6425,128.90,―,―,―,154.50,―,―,―,―,―
2026-03-29 00:27:09,6430,108.60,―,―,―,167.70,―,―,―,―,―
2026-03-29 00:27:09,6435,113.90,―,―,―,140.40,―,―,―,―,―
2026-03-29 00:27:09,6440,108.00,―,―,―,175.20,―,―,―,―,―
2026-03-29 00:27:09,6445,127.80,―,―,―,140.60,―,―,―,―,―
2026-03-29 00:27:09,6450,95.20,―,―,―,171.30,―,―,―,―,―
2026-03-29 00:27:09,6455,114.00,―,―,―,―,―,―,―,―,―
2026-03-29 00:27:09,6460,98.20,―,―,―,134.90,―,―,―,―,―
2026-03-29 00:27:09,6465,93.00,―,―,―,―,―,―,―,―,―
2026-03-29 00:27:09,6470,116.10,―,―,―,150.00,―,―,―,―,―
2026-03-29 00:27:09,6475,92.90,―,―,―,176.10,―,―,―,―,―
2026-03-29 00:27:09,6480,86.50,―,―,―,177.00,―,―,―,―,―
2026-03-29 00:27:09,6485,91.30,―,―,―,125.10,―,―,―,―,―
2026-03-29 00:27:09,6490,84.50,―,―,―,192.00,―,―,―,―,―
2026-03-29 00:27:09,6495,80.00,―,―,―,187.80,―,―,―,―,―
2026-03-29 00:27:09,6500,75.00,―,―,―,210.00,―,―,―,―,―
2026-03-29 00:27:09,6505,―,―,―,―,158.40,―,―,―,―,―
2026-03-29 00:27:09,6510,―,―,―,―,171.10,―,―,―,―,―
2026-03-29 00:27:09,6515,78.50,―,―,―,―,―,―,―,―,―
2026-03-29 00:27:09,6520,―,―,―,―,181.80,―,―,―,―,―
2026-03-29 00:27:09,6525,82.50,―,―,―,175.50,―,―,―,―,―
2026-03-29 00:27:09,6530,71.50,―,―,―,207.60,―,―,―,―,―
2026-03-29 00:27:09,6535,72.70,―,―,―,―,―,―,―,―,―
2026-03-29 00:27:09,6540,70.70,―,―,―,―,―,―,―,―,―
2026-03-29 00:27:09,6545,―,―,―,―,230.00,―,―,―,―,―
2026-03-29 00:27:09,6550,63.70,―,―,―,199.80,―,―,―,―,―
2026-03-29 00:27:09,6555,―,―,―,―,―,―,―,―,―,―
2026-03-29 00:27:09,6560,60.30,―,―,―,―,―,―,―,―,―
2026-03-29 00:27:09,6565,56.00,―,―,―,―,―,―,―,―,―
2026-03-29 00:27:09,6570,56.50,―,―,―,―,―,―,―,―,―
2026-03-29 00:27:09,6575,49.20,―,―,―,213.00,―,―,―,―,―
2026-03-29 00:27:24,6375,136.00,―,―,―,137.30,―,―,―,―,―
2026-03-29 00:27:24,6380,140.70,―,―,―,124.70,―,―,―,―,―
2026-03-29 00:27:24,6385,136.70,―,―,―,116.50,―,―,―,―,―
2026-03-29 00:27:24,6390,127.90,―,―,―,151.60,―,―,―,―,―
2026-03-29 00:27:24,6395,138.00,―,―,―,152.90,―,―,―,―,―
2026-03-29 00:27:24,6400,119.10,―,―,―,145.60,―,―,―,―,―
2026-03-29 00:27:24,6405,―,―,―,―,156.00,―,―,―,―,―
2026-03-29 00:27:24,6410,118.70,―,―,―,158.00,―,―,―,―,―
2026-03-29 00:27:24,6415,125.80,―,―,―,152.80,―,―,―,―,―
2026-03-29 00:27:24,6420,113.60,―,―,―,153.30,―,―,―,―,―
2026-03-29 00:27:24,6425,128.90,―,―,―,154.50,―,―,―,―,―
2026-03-29 00:27:24,6430,108.60,―,―,―,167.70,―,―,―,―,―
2026-03-29 00:27:24,6435,113.90,―,―,―,140.40,―,―,―,―,―
2026-03-29 00:27:24,6440,108.00,―,―,―,175.20,―,―,―,―,―
2026-03-29 00:27:24,6445,127.80,―,―,―,140.60,―,―,―,―,―
2026-03-29 00:27:24,6450,95.20,―,―,―,171.30,―,―,―,―,―
2026-03-29 00:27:24,6455,114.00,―,―,―,―,―,―,―,―,―
2026-03-29 00:27:24,6460,98.20,―,―,―,134.90,―,―,―,―,―
2026-03-29 00:27:24,6465,93.00,―,―,―,―,―,―,―,―,―
2026-03-29 00:27:24,6470,116.10,―,―,―,150.00,―,―,―,―,―
2026-03-29 00:27:24,6475,92.90,―,―,―,176.10,―,―,―,―,―
2026-03-29 00:27:24,6480,86.50,―,―,―,177.00,―,―,―,―,―
2026-03-29 00:27:24,6485,91.30,―,―,―,125.10,―,―,―,―,―
2026-03-29 00:27:24,6490,84.50,―,―,―,192.00,―,―,―,―,―
2026-03-29 00:27:24,6495,80.00,―,―,―,187.80,―,―,―,―,―
2026-03-29 00:27:24,6500,75.00,―,―,―,210.00,―,―,―,―,―
2026-03-29 00:27:24,6505,―,―,―,―,158.40,―,―,―,―,―
2026-03-29 00:27:24,6510,―,―,―,―,171.10,―,―,―,―,―
2026-03-29 00:27:24,6515,78.50,―,―,―,―,―,―,―,―,―
2026-03-29 00:27:24,6520,―,―,―,―,181.80,―,―,―,―,―
2026-03-29 00:27:24,6525,82.50,―,―,―,175.50,―,―,―,―,―
2026-03-29 00:27:24,6530,71.50,―,―,―,207.60,―,―,―,―,―
2026-03-29 00:27:24,6535,72.70,―,―,―,―,―,―,―,―,―
2026-03-29 00:27:24,6540,70.70,―,―,―,―,―,―,―,―,―
2026-03-29 00:27:24,6545,―,―,―,―,230.00,―,―,―,―,―
2026-03-29 00:27:24,6550,63.70,―,―,―,199.80,―,―,―,―,―
2026-03-29 00:27:24,6555,―,―,―,―,―,―,―,―,―,―
2026-03-29 00:27:24,6560,60.30,―,―,―,―,―,―,―,―,―
2026-03-29 00:27:24,6565,56.00,―,―,―,―,―,―,―,―,―
2026-03-29 00:27:24,6570,56.50,―,―,―,―,―,―,―,―,―
2026-03-29 00:27:24,6575,49.20,―,―,―,213.00,―,―,―,―,―
2026-03-29 00:27:39,6375,136.00,―,―,―,137.30,―,―,―,―,―
2026-03-29 00:27:39,6380,140.70,―,―,―,124.70,―,―,―,―,―
2026-03-29 00:27:39,6385,136.70,―,―,―,116.50,―,―,―,―,―
2026-03-29 00:27:39,6390,127.90,―,―,―,151.60,―,―,―,―,―
2026-03-29 00:27:39,6395,138.00,―,―,―,152.90,―,―,―,―,―
2026-03-29 00:27:39,6400,119.10,―,―,―,145.60,―,―,―,―,―
2026-03-29 00:27:39,6405,―,―,―,―,156.00,―,―,―,―,―
2026-03-29 00:27:39,6410,118.70,―,―,―,158.00,―,―,―,―,―
2026-03-29 00:27:39,6415,125.80,―,―,―,152.80,―,―,―,―,―
2026-03-29 00:27:39,6420,113.60,―,―,―,153.30,―,―,―,―,―
2026-03-29 00:27:39,6425,128.90,―,―,―,154.50,―,―,―,―,―
2026-03-29 00:27:39,6430,108.60,―,―,―,167.70,―,―,―,―,―
2026-03-29 00:27:39,6435,113.90,―,―,―,140.40,―,―,―,―,―
2026-03-29 00:27:39,6440,108.00,―,―,―,175.20,―,―,―,―,―
2026-03-29 00:27:39,6445,127.80,―,―,―,140.60,―,―,―,―,―
2026-03-29 00:27:39,6450,95.20,―,―,―,171.30,―,―,―,―,―
2026-03-29 00:27:39,6455,114.00,―,―,―,―,―,―,―,―,―
2026-03-29 00:27:39,6460,98.20,―,―,―,134.90,―,―,―,―,―
2026-03-29 00:27:39,6465,93.00,―,―,―,―,―,―,―,―,―
2026-03-29 00:27:39,6470,116.10,―,―,―,150.00,―,―,―,―,―
2026-03-29 00:27:39,6475,92.90,―,―,―,176.10,―,―,―,―,―
2026-03-29 00:27:39,6480,86.50,―,―,―,177.00,―,―,―,―,―
2026-03-29 00:27:39,6485,91.30,―,―,―,125.10,―,―,―,―,―
2026-03-29 00:27:39,6490,84.50,―,―,―,192.00,―,―,―,―,―
2026-03-29 00:27:39,6495,80.00,―,―,―,187.80,―,―,―,―,―
2026-03-29 00:27:39,6500,75.00,―,―,―,210.00,―,―,―,―,―
2026-03-29 00:27:39,6505,―,―,―,―,158.40,―,―,―,―,―
2026-03-29 00:27:39,6510,―,―,―,―,171.10,―,―,―,―,―
2026-03-29 00:27:39,6515,78.50,―,―,―,―,―,―,―,―,―
2026-03-29 00:27:39,6520,―,―,―,―,181.80,―,―,―,―,―
2026-03-29 00:27:39,6525,82.50,―,―,―,175.50,―,―,―,―,―
2026-03-29 00:27:39,6530,71.50,―,―,―,207.60,―,―,―,―,―
2026-03-29 00:27:39,6535,72.70,―,―,―,―,―,―,―,―,―
2026-03-29 00:27:39,6540,70.70,―,―,―,―,―,―,―,―,―
2026-03-29 00:27:39,6545,―,―,―,―,230.00,―,―,―,―,―
2026-03-29 00:27:39,6550,63.70,―,―,―,199.80,―,―,―,―,―
2026-03-29 00:27:39,6555,―,―,―,―,―,―,―,―,―,―
2026-03-29 00:27:39,6560,60.30,―,―,―,―,―,―,―,―,―
2026-03-29 00:27:39,6565,56.00,―,―,―,―,―,―,―,―,―
2026-03-29 00:27:39,6570,56.50,―,―,―,―,―,―,―,―,―
2026-03-29 00:27:39,6575,49.20,―,―,―,213.00,―,―,―,―,―
2026-03-29 00:27:54,6375,136.00,―,―,―,137.30,―,―,―,―,―
2026-03-29 00:27:54,6380,140.70,―,―,―,124.70,―,―,―,―,―
2026-03-29 00:27:54,6385,136.70,―,―,―,116.50,―,―,―,―,―
2026-03-29 00:27:54,6390,127.90,―,―,―,151.60,―,―,―,―,―
2026-03-29 00:27:54,6395,138.00,―,―,―,152.90,―,―,―,―,―
2026-03-29 00:27:54,6400,119.10,―,―,―,145.60,―,―,―,―,―
2026-03-29 00:27:54,6405,―,―,―,―,156.00,―,―,―,―,―
2026-03-29 00:27:54,6410,118.70,―,―,―,158.00,―,―,―,―,―
2026-03-29 00:27:54,6415,125.80,―,―,―,152.80,―,―,―,―,―
2026-03-29 00:27:54,6420,113.60,―,―,―,153.30,―,―,―,―,―
2026-03-29 00:27:54,6425,128.90,―,―,―,154.50,―,―,―,―,―
2026-03-29 00:27:54,6430,108.60,―,―,―,167.70,―,―,―,―,―
2026-03-29 00:27:54,6435,113.90,―,―,―,140.40,―,―,―,―,―
2026-03-29 00:27:54,6440,108.00,―,―,―,175.20,―,―,―,―,―
2026-03-29 00:27:54,6445,127.80,―,―,―,140.60,―,―,―,―,―
2026-03-29 00:27:54,6450,95.20,―,―,―,171.30,―,―,―,―,―
2026-03-29 00:27:54,6455,114.00,―,―,―,―,―,―,―,―,―
2026-03-29 00:27:54,6460,98.20,―,―,―,134.90,―,―,―,―,―
2026-03-29 00:27:54,6465,93.00,―,―,―,―,―,―,―,―,―
2026-03-29 00:27:54,6470,116.10,―,―,―,150.00,―,―,―,―,―
2026-03-29 00:27:54,6475,92.90,―,―,―,176.10,―,―,―,―,―
2026-03-29 00:27:54,6480,86.50,―,―,―,177.00,―,―,―,―,―
2026-03-29 00:27:54,6485,91.30,―,―,―,125.10,―,―,―,―,―
2026-03-29 00:27:54,6490,84.50,―,―,―,192.00,―,―,―,―,―
2026-03-29 00:27:54,6495,80.00,―,―,―,187.80,―,―,―,―,―
2026-03-29 00:27:54,6500,75.00,―,―,―,210.00,―,―,―,―,―
2026-03-29 00:27:54,6505,―,―,―,―,158.40,―,―,―,―,―
2026-03-29 00:27:54,6510,―,―,―,―,171.10,―,―,―,―,―
2026-03-29 00:27:54,6515,78.50,―,―,―,―,―,―,―,―,―
2026-03-29 00:27:54,6520,―,―,―,―,181.80,―,―,―,―,―
2026-03-29 00:27:54,6525,82.50,―,―,―,175.50,―,―,―,―,―
2026-03-29 00:27:54,6530,71.50,―,―,―,207.60,―,―,―,―,―
2026-03-29 00:27:54,6535,72.70,―,―,―,―,―,―,―,―,―
2026-03-29 00:27:54,6540,70.70,―,―,―,―,―,―,―,―,―
2026-03-29 00:27:54,6545,―,―,―,―,230.00,―,―,―,―,―
2026-03-29 00:27:54,6550,63.70,―,―,―,199.80,―,―,―,―,―
2026-03-29 00:27:54,6555,―,―,―,―,―,―,―,―,―,―
2026-03-29 00:27:54,6560,60.30,―,―,―,―,―,―,―,―,―
2026-03-29 00:27:54,6565,56.00,―,―,―,―,―,―,―,―,―
2026-03-29 00:27:54,6570,56.50,―,―,―,―,―,―,―,―,―
2026-03-29 00:27:54,6575,49.20,―,―,―,213.00,―,―,―,―,―
2026-03-29 00:28:09,6375,136.00,―,―,―,137.30,―,―,―,―,―
2026-03-29 00:28:09,6380,140.70,―,―,―,124.70,―,―,―,―,―
2026-03-29 00:28:09,6385,136.70,―,―,―,116.50,―,―,―,―,―
2026-03-29 00:28:09,6390,127.90,―,―,―,151.60,―,―,―,―,―
2026-03-29 00:28:09,6395,138.00,―,―,―,152.90,―,―,―,―,―
2026-03-29 00:28:09,6400,119.10,―,―,―,145.60,―,―,―,―,―
2026-03-29 00:28:09,6405,―,―,―,―,156.00,―,―,―,―,―
2026-03-29 00:28:09,6410,118.70,―,―,―,158.00,―,―,―,―,―
2026-03-29 00:28:09,6415,125.80,―,―,―,152.80,―,―,―,―,―
2026-03-29 00:28:09,6420,113.60,―,―,―,153.30,―,―,―,―,―
2026-03-29 00:28:09,6425,128.90,―,―,―,154.50,―,―,―,―,―
2026-03-29 00:28:09,6430,108.60,―,―,―,167.70,―,―,―,―,―
2026-03-29 00:28:09,6435,113.90,―,―,―,140.40,―,―,―,―,―
2026-03-29 00:28:09,6440,108.00,―,―,―,175.20,―,―,―,―,―
2026-03-29 00:28:09,6445,127.80,―,―,―,140.60,―,―,―,―,―
2026-03-29 00:28:09,6450,95.20,―,―,―,171.30,―,―,―,―,―
2026-03-29 00:28:09,6455,114.00,―,―,―,―,―,―,―,―,―
2026-03-29 00:28:09,6460,98.20,―,―,―,134.90,―,―,―,―,―
2026-03-29 00:28:09,6465,93.00,―,―,―,―,―,―,―,―,―
2026-03-29 00:28:09,6470,116.10,―,―,―,150.00,―,―,―,―,―
2026-03-29 00:28:09,6475,92.90,―,―,―,176.10,―,―,―,―,―
2026-03-29 00:28:09,6480,86.50,―,―,―,177.00,―,―,―,―,―
2026-03-29 00:28:09,6485,91.30,―,―,―,125.10,―,―,―,―,―
2026-03-29 00:28:09,6490,84.50,―,―,―,192.00,―,―,―,―,―
2026-03-29 00:28:09,6495,80.00,―,―,―,187.80,―,―,―,―,―
2026-03-29 00:28:09,6500,75.00,―,―,―,210.00,―,―,―,―,―
2026-03-29 00:28:09,6505,―,―,―,―,158.40,―,―,―,―,―
2026-03-29 00:28:09,6510,―,―,―,―,171.10,―,―,―,―,―
2026-03-29 00:28:09,6515,78.50,―,―,―,―,―,―,―,―,―
2026-03-29 00:28:09,6520,―,―,―,―,181.80,―,―,―,―,―
2026-03-29 00:28:09,6525,82.50,―,―,―,175.50,―,―,―,―,―
2026-03-29 00:28:09,6530,71.50,―,―,―,207.60,―,―,―,―,―
2026-03-29 00:28:09,6535,72.70,―,―,―,―,―,―,―,―,―
2026-03-29 00:28:09,6540,70.70,―,―,―,―,―,―,―,―,―
2026-03-29 00:28:09,6545,―,―,―,―,230.00,―,―,―,―,―
2026-03-29 00:28:09,6550,63.70,―,―,―,199.80,―,―,―,―,―
2026-03-29 00:28:09,6555,―,―,―,―,―,―,―,―,―,―
2026-03-29 00:28:09,6560,60.30,―,―,―,―,―,―,―,―,―
2026-03-29 00:28:09,6565,56.00,―,―,―,―,―,―,―,―,―
2026-03-29 00:28:09,6570,56.50,―,―,―,―,―,―,―,―,―
2026-03-29 00:28:09,6575,49.20,―,―,―,213.00,―,―,―,―,―
2026-03-29 00:28:24,6375,136.00,―,―,―,137.30,―,―,―,―,―
2026-03-29 00:28:24,6380,140.70,―,―,―,124.70,―,―,―,―,―
2026-03-29 00:28:24,6385,136.70,―,―,―,116.50,―,―,―,―,―
2026-03-29 00:28:24,6390,127.90,―,―,―,151.60,―,―,―,―,―
2026-03-29 00:28:24,6395,138.00,―,―,―,152.90,―,―,―,―,―
2026-03-29 00:28:24,6400,119.10,―,―,―,145.60,―,―,―,―,―
2026-03-29 00:28:24,6405,―,―,―,―,156.00,―,―,―,―,―
2026-03-29 00:28:24,6410,118.70,―,―,―,158.00,―,―,―,―,―
2026-03-29 00:28:24,6415,125.80,―,―,―,152.80,―,―,―,―,―
2026-03-29 00:28:24,6420,113.60,―,―,―,153.30,―,―,―,―,―
2026-03-29 00:28:24,6425,128.90,―,―,―,154.50,―,―,―,―,―
2026-03-29 00:28:24,6430,108.60,―,―,―,167.70,―,―,―,―,―
2026-03-29 00:28:24,6435,113.90,―,―,―,140.40,―,―,―,―,―
2026-03-29 00:28:24,6440,108.00,―,―,―,175.20,―,―,―,―,―
2026-03-29 00:28:24,6445,127.80,―,―,―,140.60,―,―,―,―,―
2026-03-29 00:28:24,6450,95.20,―,―,―,171.30,―,―,―,―,―
2026-03-29 00:28:24,6455,114.00,―,―,―,―,―,―,―,―,―
2026-03-29 00:28:24,6460,98.20,―,―,―,134.90,―,―,―,―,―
2026-03-29 00:28:24,6465,93.00,―,―,―,―,―,―,―,―,―
2026-03-29 00:28:24,6470,116.10,―,―,―,150.00,―,―,―,―,―
2026-03-29 00:28:24,6475,92.90,―,―,―,176.10,―,―,―,―,―
2026-03-29 00:28:24,6480,86.50,―,―,―,177.00,―,―,―,―,―
2026-03-29 00:28:24,6485,91.30,―,―,―,125.10,―,―,―,―,―
2026-03-29 00:28:24,6490,84.50,―,―,―,192.00,―,―,―,―,―
2026-03-29 00:28:24,6495,80.00,―,―,―,187.80,―,―,―,―,―
2026-03-29 00:28:24,6500,75.00,―,―,―,210.00,―,―,―,―,―
2026-03-29 00:28:24,6505,―,―,―,―,158.40,―,―,―,―,―
2026-03-29 00:28:24,6510,―,―,―,―,171.10,―,―,―,―,―
2026-03-29 00:28:24,6515,78.50,―,―,―,―,―,―,―,―,―
2026-03-29 00:28:24,6520,―,―,―,―,181.80,―,―,―,―,―
2026-03-29 00:28:24,6525,82.50,―,―,―,175.50,―,―,―,―,―
2026-03-29 00:28:24,6530,71.50,―,―,―,207.60,―,―,―,―,―
2026-03-29 00:28:24,6535,72.70,―,―,―,―,―,―,―,―,―
2026-03-29 00:28:24,6540,70.70,―,―,―,―,―,―,―,―,―
2026-03-29 00:28:24,6545,―,―,―,―,230.00,―,―,―,―,―
2026-03-29 00:28:24,6550,63.70,―,―,―,199.80,―,―,―,―,―
2026-03-29 00:28:24,6555,―,―,―,―,―,―,―,―,―,―
2026-03-29 00:28:24,6560,60.30,―,―,―,―,―,―,―,―,―
2026-03-29 00:28:24,6565,56.00,―,―,―,―,―,―,―,―,―
2026-03-29 00:28:24,6570,56.50,―,―,―,―,―,―,―,―,―
2026-03-29 00:28:24,6575,49.20,―,―,―,213.00,―,―,―,―,―
2026-03-29 00:28:39,6375,136.00,―,―,―,137.30,―,―,―,―,―
2026-03-29 00:28:39,6380,140.70,―,―,―,124.70,―,―,―,―,―
2026-03-29 00:28:39,6385,136.70,―,―,―,116.50,―,―,―,―,―
2026-03-29 00:28:39,6390,127.90,―,―,―,151.60,―,―,―,―,―
2026-03-29 00:28:39,6395,138.00,―,―,―,152.90,―,―,―,―,―
2026-03-29 00:28:39,6400,119.10,―,―,―,145.60,―,―,―,―,―
2026-03-29 00:28:39,6405,―,―,―,―,156.00,―,―,―,―,―
2026-03-29 00:28:39,6410,118.70,―,―,―,158.00,―,―,―,―,―
2026-03-29 00:28:39,6415,125.80,―,―,―,152.80,―,―,―,―,―
2026-03-29 00:28:39,6420,113.60,―,―,―,153.30,―,―,―,―,―
2026-03-29 00:28:39,6425,128.90,―,―,―,154.50,―,―,―,―,―
2026-03-29 00:28:39,6430,108.60,―,―,―,167.70,―,―,―,―,―
2026-03-29 00:28:39,6435,113.90,―,―,―,140.40,―,―,―,―,―
2026-03-29 00:28:39,6440,108.00,―,―,―,175.20,―,―,―,―,―
2026-03-29 00:28:39,6445,127.80,―,―,―,140.60,―,―,―,―,―
2026-03-29 00:28:39,6450,95.20,―,―,―,171.30,―,―,―,―,―
2026-03-29 00:28:39,6455,114.00,―,―,―,―,―,―,―,―,―
2026-03-29 00:28:39,6460,98.20,―,―,―,134.90,―,―,―,―,―
2026-03-29 00:28:39,6465,93.00,―,―,―,―,―,―,―,―,―
2026-03-29 00:28:39,6470,116.10,―,―,―,150.00,―,―,―,―,―
2026-03-29 00:28:39,6475,92.90,―,―,―,176.10,―,―,―,―,―
2026-03-29 00:28:39,6480,86.50,―,―,―,177.00,―,―,―,―,―
2026-03-29 00:28:39,6485,91.30,―,―,―,125.10,―,―,―,―,―
2026-03-29 00:28:39,6490,84.50,―,―,―,192.00,―,―,―,―,―
2026-03-29 00:28:39,6495,80.00,―,―,―,187.80,―,―,―,―,―
2026-03-29 00:28:39,6500,75.00,―,―,―,210.00,―,―,―,―,―
2026-03-29 00:28:39,6505,―,―,―,―,158.40,―,―,―,―,―
2026-03-29 00:28:39,6510,―,―,―,―,171.10,―,―,―,―,―
2026-03-29 00:28:39,6515,78.50,―,―,―,―,―,―,―,―,―
2026-03-29 00:28:39,6520,―,―,―,―,181.80,―,―,―,―,―
2026-03-29 00:28:39,6525,82.50,―,―,―,175.50,―,―,―,―,―
2026-03-29 00:28:39,6530,71.50,―,―,―,207.60,―,―,―,―,―
2026-03-29 00:28:39,6535,72.70,―,―,―,―,―,―,―,―,―
2026-03-29 00:28:39,6540,70.70,―,―,―,―,―,―,―,―,―
2026-03-29 00:28:39,6545,―,―,―,―,230.00,―,―,―,―,―
2026-03-29 00:28:39,6550,63.70,―,―,―,199.80,―,―,―,―,―
2026-03-29 00:28:39,6555,―,―,―,―,―,―,―,―,―,―
2026-03-29 00:28:39,6560,60.30,―,―,―,―,―,―,―,―,―
2026-03-29 00:28:39,6565,56.00,―,―,―,―,―,―,―,―,―
2026-03-29 00:28:39,6570,56.50,―,―,―,―,―,―,―,―,―
2026-03-29 00:28:39,6575,49.20,―,―,―,213.00,―,―,―,―,―
2026-03-29 00:28:54,6375,136.00,―,―,―,137.30,―,―,―,―,―
2026-03-29 00:28:54,6380,140.70,―,―,―,124.70,―,―,―,―,―
2026-03-29 00:28:54,6385,136.70,―,―,―,116.50,―,―,―,―,―
2026-03-29 00:28:54,6390,127.90,―,―,―,151.60,―,―,―,―,―
2026-03-29 00:28:54,6395,138.00,―,―,―,152.90,―,―,―,―,―
2026-03-29 00:28:54,6400,119.10,―,―,―,145.60,―,―,―,―,―
2026-03-29 00:28:54,6405,―,―,―,―,156.00,―,―,―,―,―
2026-03-29 00:28:54,6410,118.70,―,―,―,158.00,―,―,―,―,―
2026-03-29 00:28:54,6415,125.80,―,―,―,152.80,―,―,―,―,―
2026-03-29 00:28:54,6420,113.60,―,―,―,153.30,―,―,―,―,―
2026-03-29 00:28:54,6425,128.90,―,―,―,154.50,―,―,―,―,―
2026-03-29 00:28:54,6430,108.60,―,―,―,167.70,―,―,―,―,―
2026-03-29 00:28:54,6435,113.90,―,―,―,140.40,―,―,―,―,―
2026-03-29 00:28:54,6440,108.00,―,―,―,175.20,―,―,―,―,―
2026-03-29 00:28:54,6445,127.80,―,―,―,140.60,―,―,―,―,―
2026-03-29 00:28:54,6450,95.20,―,―,―,171.30,―,―,―,―,―
2026-03-29 00:28:54,6455,114.00,―,―,―,―,―,―,―,―,―
2026-03-29 00:28:54,6460,98.20,―,―,―,134.90,―,―,―,―,―
2026-03-29 00:28:54,6465,93.00,―,―,―,―,―,―,―,―,―
2026-03-29 00:28:54,6470,116.10,―,―,―,150.00,―,―,―,―,―
2026-03-29 00:28:54,6475,92.90,―,―,―,176.10,―,―,―,―,―
2026-03-29 00:28:54,6480,86.50,―,―,―,177.00,―,―,―,―,―
2026-03-29 00:28:54,6485,91.30,―,―,―,125.10,―,―,―,―,―
2026-03-29 00:28:54,6490,84.50,―,―,―,192.00,―,―,―,―,―
2026-03-29 00:28:54,6495,80.00,―,―,―,187.80,―,―,―,―,―
2026-03-29 00:28:54,6500,75.00,―,―,―,210.00,―,―,―,―,―
2026-03-29 00:28:54,6505,―,―,―,―,158.40,―,―,―,―,―
2026-03-29 00:28:54,6510,―,―,―,―,171.10,―,―,―,―,―
2026-03-29 00:28:54,6515,78.50,―,―,―,―,―,―,―,―,―
2026-03-29 00:28:54,6520,―,―,―,―,181.80,―,―,―,―,―
2026-03-29 00:28:54,6525,82.50,―,―,―,175.50,―,―,―,―,―
2026-03-29 00:28:54,6530,71.50,―,―,―,207.60,―,―,―,―,―
2026-03-29 00:28:54,6535,72.70,―,―,―,―,―,―,―,―,―
2026-03-29 00:28:54,6540,70.70,―,―,―,―,―,―,―,―,―
2026-03-29 00:28:54,6545,―,―,―,―,230.00,―,―,―,―,―
2026-03-29 00:28:54,6550,63.70,―,―,―,199.80,―,―,―,―,―
2026-03-29 00:28:54,6555,―,―,―,―,―,―,―,―,―,―
2026-03-29 00:28:54,6560,60.30,―,―,―,―,―,―,―,―,―
2026-03-29 00:28:54,6565,56.00,―,―,―,―,―,―,―,―,―
2026-03-29 00:28:54,6570,56.50,―,―,―,―,―,―,―,―,―
2026-03-29 00:28:54,6575,49.20,―,―,―,213.00,―,―,―,―,―
2026-03-29 00:29:09,6375,136.00,―,―,―,137.30,―,―,―,―,―
2026-03-29 00:29:09,6380,140.70,―,―,―,124.70,―,―,―,―,―
2026-03-29 00:29:09,6385,136.70,―,―,―,116.50,―,―,―,―,―
2026-03-29 00:29:09,6390,127.90,―,―,―,151.60,―,―,―,―,―
2026-03-29 00:29:09,6395,138.00,―,―,―,152.90,―,―,―,―,―
2026-03-29 00:29:09,6400,119.10,―,―,―,145.60,―,―,―,―,―
2026-03-29 00:29:09,6405,―,―,―,―,156.00,―,―,―,―,―
2026-03-29 00:29:09,6410,118.70,―,―,―,158.00,―,―,―,―,―
2026-03-29 00:29:09,6415,125.80,―,―,―,152.80,―,―,―,―,―
2026-03-29 00:29:09,6420,113.60,―,―,―,153.30,―,―,―,―,―
2026-03-29 00:29:09,6425,128.90,―,―,―,154.50,―,―,―,―,―
2026-03-29 00:29:09,6430,108.60,―,―,―,167.70,―,―,―,―,―
2026-03-29 00:29:09,6435,113.90,―,―,―,140.40,―,―,―,―,―
2026-03-29 00:29:09,6440,108.00,―,―,―,175.20,―,―,―,―,―
2026-03-29 00:29:09,6445,127.80,―,―,―,140.60,―,―,―,―,―
2026-03-29 00:29:09,6450,95.20,―,―,―,171.30,―,―,―,―,―
2026-03-29 00:29:09,6455,114.00,―,―,―,―,―,―,―,―,―
2026-03-29 00:29:09,6460,98.20,―,―,―,134.90,―,―,―,―,―
2026-03-29 00:29:09,6465,93.00,―,―,―,―,―,―,―,―,―
2026-03-29 00:29:09,6470,116.10,―,―,―,150.00,―,―,―,―,―
2026-03-29 00:29:09,6475,92.90,―,―,―,176.10,―,―,―,―,―
2026-03-29 00:29:09,6480,86.50,―,―,―,177.00,―,―,―,―,―
2026-03-29 00:29:09,6485,91.30,―,―,―,125.10,―,―,―,―,―
2026-03-29 00:29:09,6490,84.50,―,―,―,192.00,―,―,―,―,―
2026-03-29 00:29:09,6495,80.00,―,―,―,187.80,―,―,―,―,―
2026-03-29 00:29:09,6500,75.00,―,―,―,210.00,―,―,―,―,―
2026-03-29 00:29:09,6505,―,―,―,―,158.40,―,―,―,―,―
2026-03-29 00:29:09,6510,―,―,―,―,171.10,―,―,―,―,―
2026-03-29 00:29:09,6515,78.50,―,―,―,―,―,―,―,―,―
2026-03-29 00:29:09,6520,―,―,―,―,181.80,―,―,―,―,―
2026-03-29 00:29:09,6525,82.50,―,―,―,175.50,―,―,―,―,―
2026-03-29 00:29:09,6530,71.50,―,―,―,207.60,―,―,―,―,―
2026-03-29 00:29:09,6535,72.70,―,―,―,―,―,―,―,―,―
2026-03-29 00:29:09,6540,70.70,―,―,―,―,―,―,―,―,―
2026-03-29 00:29:09,6545,―,―,―,―,230.00,―,―,―,―,―
2026-03-29 00:29:09,6550,63.70,―,―,―,199.80,―,―,―,―,―
2026-03-29 00:29:09,6555,―,―,―,―,―,―,―,―,―,―
2026-03-29 00:29:09,6560,60.30,―,―,―,―,―,―,―,―,―
2026-03-29 00:29:09,6565,56.00,―,―,―,―,―,―,―,―,―
2026-03-29 00:29:09,6570,56.50,―,―,―,―,―,―,―,―,―
2026-03-29 00:29:09,6575,49.20,―,―,―,213.00,―,―,―,―,―
2026-03-29 00:29:24,6375,136.00,―,―,―,137.30,―,―,―,―,―
2026-03-29 00:29:24,6380,140.70,―,―,―,124.70,―,―,―,―,―
2026-03-29 00:29:24,6385,136.70,―,―,―,116.50,―,―,―,―,―
2026-03-29 00:29:24,6390,127.90,―,―,―,151.60,―,―,―,―,―
2026-03-29 00:29:24,6395,138.00,―,―,―,152.90,―,―,―,―,―
2026-03-29 00:29:24,6400,119.10,―,―,―,145.60,―,―,―,―,―
2026-03-29 00:29:24,6405,―,―,―,―,156.00,―,―,―,―,―
2026-03-29 00:29:24,6410,118.70,―,―,―,158.00,―,―,―,―,―
2026-03-29 00:29:24,6415,125.80,―,―,―,152.80,―,―,―,―,―
2026-03-29 00:29:24,6420,113.60,―,―,―,153.30,―,―,―,―,―
2026-03-29 00:29:24,6425,128.90,―,―,―,154.50,―,―,―,―,―
2026-03-29 00:29:24,6430,108.60,―,―,―,167.70,―,―,―,―,―
2026-03-29 00:29:24,6435,113.90,―,―,―,140.40,―,―,―,―,―
2026-03-29 00:29:24,6440,108.00,―,―,―,175.20,―,―,―,―,―
2026-03-29 00:29:24,6445,127.80,―,―,―,140.60,―,―,―,―,―
2026-03-29 00:29:24,6450,95.20,―,―,―,171.30,―,―,―,―,―
2026-03-29 00:29:24,6455,114.00,―,―,―,―,―,―,―,―,―
2026-03-29 00:29:24,6460,98.20,―,―,―,134.90,―,―,―,―,―
2026-03-29 00:29:24,6465,93.00,―,―,―,―,―,―,―,―,―
2026-03-29 00:29:24,6470,116.10,―,―,―,150.00,―,―,―,―,―
2026-03-29 00:29:24,6475,92.90,―,―,―,176.10,―,―,―,―,―
2026-03-29 00:29:24,6480,86.50,―,―,―,177.00,―,―,―,―,―
2026-03-29 00:29:24,6485,91.30,―,―,―,125.10,―,―,―,―,―
2026-03-29 00:29:24,6490,84.50,―,―,―,192.00,―,―,―,―,―
2026-03-29 00:29:24,6495,80.00,―,―,―,187.80,―,―,―,―,―
2026-03-29 00:29:24,6500,75.00,―,―,―,210.00,―,―,―,―,―
2026-03-29 00:29:24,6505,―,―,―,―,158.40,―,―,―,―,―
2026-03-29 00:29:24,6510,―,―,―,―,171.10,―,―,―,―,―
2026-03-29 00:29:24,6515,78.50,―,―,―,―,―,―,―,―,―
2026-03-29 00:29:24,6520,―,―,―,―,181.80,―,―,―,―,―
2026-03-29 00:29:24,6525,82.50,―,―,―,175.50,―,―,―,―,―
2026-03-29 00:29:24,6530,71.50,―,―,―,207.60,―,―,―,―,―
2026-03-29 00:29:24,6535,72.70,―,―,―,―,―,―,―,―,―
2026-03-29 00:29:24,6540,70.70,―,―,―,―,―,―,―,―,―
2026-03-29 00:29:24,6545,―,―,―,―,230.00,―,―,―,―,―
2026-03-29 00:29:24,6550,63.70,―,―,―,199.80,―,―,―,―,―
2026-03-29 00:29:24,6555,―,―,―,―,―,―,―,―,―,―
2026-03-29 00:29:24,6560,60.30,―,―,―,―,―,―,―,―,―
2026-03-29 00:29:24,6565,56.00,―,―,―,―,―,―,―,―,―
2026-03-29 00:29:24,6570,56.50,―,―,―,―,―,―,―,―,―
2026-03-29 00:29:24,6575,49.20,―,―,―,213.00,―,―,―,―,―
2026-03-29 00:29:39,6375,136.00,―,―,―,137.30,―,―,―,―,―
2026-03-29 00:29:39,6380,140.70,―,―,―,124.70,―,―,―,―,―
2026-03-29 00:29:39,6385,136.70,―,―,―,116.50,―,―,―,―,―
2026-03-29 00:29:39,6390,127.90,―,―,―,151.60,―,―,―,―,―
2026-03-29 00:29:39,6395,138.00,―,―,―,152.90,―,―,―,―,―
2026-03-29 00:29:39,6400,119.10,―,―,―,145.60,―,―,―,―,―
2026-03-29 00:29:39,6405,―,―,―,―,156.00,―,―,―,―,―
2026-03-29 00:29:39,6410,118.70,―,―,―,158.00,―,―,―,―,―
2026-03-29 00:29:39,6415,125.80,―,―,―,152.80,―,―,―,―,―
2026-03-29 00:29:39,6420,113.60,―,―,―,153.30,―,―,―,―,―
2026-03-29 00:29:39,6425,128.90,―,―,―,154.50,―,―,―,―,―
2026-03-29 00:29:39,6430,108.60,―,―,―,167.70,―,―,―,―,―
2026-03-29 00:29:39,6435,113.90,―,―,―,140.40,―,―,―,―,―
2026-03-29 00:29:39,6440,108.00,―,―,―,175.20,―,―,―,―,―
2026-03-29 00:29:39,6445,127.80,―,―,―,140.60,―,―,―,―,―
2026-03-29 00:29:39,6450,95.20,―,―,―,171.30,―,―,―,―,―
2026-03-29 00:29:39,6455,114.00,―,―,―,―,―,―,―,―,―
2026-03-29 00:29:39,6460,98.20,―,―,―,134.90,―,―,―,―,―
2026-03-29 00:29:39,6465,93.00,―,―,―,―,―,―,―,―,―
2026-03-29 00:29:39,6470,116.10,―,―,―,150.00,―,―,―,―,―
2026-03-29 00:29:39,6475,92.90,―,―,―,176.10,―,―,―,―,―
2026-03-29 00:29:39,6480,86.50,―,―,―,177.00,―,―,―,―,―
2026-03-29 00:29:39,6485,91.30,―,―,―,125.10,―,―,―,―,―
2026-03-29 00:29:39,6490,84.50,―,―,―,192.00,―,―,―,―,―
2026-03-29 00:29:39,6495,80.00,―,―,―,187.80,―,―,―,―,―
2026-03-29 00:29:39,6500,75.00,―,―,―,210.00,―,―,―,―,―
2026-03-29 00:29:39,6505,―,―,―,―,158.40,―,―,―,―,―
2026-03-29 00:29:39,6510,―,―,―,―,171.10,―,―,―,―,―
2026-03-29 00:29:39,6515,78.50,―,―,―,―,―,―,―,―,―
2026-03-29 00:29:39,6520,―,―,―,―,181.80,―,―,―,―,―
2026-03-29 00:29:39,6525,82.50,―,―,―,175.50,―,―,―,―,―
2026-03-29 00:29:39,6530,71.50,―,―,―,207.60,―,―,―,―,―
2026-03-29 00:29:39,6535,72.70,―,―,―,―,―,―,―,―,―
2026-03-29 00:29:39,6540,70.70,―,―,―,―,―,―,―,―,―
2026-03-29 00:29:39,6545,―,―,―,―,230.00,―,―,―,―,―
2026-03-29 00:29:39,6550,63.70,―,―,―,199.80,―,―,―,―,―
2026-03-29 00:29:39,6555,―,―,―,―,―,―,―,―,―,―
2026-03-29 00:29:39,6560,60.30,―,―,―,―,―,―,―,―,―
2026-03-29 00:29:39,6565,56.00,―,―,―,―,―,―,―,―,―
2026-03-29 00:29:39,6570,56.50,―,―,―,―,―,―,―,―,―
2026-03-29 00:29:39,6575,49.20,―,―,―,213.00,―,―,―,―,―
2026-03-29 00:29:54,6375,136.00,―,―,―,137.30,―,―,―,―,―
2026-03-29 00:29:54,6380,140.70,―,―,―,124.70,―,―,―,―,―
2026-03-29 00:29:54,6385,136.70,―,―,―,116.50,―,―,―,―,―
2026-03-29 00:29:54,6390,127.90,―,―,―,151.60,―,―,―,―,―
2026-03-29 00:29:54,6395,138.00,―,―,―,152.90,―,―,―,―,―
2026-03-29 00:29:54,6400,119.10,―,―,―,145.60,―,―,―,―,―
2026-03-29 00:29:54,6405,―,―,―,―,156.00,―,―,―,―,―
2026-03-29 00:29:54,6410,118.70,―,―,―,158.00,―,―,―,―,―
2026-03-29 00:29:54,6415,125.80,―,―,―,152.80,―,―,―,―,―
2026-03-29 00:29:54,6420,113.60,―,―,―,153.30,―,―,―,―,―
2026-03-29 00:29:54,6425,128.90,―,―,―,154.50,―,―,―,―,―
2026-03-29 00:29:54,6430,108.60,―,―,―,167.70,―,―,―,―,―
2026-03-29 00:29:54,6435,113.90,―,―,―,140.40,―,―,―,―,―
2026-03-29 00:29:54,6440,108.00,―,―,―,175.20,―,―,―,―,―
2026-03-29 00:29:54,6445,127.80,―,―,―,140.60,―,―,―,―,―
2026-03-29 00:29:54,6450,95.20,―,―,―,171.30,―,―,―,―,―
2026-03-29 00:29:54,6455,114.00,―,―,―,―,―,―,―,―,―
2026-03-29 00:29:54,6460,98.20,―,―,―,134.90,―,―,―,―,―
2026-03-29 00:29:54,6465,93.00,―,―,―,―,―,―,―,―,―
2026-03-29 00:29:54,6470,116.10,―,―,―,150.00,―,―,―,―,―
2026-03-29 00:29:54,6475,92.90,―,―,―,176.10,―,―,―,―,―
2026-03-29 00:29:54,6480,86.50,―,―,―,177.00,―,―,―,―,―
2026-03-29 00:29:54,6485,91.30,―,―,―,125.10,―,―,―,―,―
2026-03-29 00:29:54,6490,84.50,―,―,―,192.00,―,―,―,―,―
2026-03-29 00:29:54,6495,80.00,―,―,―,187.80,―,―,―,―,―
2026-03-29 00:29:54,6500,75.00,―,―,―,210.00,―,―,―,―,―
2026-03-29 00:29:54,6505,―,―,―,―,158.40,―,―,―,―,―
2026-03-29 00:29:54,6510,―,―,―,―,171.10,―,―,―,―,―
2026-03-29 00:29:54,6515,78.50,―,―,―,―,―,―,―,―,―
2026-03-29 00:29:54,6520,―,―,―,―,181.80,―,―,―,―,―
2026-03-29 00:29:54,6525,82.50,―,―,―,175.50,―,―,―,―,―
2026-03-29 00:29:54,6530,71.50,―,―,―,207.60,―,―,―,―,―
2026-03-29 00:29:54,6535,72.70,―,―,―,―,―,―,―,―,―
2026-03-29 00:29:54,6540,70.70,―,―,―,―,―,―,―,―,―
2026-03-29 00:29:54,6545,―,―,―,―,230.00,―,―,―,―,―
2026-03-29 00:29:54,6550,63.70,―,―,―,199.80,―,―,―,―,―
2026-03-29 00:29:54,6555,―,―,―,―,―,―,―,―,―,―
2026-03-29 00:29:54,6560,60.30,―,―,―,―,―,―,―,―,―
2026-03-29 00:29:54,6565,56.00,―,―,―,―,―,―,―,―,―
2026-03-29 00:29:54,6570,56.50,―,―,―,―,―,―,―,―,―
2026-03-29 00:29:54,6575,49.20,―,―,―,213.00,―,―,―,―,―
2026-03-29 00:30:09,6375,136.00,―,―,―,137.30,―,―,―,―,―
2026-03-29 00:30:09,6380,140.70,―,―,―,124.70,―,―,―,―,―
2026-03-29 00:30:09,6385,136.70,―,―,―,116.50,―,―,―,―,―
2026-03-29 00:30:09,6390,127.90,―,―,―,151.60,―,―,―,―,―
2026-03-29 00:30:09,6395,138.00,―,―,―,152.90,―,―,―,―,―
2026-03-29 00:30:09,6400,119.10,―,―,―,145.60,―,―,―,―,―
2026-03-29 00:30:09,6405,―,―,―,―,156.00,―,―,―,―,―
2026-03-29 00:30:09,6410,118.70,―,―,―,158.00,―,―,―,―,―
2026-03-29 00:30:09,6415,125.80,―,―,―,152.80,―,―,―,―,―
2026-03-29 00:30:09,6420,113.60,―,―,―,153.30,―,―,―,―,―
2026-03-29 00:30:09,6425,128.90,―,―,―,154.50,―,―,―,―,―
2026-03-29 00:30:09,6430,108.60,―,―,―,167.70,―,―,―,―,―
2026-03-29 00:30:09,6435,113.90,―,―,―,140.40,―,―,―,―,―
2026-03-29 00:30:09,6440,108.00,―,―,―,175.20,―,―,―,―,―
2026-03-29 00:30:09,6445,127.80,―,―,―,140.60,―,―,―,―,―
2026-03-29 00:30:09,6450,95.20,―,―,―,171.30,―,―,―,―,―
2026-03-29 00:30:09,6455,114.00,―,―,―,―,―,―,―,―,―
2026-03-29 00:30:09,6460,98.20,―,―,―,134.90,―,―,―,―,―
2026-03-29 00:30:09,6465,93.00,―,―,―,―,―,―,―,―,―
2026-03-29 00:30:09,6470,116.10,―,―,―,150.00,―,―,―,―,―
2026-03-29 00:30:09,6475,92.90,―,―,―,176.10,―,―,―,―,―
2026-03-29 00:30:09,6480,86.50,―,―,―,177.00,―,―,―,―,―
2026-03-29 00:30:09,6485,91.30,―,―,―,125.10,―,―,―,―,―
2026-03-29 00:30:09,6490,84.50,―,―,―,192.00,―,―,―,―,―
2026-03-29 00:30:09,6495,80.00,―,―,―,187.80,―,―,―,―,―
2026-03-29 00:30:09,6500,75.00,―,―,―,210.00,―,―,―,―,―
2026-03-29 00:30:09,6505,―,―,―,―,158.40,―,―,―,―,―
2026-03-29 00:30:09,6510,―,―,―,―,171.10,―,―,―,―,―
2026-03-29 00:30:09,6515,78.50,―,―,―,―,―,―,―,―,―
2026-03-29 00:30:09,6520,―,―,―,―,181.80,―,―,―,―,―
2026-03-29 00:30:09,6525,82.50,―,―,―,175.50,―,―,―,―,―
2026-03-29 00:30:09,6530,71.50,―,―,―,207.60,―,―,―,―,―
2026-03-29 00:30:09,6535,72.70,―,―,―,―,―,―,―,―,―
2026-03-29 00:30:09,6540,70.70,―,―,―,―,―,―,―,―,―
2026-03-29 00:30:09,6545,―,―,―,―,230.00,―,―,―,―,―
2026-03-29 00:30:09,6550,63.70,―,―,―,199.80,―,―,―,―,―
2026-03-29 00:30:09,6555,―,―,―,―,―,―,―,―,―,―
2026-03-29 00:30:09,6560,60.30,―,―,―,―,―,―,―,―,―
2026-03-29 00:30:09,6565,56.00,―,―,―,―,―,―,―,―,―
2026-03-29 00:30:09,6570,56.50,―,―,―,―,―,―,―,―,―
2026-03-29 00:30:09,6575,49.20,―,―,―,213.00,―,―,―,―,―
2026-03-29 00:30:24,6375,136.00,―,―,―,137.30,―,―,―,―,―
2026-03-29 00:30:24,6380,140.70,―,―,―,124.70,―,―,―,―,―
2026-03-29 00:30:24,6385,136.70,―,―,―,116.50,―,―,―,―,―
2026-03-29 00:30:24,6390,127.90,―,―,―,151.60,―,―,―,―,―
2026-03-29 00:30:24,6395,138.00,―,―,―,152.90,―,―,―,―,―
2026-03-29 00:30:24,6400,119.10,―,―,―,145.60,―,―,―,―,―
2026-03-29 00:30:24,6405,―,―,―,―,156.00,―,―,―,―,―
2026-03-29 00:30:24,6410,118.70,―,―,―,158.00,―,―,―,―,―
2026-03-29 00:30:24,6415,125.80,―,―,―,152.80,―,―,―,―,―
2026-03-29 00:30:24,6420,113.60,―,―,―,153.30,―,―,―,―,―
2026-03-29 00:30:24,6425,128.90,―,―,―,154.50,―,―,―,―,―
2026-03-29 00:30:24,6430,108.60,―,―,―,167.70,―,―,―,―,―
2026-03-29 00:30:24,6435,113.90,―,―,―,140.40,―,―,―,―,―
2026-03-29 00:30:24,6440,108.00,―,―,―,175.20,―,―,―,―,―
2026-03-29 00:30:24,6445,127.80,―,―,―,140.60,―,―,―,―,―
2026-03-29 00:30:24,6450,95.20,―,―,―,171.30,―,―,―,―,―
2026-03-29 00:30:24,6455,114.00,―,―,―,―,―,―,―,―,―
2026-03-29 00:30:24,6460,98.20,―,―,―,134.90,―,―,―,―,―
2026-03-29 00:30:24,6465,93.00,―,―,―,―,―,―,―,―,―
2026-03-29 00:30:24,6470,116.10,―,―,―,150.00,―,―,―,―,―
2026-03-29 00:30:24,6475,92.90,―,―,―,176.10,―,―,―,―,―
2026-03-29 00:30:24,6480,86.50,―,―,―,177.00,―,―,―,―,―
2026-03-29 00:30:24,6485,91.30,―,―,―,125.10,―,―,―,―,―
2026-03-29 00:30:24,6490,84.50,―,―,―,192.00,―,―,―,―,―
2026-03-29 00:30:24,6495,80.00,―,―,―,187.80,―,―,―,―,―
2026-03-29 00:30:24,6500,75.00,―,―,―,210.00,―,―,―,―,―
2026-03-29 00:30:24,6505,―,―,―,―,158.40,―,―,―,―,―
2026-03-29 00:30:24,6510,―,―,―,―,171.10,―,―,―,―,―
2026-03-29 00:30:24,6515,78.50,―,―,―,―,―,―,―,―,―
2026-03-29 00:30:24,6520,―,―,―,―,181.80,―,―,―,―,―
2026-03-29 00:30:24,6525,82.50,―,―,―,175.50,―,―,―,―,―
2026-03-29 00:30:24,6530,71.50,―,―,―,207.60,―,―,―,―,―
2026-03-29 00:30:24,6535,72.70,―,―,―,―,―,―,―,―,―
2026-03-29 00:30:24,6540,70.70,―,―,―,―,―,―,―,―,―
2026-03-29 00:30:24,6545,―,―,―,―,230.00,―,―,―,―,―
2026-03-29 00:30:24,6550,63.70,―,―,―,199.80,―,―,―,―,―
2026-03-29 00:30:24,6555,―,―,―,―,―,―,―,―,―,―
2026-03-29 00:30:24,6560,60.30,―,―,―,―,―,―,―,―,―
2026-03-29 00:30:24,6565,56.00,―,―,―,―,―,―,―,―,―
2026-03-29 00:30:24,6570,56.50,―,―,―,―,―,―,―,―,―
2026-03-29 00:30:24,6575,49.20,―,―,―,213.00,―,―,―,―,―
2026-03-29 00:30:39,6375,136.00,―,―,―,137.30,―,―,―,―,―
2026-03-29 00:30:39,6380,140.70,―,―,―,124.70,―,―,―,―,―
2026-03-29 00:30:39,6385,136.70,―,―,―,116.50,―,―,―,―,―
2026-03-29 00:30:39,6390,127.90,―,―,―,151.60,―,―,―,―,―
2026-03-29 00:30:39,6395,138.00,―,―,―,152.90,―,―,―,―,―
2026-03-29 00:30:39,6400,119.10,―,―,―,145.60,―,―,―,―,―
2026-03-29 00:30:39,6405,―,―,―,―,156.00,―,―,―,―,―
2026-03-29 00:30:39,6410,118.70,―,―,―,158.00,―,―,―,―,―
2026-03-29 00:30:39,6415,125.80,―,―,―,152.80,―,―,―,―,―
2026-03-29 00:30:39,6420,113.60,―,―,―,153.30,―,―,―,―,―
2026-03-29 00:30:39,6425,128.90,―,―,―,154.50,―,―,―,―,―
2026-03-29 00:30:39,6430,108.60,―,―,―,167.70,―,―,―,―,―
2026-03-29 00:30:39,6435,113.90,―,―,―,140.40,―,―,―,―,―
2026-03-29 00:30:39,6440,108.00,―,―,―,175.20,―,―,―,―,―
2026-03-29 00:30:39,6445,127.80,―,―,―,140.60,―,―,―,―,―
2026-03-29 00:30:39,6450,95.20,―,―,―,171.30,―,―,―,―,―
2026-03-29 00:30:39,6455,114.00,―,―,―,―,―,―,―,―,―
2026-03-29 00:30:39,6460,98.20,―,―,―,134.90,―,―,―,―,―
2026-03-29 00:30:39,6465,93.00,―,―,―,―,―,―,―,―,―
2026-03-29 00:30:39,6470,116.10,―,―,―,150.00,―,―,―,―,―
2026-03-29 00:30:39,6475,92.90,―,―,―,176.10,―,―,―,―,―
2026-03-29 00:30:39,6480,86.50,―,―,―,177.00,―,―,―,―,―
2026-03-29 00:30:39,6485,91.30,―,―,―,125.10,―,―,―,―,―
2026-03-29 00:30:39,6490,84.50,―,―,―,192.00,―,―,―,―,―
2026-03-29 00:30:39,6495,80.00,―,―,―,187.80,―,―,―,―,―
2026-03-29 00:30:39,6500,75.00,―,―,―,210.00,―,―,―,―,―
2026-03-29 00:30:39,6505,―,―,―,―,158.40,―,―,―,―,―
2026-03-29 00:30:39,6510,―,―,―,―,171.10,―,―,―,―,―
2026-03-29 00:30:39,6515,78.50,―,―,―,―,―,―,―,―,―
2026-03-29 00:30:39,6520,―,―,―,―,181.80,―,―,―,―,―
2026-03-29 00:30:39,6525,82.50,―,―,―,175.50,―,―,―,―,―
2026-03-29 00:30:39,6530,71.50,―,―,―,207.60,―,―,―,―,―
2026-03-29 00:30:39,6535,72.70,―,―,―,―,―,―,―,―,―
2026-03-29 00:30:39,6540,70.70,―,―,―,―,―,―,―,―,―
2026-03-29 00:30:39,6545,―,―,―,―,230.00,―,―,―,―,―
2026-03-29 00:30:39,6550,63.70,―,―,―,199.80,―,―,―,―,―
2026-03-29 00:30:39,6555,―,―,―,―,―,―,―,―,―,―
2026-03-29 00:30:39,6560,60.30,―,―,―,―,―,―,―,―,―
2026-03-29 00:30:39,6565,56.00,―,―,―,―,―,―,―,―,―
2026-03-29 00:30:39,6570,56.50,―,―,―,―,―,―,―,―,―
2026-03-29 00:30:39,6575,49.20,―,―,―,213.00,―,―,―,―,―
2026-03-29 00:30:54,6375,136.00,―,―,―,137.30,―,―,―,―,―
2026-03-29 00:30:54,6380,140.70,―,―,―,124.70,―,―,―,―,―
2026-03-29 00:30:54,6385,136.70,―,―,―,116.50,―,―,―,―,―
2026-03-29 00:30:54,6390,127.90,―,―,―,151.60,―,―,―,―,―
2026-03-29 00:30:54,6395,138.00,―,―,―,152.90,―,―,―,―,―
2026-03-29 00:30:54,6400,119.10,―,―,―,145.60,―,―,―,―,―
2026-03-29 00:30:54,6405,―,―,―,―,156.00,―,―,―,―,―
2026-03-29 00:30:54,6410,118.70,―,―,―,158.00,―,―,―,―,―
2026-03-29 00:30:54,6415,125.80,―,―,―,152.80,―,―,―,―,―
2026-03-29 00:30:54,6420,113.60,―,―,―,153.30,―,―,―,―,―
2026-03-29 00:30:54,6425,128.90,―,―,―,154.50,―,―,―,―,―
2026-03-29 00:30:54,6430,108.60,―,―,―,167.70,―,―,―,―,―
2026-03-29 00:30:54,6435,113.90,―,―,―,140.40,―,―,―,―,―
2026-03-29 00:30:54,6440,108.00,―,―,―,175.20,―,―,―,―,―
2026-03-29 00:30:54,6445,127.80,―,―,―,140.60,―,―,―,―,―
2026-03-29 00:30:54,6450,95.20,―,―,―,171.30,―,―,―,―,―
2026-03-29 00:30:54,6455,114.00,―,―,―,―,―,―,―,―,―
2026-03-29 00:30:54,6460,98.20,―,―,―,134.90,―,―,―,―,―
2026-03-29 00:30:54,6465,93.00,―,―,―,―,―,―,―,―,―
2026-03-29 00:30:54,6470,116.10,―,―,―,150.00,―,―,―,―,―
2026-03-29 00:30:54,6475,92.90,―,―,―,176.10,―,―,―,―,―
2026-03-29 00:30:54,6480,86.50,―,―,―,177.00,―,―,―,―,―
2026-03-29 00:30:54,6485,91.30,―,―,―,125.10,―,―,―,―,―
2026-03-29 00:30:54,6490,84.50,―,―,―,192.00,―,―,―,―,―
2026-03-29 00:30:54,6495,80.00,―,―,―,187.80,―,―,―,―,―
2026-03-29 00:30:54,6500,75.00,―,―,―,210.00,―,―,―,―,―
2026-03-29 00:30:54,6505,―,―,―,―,158.40,―,―,―,―,―
2026-03-29 00:30:54,6510,―,―,―,―,171.10,―,―,―,―,―
2026-03-29 00:30:54,6515,78.50,―,―,―,―,―,―,―,―,―
2026-03-29 00:30:54,6520,―,―,―,―,181.80,―,―,―,―,―
2026-03-29 00:30:54,6525,82.50,―,―,―,175.50,―,―,―,―,―
2026-03-29 00:30:54,6530,71.50,―,―,―,207.60,―,―,―,―,―
2026-03-29 00:30:54,6535,72.70,―,―,―,―,―,―,―,―,―
2026-03-29 00:30:54,6540,70.70,―,―,―,―,―,―,―,―,―
2026-03-29 00:30:54,6545,―,―,―,―,230.00,―,―,―,―,―
2026-03-29 00:30:54,6550,63.70,―,―,―,199.80,―,―,―,―,―
2026-03-29 00:30:54,6555,―,―,―,―,―,―,―,―,―,―
2026-03-29 00:30:54,6560,60.30,―,―,―,―,―,―,―,―,―
2026-03-29 00:30:54,6565,56.00,―,―,―,―,―,―,―,―,―
2026-03-29 00:30:54,6570,56.50,―,―,―,―,―,―,―,―,―
2026-03-29 00:30:54,6575,49.20,―,―,―,213.00,―,―,―,―,―
2026-03-29 00:31:09,6375,136.00,―,―,―,137.30,―,―,―,―,―
2026-03-29 00:31:09,6380,140.70,―,―,―,124.70,―,―,―,―,―
2026-03-29 00:31:09,6385,136.70,―,―,―,116.50,―,―,―,―,―
2026-03-29 00:31:09,6390,127.90,―,―,―,151.60,―,―,―,―,―
2026-03-29 00:31:09,6395,138.00,―,―,―,152.90,―,―,―,―,―
2026-03-29 00:31:09,6400,119.10,―,―,―,145.60,―,―,―,―,―
2026-03-29 00:31:09,6405,―,―,―,―,156.00,―,―,―,―,―
2026-03-29 00:31:09,6410,118.70,―,―,―,158.00,―,―,―,―,―
2026-03-29 00:31:09,6415,125.80,―,―,―,152.80,―,―,―,―,―
2026-03-29 00:31:09,6420,113.60,―,―,―,153.30,―,―,―,―,―
2026-03-29 00:31:09,6425,128.90,―,―,―,154.50,―,―,―,―,―
2026-03-29 00:31:09,6430,108.60,―,―,―,167.70,―,―,―,―,―
2026-03-29 00:31:09,6435,113.90,―,―,―,140.40,―,―,―,―,―
2026-03-29 00:31:09,6440,108.00,―,―,―,175.20,―,―,―,―,―
2026-03-29 00:31:09,6445,127.80,―,―,―,140.60,―,―,―,―,―
2026-03-29 00:31:09,6450,95.20,―,―,―,171.30,―,―,―,―,―
2026-03-29 00:31:09,6455,114.00,―,―,―,―,―,―,―,―,―
2026-03-29 00:31:09,6460,98.20,―,―,―,134.90,―,―,―,―,―
2026-03-29 00:31:09,6465,93.00,―,―,―,―,―,―,―,―,―
2026-03-29 00:31:09,6470,116.10,―,―,―,150.00,―,―,―,―,―
2026-03-29 00:31:09,6475,92.90,―,―,―,176.10,―,―,―,―,―
2026-03-29 00:31:09,6480,86.50,―,―,―,177.00,―,―,―,―,―
2026-03-29 00:31:09,6485,91.30,―,―,―,125.10,―,―,―,―,―
2026-03-29 00:31:09,6490,84.50,―,―,―,192.00,―,―,―,―,―
2026-03-29 00:31:09,6495,80.00,―,―,―,187.80,―,―,―,―,―
2026-03-29 00:31:09,6500,75.00,―,―,―,210.00,―,―,―,―,―
2026-03-29 00:31:09,6505,―,―,―,―,158.40,―,―,―,―,―
2026-03-29 00:31:09,6510,―,―,―,―,171.10,―,―,―,―,―
2026-03-29 00:31:09,6515,78.50,―,―,―,―,―,―,―,―,―
2026-03-29 00:31:09,6520,―,―,―,―,181.80,―,―,―,―,―
2026-03-29 00:31:09,6525,82.50,―,―,―,175.50,―,―,―,―,―
2026-03-29 00:31:09,6530,71.50,―,―,―,207.60,―,―,―,―,―
2026-03-29 00:31:09,6535,72.70,―,―,―,―,―,―,―,―,―
2026-03-29 00:31:09,6540,70.70,―,―,―,―,―,―,―,―,―
2026-03-29 00:31:09,6545,―,―,―,―,230.00,―,―,―,―,―
2026-03-29 00:31:09,6550,63.70,―,―,―,199.80,―,―,―,―,―
2026-03-29 00:31:09,6555,―,―,―,―,―,―,―,―,―,―
2026-03-29 00:31:09,6560,60.30,―,―,―,―,―,―,―,―,―
2026-03-29 00:31:09,6565,56.00,―,―,―,―,―,―,―,―,―
2026-03-29 00:31:09,6570,56.50,―,―,―,―,―,―,―,―,―
2026-03-29 00:31:09,6575,49.20,―,―,―,213.00,―,―,―,―,―
2026-03-29 00:31:24,6375,136.00,―,―,―,137.30,―,―,―,―,―
2026-03-29 00:31:24,6380,140.70,―,―,―,124.70,―,―,―,―,―
2026-03-29 00:31:24,6385,136.70,―,―,―,116.50,―,―,―,―,―
2026-03-29 00:31:24,6390,127.90,―,―,―,151.60,―,―,―,―,―
2026-03-29 00:31:24,6395,138.00,―,―,―,152.90,―,―,―,―,―
2026-03-29 00:31:24,6400,119.10,―,―,―,145.60,―,―,―,―,―
2026-03-29 00:31:24,6405,―,―,―,―,156.00,―,―,―,―,―
2026-03-29 00:31:24,6410,118.70,―,―,―,158.00,―,―,―,―,―
2026-03-29 00:31:24,6415,125.80,―,―,―,152.80,―,―,―,―,―
2026-03-29 00:31:24,6420,113.60,―,―,―,153.30,―,―,―,―,―
2026-03-29 00:31:24,6425,128.90,―,―,―,154.50,―,―,―,―,―
2026-03-29 00:31:24,6430,108.60,―,―,―,167.70,―,―,―,―,―
2026-03-29 00:31:24,6435,113.90,―,―,―,140.40,―,―,―,―,―
2026-03-29 00:31:24,6440,108.00,―,―,―,175.20,―,―,―,―,―
2026-03-29 00:31:24,6445,127.80,―,―,―,140.60,―,―,―,―,―
2026-03-29 00:31:24,6450,95.20,―,―,―,171.30,―,―,―,―,―
2026-03-29 00:31:24,6455,114.00,―,―,―,―,―,―,―,―,―
2026-03-29 00:31:24,6460,98.20,―,―,―,134.90,―,―,―,―,―
2026-03-29 00:31:24,6465,93.00,―,―,―,―,―,―,―,―,―
2026-03-29 00:31:24,6470,116.10,―,―,―,150.00,―,―,―,―,―
2026-03-29 00:31:24,6475,92.90,―,―,―,176.10,―,―,―,―,―
2026-03-29 00:31:24,6480,86.50,―,―,―,177.00,―,―,―,―,―
2026-03-29 00:31:24,6485,91.30,―,―,―,125.10,―,―,―,―,―
2026-03-29 00:31:24,6490,84.50,―,―,―,192.00,―,―,―,―,―
2026-03-29 00:31:24,6495,80.00,―,―,―,187.80,―,―,―,―,―
2026-03-29 00:31:24,6500,75.00,―,―,―,210.00,―,―,―,―,―
2026-03-29 00:31:24,6505,―,―,―,―,158.40,―,―,―,―,―
2026-03-29 00:31:24,6510,―,―,―,―,171.10,―,―,―,―,―
2026-03-29 00:31:24,6515,78.50,―,―,―,―,―,―,―,―,―
2026-03-29 00:31:24,6520,―,―,―,―,181.80,―,―,―,―,―
2026-03-29 00:31:24,6525,82.50,―,―,―,175.50,―,―,―,―,―
2026-03-29 00:31:24,6530,71.50,―,―,―,207.60,―,―,―,―,―
2026-03-29 00:31:24,6535,72.70,―,―,―,―,―,―,―,―,―
2026-03-29 00:31:24,6540,70.70,―,―,―,―,―,―,―,―,―
2026-03-29 00:31:24,6545,―,―,―,―,230.00,―,―,―,―,―
2026-03-29 00:31:24,6550,63.70,―,―,―,199.80,―,―,―,―,―
2026-03-29 00:31:24,6555,―,―,―,―,―,―,―,―,―,―
2026-03-29 00:31:24,6560,60.30,―,―,―,―,―,―,―,―,―
2026-03-29 00:31:24,6565,56.00,―,―,―,―,―,―,―,―,―
2026-03-29 00:31:24,6570,56.50,―,―,―,―,―,―,―,―,―
2026-03-29 00:31:24,6575,49.20,―,―,―,213.00,―,―,―,―,―
2026-03-29 00:31:39,6375,136.00,―,―,―,137.30,―,―,―,―,―
2026-03-29 00:31:39,6380,140.70,―,―,―,124.70,―,―,―,―,―
2026-03-29 00:31:39,6385,136.70,―,―,―,116.50,―,―,―,―,―
2026-03-29 00:31:39,6390,127.90,―,―,―,151.60,―,―,―,―,―
2026-03-29 00:31:39,6395,138.00,―,―,―,152.90,―,―,―,―,―
2026-03-29 00:31:39,6400,119.10,―,―,―,145.60,―,―,―,―,―
2026-03-29 00:31:39,6405,―,―,―,―,156.00,―,―,―,―,―
2026-03-29 00:31:39,6410,118.70,―,―,―,158.00,―,―,―,―,―
2026-03-29 00:31:39,6415,125.80,―,―,―,152.80,―,―,―,―,―
2026-03-29 00:31:39,6420,113.60,―,―,―,153.30,―,―,―,―,―
2026-03-29 00:31:39,6425,128.90,―,―,―,154.50,―,―,―,―,―
2026-03-29 00:31:39,6430,108.60,―,―,―,167.70,―,―,―,―,―
2026-03-29 00:31:39,6435,113.90,―,―,―,140.40,―,―,―,―,―
2026-03-29 00:31:39,6440,108.00,―,―,―,175.20,―,―,―,―,―
2026-03-29 00:31:39,6445,127.80,―,―,―,140.60,―,―,―,―,―
2026-03-29 00:31:39,6450,95.20,―,―,―,171.30,―,―,―,―,―
2026-03-29 00:31:39,6455,114.00,―,―,―,―,―,―,―,―,―
2026-03-29 00:31:39,6460,98.20,―,―,―,134.90,―,―,―,―,―
2026-03-29 00:31:39,6465,93.00,―,―,―,―,―,―,―,―,―
2026-03-29 00:31:39,6470,116.10,―,―,―,150.00,―,―,―,―,―
2026-03-29 00:31:39,6475,92.90,―,―,―,176.10,―,―,―,―,―
2026-03-29 00:31:39,6480,86.50,―,―,―,177.00,―,―,―,―,―
2026-03-29 00:31:39,6485,91.30,―,―,―,125.10,―,―,―,―,―
2026-03-29 00:31:39,6490,84.50,―,―,―,192.00,―,―,―,―,―
2026-03-29 00:31:39,6495,80.00,―,―,―,187.80,―,―,―,―,―
2026-03-29 00:31:39,6500,75.00,―,―,―,210.00,―,―,―,―,―
2026-03-29 00:31:39,6505,―,―,―,―,158.40,―,―,―,―,―
2026-03-29 00:31:39,6510,―,―,―,―,171.10,―,―,―,―,―
2026-03-29 00:31:39,6515,78.50,―,―,―,―,―,―,―,―,―
2026-03-29 00:31:39,6520,―,―,―,―,181.80,―,―,―,―,―
2026-03-29 00:31:39,6525,82.50,―,―,―,175.50,―,―,―,―,―
2026-03-29 00:31:39,6530,71.50,―,―,―,207.60,―,―,―,―,―
2026-03-29 00:31:39,6535,72.70,―,―,―,―,―,―,―,―,―
2026-03-29 00:31:39,6540,70.70,―,―,―,―,―,―,―,―,―
2026-03-29 00:31:39,6545,―,―,―,―,230.00,―,―,―,―,―
2026-03-29 00:31:39,6550,63.70,―,―,―,199.80,―,―,―,―,―
2026-03-29 00:31:39,6555,―,―,―,―,―,―,―,―,―,―
2026-03-29 00:31:39,6560,60.30,―,―,―,―,―,―,―,―,―
2026-03-29 00:31:39,6565,56.00,―,―,―,―,―,―,―,―,―
2026-03-29 00:31:39,6570,56.50,―,―,―,―,―,―,―,―,―
2026-03-29 00:31:39,6575,49.20,―,―,―,213.00,―,―,―,―,―
2026-03-29 00:31:54,6375,136.00,―,―,―,137.30,―,―,―,―,―
2026-03-29 00:31:54,6380,140.70,―,―,―,124.70,―,―,―,―,―
2026-03-29 00:31:54,6385,136.70,―,―,―,116.50,―,―,―,―,―
2026-03-29 00:31:54,6390,127.90,―,―,―,151.60,―,―,―,―,―
2026-03-29 00:31:54,6395,138.00,―,―,―,152.90,―,―,―,―,―
2026-03-29 00:31:54,6400,119.10,―,―,―,145.60,―,―,―,―,―
2026-03-29 00:31:54,6405,―,―,―,―,156.00,―,―,―,―,―
2026-03-29 00:31:54,6410,118.70,―,―,―,158.00,―,―,―,―,―
2026-03-29 00:31:54,6415,125.80,―,―,―,152.80,―,―,―,―,―
2026-03-29 00:31:54,6420,113.60,―,―,―,153.30,―,―,―,―,―
2026-03-29 00:31:54,6425,128.90,―,―,―,154.50,―,―,―,―,―
2026-03-29 00:31:54,6430,108.60,―,―,―,167.70,―,―,―,―,―
2026-03-29 00:31:54,6435,113.90,―,―,―,140.40,―,―,―,―,―
2026-03-29 00:31:54,6440,108.00,―,―,―,175.20,―,―,―,―,―
2026-03-29 00:31:54,6445,127.80,―,―,―,140.60,―,―,―,―,―
2026-03-29 00:31:54,6450,95.20,―,―,―,171.30,―,―,―,―,―
2026-03-29 00:31:54,6455,114.00,―,―,―,―,―,―,―,―,―
2026-03-29 00:31:54,6460,98.20,―,―,―,134.90,―,―,―,―,―
2026-03-29 00:31:54,6465,93.00,―,―,―,―,―,―,―,―,―
2026-03-29 00:31:54,6470,116.10,―,―,―,150.00,―,―,―,―,―
2026-03-29 00:31:54,6475,92.90,―,―,―,176.10,―,―,―,―,―
2026-03-29 00:31:54,6480,86.50,―,―,―,177.00,―,―,―,―,―
2026-03-29 00:31:54,6485,91.30,―,―,―,125.10,―,―,―,―,―
2026-03-29 00:31:54,6490,84.50,―,―,―,192.00,―,―,―,―,―
2026-03-29 00:31:54,6495,80.00,―,―,―,187.80,―,―,―,―,―
2026-03-29 00:31:54,6500,75.00,―,―,―,210.00,―,―,―,―,―
2026-03-29 00:31:54,6505,―,―,―,―,158.40,―,―,―,―,―
2026-03-29 00:31:54,6510,―,―,―,―,171.10,―,―,―,―,―
2026-03-29 00:31:54,6515,78.50,―,―,―,―,―,―,―,―,―
2026-03-29 00:31:54,6520,―,―,―,―,181.80,―,―,―,―,―
2026-03-29 00:31:54,6525,82.50,―,―,―,175.50,―,―,―,―,―
2026-03-29 00:31:54,6530,71.50,―,―,―,207.60,―,―,―,―,―
2026-03-29 00:31:54,6535,72.70,―,―,―,―,―,―,―,―,―
2026-03-29 00:31:54,6540,70.70,―,―,―,―,―,―,―,―,―
2026-03-29 00:31:54,6545,―,―,―,―,230.00,―,―,―,―,―
2026-03-29 00:31:54,6550,63.70,―,―,―,199.80,―,―,―,―,―
2026-03-29 00:31:54,6555,―,―,―,―,―,―,―,―,―,―
2026-03-29 00:31:54,6560,60.30,―,―,―,―,―,―,―,―,―
2026-03-29 00:31:54,6565,56.00,―,―,―,―,―,―,―,―,―
2026-03-29 00:31:54,6570,56.50,―,―,―,―,―,―,―,―,―
2026-03-29 00:31:54,6575,49.20,―,―,―,213.00,―,―,―,―,―
2026-03-29 00:32:09,6375,136.00,―,―,―,137.30,―,―,―,―,―
2026-03-29 00:32:09,6380,140.70,―,―,―,124.70,―,―,―,―,―
2026-03-29 00:32:09,6385,136.70,―,―,―,116.50,―,―,―,―,―
2026-03-29 00:32:09,6390,127.90,―,―,―,151.60,―,―,―,―,―
2026-03-29 00:32:09,6395,138.00,―,―,―,152.90,―,―,―,―,―
2026-03-29 00:32:09,6400,119.10,―,―,―,145.60,―,―,―,―,―
2026-03-29 00:32:09,6405,―,―,―,―,156.00,―,―,―,―,―
2026-03-29 00:32:09,6410,118.70,―,―,―,158.00,―,―,―,―,―
2026-03-29 00:32:09,6415,125.80,―,―,―,152.80,―,―,―,―,―
2026-03-29 00:32:09,6420,113.60,―,―,―,153.30,―,―,―,―,―
2026-03-29 00:32:09,6425,128.90,―,―,―,154.50,―,―,―,―,―
2026-03-29 00:32:09,6430,108.60,―,―,―,167.70,―,―,―,―,―
2026-03-29 00:32:09,6435,113.90,―,―,―,140.40,―,―,―,―,―
2026-03-29 00:32:09,6440,108.00,―,―,―,175.20,―,―,―,―,―
2026-03-29 00:32:09,6445,127.80,―,―,―,140.60,―,―,―,―,―
2026-03-29 00:32:09,6450,95.20,―,―,―,171.30,―,―,―,―,―
2026-03-29 00:32:09,6455,114.00,―,―,―,―,―,―,―,―,―
2026-03-29 00:32:09,6460,98.20,―,―,―,134.90,―,―,―,―,―
2026-03-29 00:32:09,6465,93.00,―,―,―,―,―,―,―,―,―
2026-03-29 00:32:09,6470,116.10,―,―,―,150.00,―,―,―,―,―
2026-03-29 00:32:09,6475,92.90,―,―,―,176.10,―,―,―,―,―
2026-03-29 00:32:09,6480,86.50,―,―,―,177.00,―,―,―,―,―
2026-03-29 00:32:09,6485,91.30,―,―,―,125.10,―,―,―,―,―
2026-03-29 00:32:09,6490,84.50,―,―,―,192.00,―,―,―,―,―
2026-03-29 00:32:09,6495,80.00,―,―,―,187.80,―,―,―,―,―
2026-03-29 00:32:09,6500,75.00,―,―,―,210.00,―,―,―,―,―
2026-03-29 00:32:09,6505,―,―,―,―,158.40,―,―,―,―,―
2026-03-29 00:32:09,6510,―,―,―,―,171.10,―,―,―,―,―
2026-03-29 00:32:09,6515,78.50,―,―,―,―,―,―,―,―,―
2026-03-29 00:32:09,6520,―,―,―,―,181.80,―,―,―,―,―
2026-03-29 00:32:09,6525,82.50,―,―,―,175.50,―,―,―,―,―
2026-03-29 00:32:09,6530,71.50,―,―,―,207.60,―,―,―,―,―
2026-03-29 00:32:09,6535,72.70,―,―,―,―,―,―,―,―,―
2026-03-29 00:32:09,6540,70.70,―,―,―,―,―,―,―,―,―
2026-03-29 00:32:09,6545,―,―,―,―,230.00,―,―,―,―,―
2026-03-29 00:32:09,6550,63.70,―,―,―,199.80,―,―,―,―,―
2026-03-29 00:32:09,6555,―,―,―,―,―,―,―,―,―,―
2026-03-29 00:32:09,6560,60.30,―,―,―,―,―,―,―,―,―
2026-03-29 00:32:09,6565,56.00,―,―,―,―,―,―,―,―,―
2026-03-29 00:32:09,6570,56.50,―,―,―,―,―,―,―,―,―
2026-03-29 00:32:09,6575,49.20,―,―,―,213.00,―,―,―,―,―
